"path","relative_path","file_name","bytes","sha256","generated_at_utc","upload_policy","non_claim_boundary"
"C:\Users\memo_\Documents\Codex\2026-07-04\noether-cjk-native-source-evidence\outputs\CJK_NATIVE_6034C6B4_FRONTIER_ADVANCE_SOURCE_USE_CODEPOINT_FABLE_20260707\ACTIVE_SESSION_STATE.md","outputs/CJK_NATIVE_6034C6B4_FRONTIER_ADVANCE_SOURCE_USE_CODEPOINT_FABLE_20260707/ACTIVE_SESSION_STATE.md","ACTIVE_SESSION_STATE.md","2293","AFDDF6BCE61643B5B322F57517CE8BF81FF44DBF4B3104D44C9ACD6D4251E956","2026-07-07T08:02:25Z","B3-uploader-ready; language lane does not push; no raw unverified source archive primary included","CJK native/source evidence, source-use, codepoint, and gap recovery only; no native review, accepted terminology, canonical approval, license clearance, gate promotion, source certification, final status, bridge/pilot, pan-CJK authority, Korean-school authority, public/native signoff, visual inventory, term spine, sign rendering, or translation completion claim."
"C:\Users\memo_\Documents\Codex\2026-07-04\noether-cjk-native-source-evidence\outputs\CJK_NATIVE_6034C6B4_FRONTIER_ADVANCE_SOURCE_USE_CODEPOINT_FABLE_20260707\CJK_NATIVE_6034C6B4_FRONTIER_ADVANCE_SOURCE_USE_CODEPOINT_FABLE_20260707_ACTUAL_SIBLING_WAKE_LEDGER.csv","outputs/CJK_NATIVE_6034C6B4_FRONTIER_ADVANCE_SOURCE_USE_CODEPOINT_FABLE_20260707/CJK_NATIVE_6034C6B4_FRONTIER_ADVANCE_SOURCE_USE_CODEPOINT_FABLE_20260707_ACTUAL_SIBLING_WAKE_LEDGER.csv","CJK_NATIVE_6034C6B4_FRONTIER_ADVANCE_SOURCE_USE_CODEPOINT_FABLE_20260707_ACTUAL_SIBLING_WAKE_LEDGER.csv","4104","83C155CE5C3A2C02FCA368E6A51E54431D74EDF49E533E4CEA20A86FC2CAA369","2026-07-07T08:02:25Z","B3-uploader-ready; language lane does not push; no raw unverified source archive primary included","CJK native/source evidence, source-use, codepoint, and gap recovery only; no native review, accepted terminology, canonical approval, license clearance, gate promotion, source certification, final status, bridge/pilot, pan-CJK authority, Korean-school authority, public/native signoff, visual inventory, term spine, sign rendering, or translation completion claim."
"C:\Users\memo_\Documents\Codex\2026-07-04\noether-cjk-native-source-evidence\outputs\CJK_NATIVE_6034C6B4_FRONTIER_ADVANCE_SOURCE_USE_CODEPOINT_FABLE_20260707\CJK_NATIVE_6034C6B4_FRONTIER_ADVANCE_SOURCE_USE_CODEPOINT_FABLE_20260707_B3_UPLOADER_READY_SUMMARY.csv","outputs/CJK_NATIVE_6034C6B4_FRONTIER_ADVANCE_SOURCE_USE_CODEPOINT_FABLE_20260707/CJK_NATIVE_6034C6B4_FRONTIER_ADVANCE_SOURCE_USE_CODEPOINT_FABLE_20260707_B3_UPLOADER_READY_SUMMARY.csv","CJK_NATIVE_6034C6B4_FRONTIER_ADVANCE_SOURCE_USE_CODEPOINT_FABLE_20260707_B3_UPLOADER_READY_SUMMARY.csv","1375","86E05E44DF67652460C3A5063D16479BAEC219982380C72CC3689B59FA7E33DF","2026-07-07T08:02:25Z","B3-uploader-ready; language lane does not push; no raw unverified source archive primary included","CJK native/source evidence, source-use, codepoint, and gap recovery only; no native review, accepted terminology, canonical approval, license clearance, gate promotion, source certification, final status, bridge/pilot, pan-CJK authority, Korean-school authority, public/native signoff, visual inventory, term spine, sign rendering, or translation completion claim."
"C:\Users\memo_\Documents\Codex\2026-07-04\noether-cjk-native-source-evidence\outputs\CJK_NATIVE_6034C6B4_FRONTIER_ADVANCE_SOURCE_USE_CODEPOINT_FABLE_20260707\CJK_NATIVE_6034C6B4_FRONTIER_ADVANCE_SOURCE_USE_CODEPOINT_FABLE_20260707_BRANCH_DELTA_19B2AB4B_TO_6034C6B4_ALL_PATHS.csv","outputs/CJK_NATIVE_6034C6B4_FRONTIER_ADVANCE_SOURCE_USE_CODEPOINT_FABLE_20260707/CJK_NATIVE_6034C6B4_FRONTIER_ADVANCE_SOURCE_USE_CODEPOINT_FABLE_20260707_BRANCH_DELTA_19B2AB4B_TO_6034C6B4_ALL_PATHS.csv","CJK_NATIVE_6034C6B4_FRONTIER_ADVANCE_SOURCE_USE_CODEPOINT_FABLE_20260707_BRANCH_DELTA_19B2AB4B_TO_6034C6B4_ALL_PATHS.csv","374459","33E546866A9A223E77B93988144D5B6D605B50E26C6A5F3B0FC97C71A13347C0","2026-07-07T08:02:25Z","B3-uploader-ready; language lane does not push; no raw unverified source archive primary included","CJK native/source evidence, source-use, codepoint, and gap recovery only; no native review, accepted terminology, canonical approval, license clearance, gate promotion, source certification, final status, bridge/pilot, pan-CJK authority, Korean-school authority, public/native signoff, visual inventory, term spine, sign rendering, or translation completion claim."
"C:\Users\memo_\Documents\Codex\2026-07-04\noether-cjk-native-source-evidence\outputs\CJK_NATIVE_6034C6B4_FRONTIER_ADVANCE_SOURCE_USE_CODEPOINT_FABLE_20260707\CJK_NATIVE_6034C6B4_FRONTIER_ADVANCE_SOURCE_USE_CODEPOINT_FABLE_20260707_BRANCH_DELTA_19B2AB4B_TO_6034C6B4_CJK_SIGNAL_PATHS.csv","outputs/CJK_NATIVE_6034C6B4_FRONTIER_ADVANCE_SOURCE_USE_CODEPOINT_FABLE_20260707/CJK_NATIVE_6034C6B4_FRONTIER_ADVANCE_SOURCE_USE_CODEPOINT_FABLE_20260707_BRANCH_DELTA_19B2AB4B_TO_6034C6B4_CJK_SIGNAL_PATHS.csv","CJK_NATIVE_6034C6B4_FRONTIER_ADVANCE_SOURCE_USE_CODEPOINT_FABLE_20260707_BRANCH_DELTA_19B2AB4B_TO_6034C6B4_CJK_SIGNAL_PATHS.csv","5666","475B0E65450E34B172409019905AFCD0228734C9EDE035925116E9F03A7201C0","2026-07-07T08:02:25Z","B3-uploader-ready; language lane does not push; no raw unverified source archive primary included","CJK native/source evidence, source-use, codepoint, and gap recovery only; no native review, accepted terminology, canonical approval, license clearance, gate promotion, source certification, final status, bridge/pilot, pan-CJK authority, Korean-school authority, public/native signoff, visual inventory, term spine, sign rendering, or translation completion claim."
"C:\Users\memo_\Documents\Codex\2026-07-04\noether-cjk-native-source-evidence\outputs\CJK_NATIVE_6034C6B4_FRONTIER_ADVANCE_SOURCE_USE_CODEPOINT_FABLE_20260707\CJK_NATIVE_6034C6B4_FRONTIER_ADVANCE_SOURCE_USE_CODEPOINT_FABLE_20260707_BRANCH_FRONTIER_RECONCILIATION.csv","outputs/CJK_NATIVE_6034C6B4_FRONTIER_ADVANCE_SOURCE_USE_CODEPOINT_FABLE_20260707/CJK_NATIVE_6034C6B4_FRONTIER_ADVANCE_SOURCE_USE_CODEPOINT_FABLE_20260707_BRANCH_FRONTIER_RECONCILIATION.csv","CJK_NATIVE_6034C6B4_FRONTIER_ADVANCE_SOURCE_USE_CODEPOINT_FABLE_20260707_BRANCH_FRONTIER_RECONCILIATION.csv","884","CC96D5FE9204E0C696A2D6B8FF3DCFC796BE0205F16CC50DDF76632194DECA1D","2026-07-07T08:02:25Z","B3-uploader-ready; language lane does not push; no raw unverified source archive primary included","CJK native/source evidence, source-use, codepoint, and gap recovery only; no native review, accepted terminology, canonical approval, license clearance, gate promotion, source certification, final status, bridge/pilot, pan-CJK authority, Korean-school authority, public/native signoff, visual inventory, term spine, sign rendering, or translation completion claim."
"C:\Users\memo_\Documents\Codex\2026-07-04\noether-cjk-native-source-evidence\outputs\CJK_NATIVE_6034C6B4_FRONTIER_ADVANCE_SOURCE_USE_CODEPOINT_FABLE_20260707\CJK_NATIVE_6034C6B4_FRONTIER_ADVANCE_SOURCE_USE_CODEPOINT_FABLE_20260707_BRANCH_VISIBLE_CJK_DRAFT_ROLLUP_SOURCE_USE_GAP_FABLE_ADVERSE_20260707.csv","outputs/CJK_NATIVE_6034C6B4_FRONTIER_ADVANCE_SOURCE_USE_CODEPOINT_FABLE_20260707/CJK_NATIVE_6034C6B4_FRONTIER_ADVANCE_SOURCE_USE_CODEPOINT_FABLE_20260707_BRANCH_VISIBLE_CJK_DRAFT_ROLLUP_SOURCE_USE_GAP_FABLE_ADVERSE_20260707.csv","CJK_NATIVE_6034C6B4_FRONTIER_ADVANCE_SOURCE_USE_CODEPOINT_FABLE_20260707_BRANCH_VISIBLE_CJK_DRAFT_ROLLUP_SOURCE_USE_GAP_FABLE_ADVERSE_20260707.csv","4789","B674A50F633392A0563B21622021EE81398DD2C802959F8CC19803B795DBEC2F","2026-07-07T08:02:25Z","B3-uploader-ready; language lane does not push; no raw unverified source archive primary included","CJK native/source evidence, source-use, codepoint, and gap recovery only; no native review, accepted terminology, canonical approval, license clearance, gate promotion, source certification, final status, bridge/pilot, pan-CJK authority, Korean-school authority, public/native signoff, visual inventory, term spine, sign rendering, or translation completion claim."
"C:\Users\memo_\Documents\Codex\2026-07-04\noether-cjk-native-source-evidence\outputs\CJK_NATIVE_6034C6B4_FRONTIER_ADVANCE_SOURCE_USE_CODEPOINT_FABLE_20260707\CJK_NATIVE_6034C6B4_FRONTIER_ADVANCE_SOURCE_USE_CODEPOINT_FABLE_20260707_BRANCH_VISIBLE_CJK_DRAFT_SIGNAL_CLASSIFICATION_20260707.csv","outputs/CJK_NATIVE_6034C6B4_FRONTIER_ADVANCE_SOURCE_USE_CODEPOINT_FABLE_20260707/CJK_NATIVE_6034C6B4_FRONTIER_ADVANCE_SOURCE_USE_CODEPOINT_FABLE_20260707_BRANCH_VISIBLE_CJK_DRAFT_SIGNAL_CLASSIFICATION_20260707.csv","CJK_NATIVE_6034C6B4_FRONTIER_ADVANCE_SOURCE_USE_CODEPOINT_FABLE_20260707_BRANCH_VISIBLE_CJK_DRAFT_SIGNAL_CLASSIFICATION_20260707.csv","7249","DB874AFE2AF562E634A74E88A221D91A79565963053522D3153AABF1EF73E328","2026-07-07T08:02:25Z","B3-uploader-ready; language lane does not push; no raw unverified source archive primary included","CJK native/source evidence, source-use, codepoint, and gap recovery only; no native review, accepted terminology, canonical approval, license clearance, gate promotion, source certification, final status, bridge/pilot, pan-CJK authority, Korean-school authority, public/native signoff, visual inventory, term spine, sign rendering, or translation completion claim."
"C:\Users\memo_\Documents\Codex\2026-07-04\noether-cjk-native-source-evidence\outputs\CJK_NATIVE_6034C6B4_FRONTIER_ADVANCE_SOURCE_USE_CODEPOINT_FABLE_20260707\CJK_NATIVE_6034C6B4_FRONTIER_ADVANCE_SOURCE_USE_CODEPOINT_FABLE_20260707_CJK_ROUTE_PACKET_CLASSIFICATION.csv","outputs/CJK_NATIVE_6034C6B4_FRONTIER_ADVANCE_SOURCE_USE_CODEPOINT_FABLE_20260707/CJK_NATIVE_6034C6B4_FRONTIER_ADVANCE_SOURCE_USE_CODEPOINT_FABLE_20260707_CJK_ROUTE_PACKET_CLASSIFICATION.csv","CJK_NATIVE_6034C6B4_FRONTIER_ADVANCE_SOURCE_USE_CODEPOINT_FABLE_20260707_CJK_ROUTE_PACKET_CLASSIFICATION.csv","8883","84CAFC47B338E46EE6E9B630CAD3189176656722C6EE669D614D4441501A741F","2026-07-07T08:02:25Z","B3-uploader-ready; language lane does not push; no raw unverified source archive primary included","CJK native/source evidence, source-use, codepoint, and gap recovery only; no native review, accepted terminology, canonical approval, license clearance, gate promotion, source certification, final status, bridge/pilot, pan-CJK authority, Korean-school authority, public/native signoff, visual inventory, term spine, sign rendering, or translation completion claim."
"C:\Users\memo_\Documents\Codex\2026-07-04\noether-cjk-native-source-evidence\outputs\CJK_NATIVE_6034C6B4_FRONTIER_ADVANCE_SOURCE_USE_CODEPOINT_FABLE_20260707\CJK_NATIVE_6034C6B4_FRONTIER_ADVANCE_SOURCE_USE_CODEPOINT_FABLE_20260707_CODEPOINT_GAP_CARRYFORWARD_ROWS.csv","outputs/CJK_NATIVE_6034C6B4_FRONTIER_ADVANCE_SOURCE_USE_CODEPOINT_FABLE_20260707/CJK_NATIVE_6034C6B4_FRONTIER_ADVANCE_SOURCE_USE_CODEPOINT_FABLE_20260707_CODEPOINT_GAP_CARRYFORWARD_ROWS.csv","CJK_NATIVE_6034C6B4_FRONTIER_ADVANCE_SOURCE_USE_CODEPOINT_FABLE_20260707_CODEPOINT_GAP_CARRYFORWARD_ROWS.csv","3618","534B8EAD505455C418D7F01B8EEB928F885E3A872A58059ABDEF3D7CFFC442AD","2026-07-07T08:02:25Z","B3-uploader-ready; language lane does not push; no raw unverified source archive primary included","CJK native/source evidence, source-use, codepoint, and gap recovery only; no native review, accepted terminology, canonical approval, license clearance, gate promotion, source certification, final status, bridge/pilot, pan-CJK authority, Korean-school authority, public/native signoff, visual inventory, term spine, sign rendering, or translation completion claim."
"C:\Users\memo_\Documents\Codex\2026-07-04\noether-cjk-native-source-evidence\outputs\CJK_NATIVE_6034C6B4_FRONTIER_ADVANCE_SOURCE_USE_CODEPOINT_FABLE_20260707\CJK_NATIVE_6034C6B4_FRONTIER_ADVANCE_SOURCE_USE_CODEPOINT_FABLE_20260707_CURRENT_BRANCH_LOG_TOP.csv","outputs/CJK_NATIVE_6034C6B4_FRONTIER_ADVANCE_SOURCE_USE_CODEPOINT_FABLE_20260707/CJK_NATIVE_6034C6B4_FRONTIER_ADVANCE_SOURCE_USE_CODEPOINT_FABLE_20260707_CURRENT_BRANCH_LOG_TOP.csv","CJK_NATIVE_6034C6B4_FRONTIER_ADVANCE_SOURCE_USE_CODEPOINT_FABLE_20260707_CURRENT_BRANCH_LOG_TOP.csv","4708","4D598D97A5A8E3125677E1DB285B95B1B653103B72FAED0C3D86CF90611AD233","2026-07-07T08:02:25Z","B3-uploader-ready; language lane does not push; no raw unverified source archive primary included","CJK native/source evidence, source-use, codepoint, and gap recovery only; no native review, accepted terminology, canonical approval, license clearance, gate promotion, source certification, final status, bridge/pilot, pan-CJK authority, Korean-school authority, public/native signoff, visual inventory, term spine, sign rendering, or translation completion claim."
"C:\Users\memo_\Documents\Codex\2026-07-04\noether-cjk-native-source-evidence\outputs\CJK_NATIVE_6034C6B4_FRONTIER_ADVANCE_SOURCE_USE_CODEPOINT_FABLE_20260707\CJK_NATIVE_6034C6B4_FRONTIER_ADVANCE_SOURCE_USE_CODEPOINT_FABLE_20260707_DELTA_COMMITS_19B2AB4B_TO_6034C6B4.csv","outputs/CJK_NATIVE_6034C6B4_FRONTIER_ADVANCE_SOURCE_USE_CODEPOINT_FABLE_20260707/CJK_NATIVE_6034C6B4_FRONTIER_ADVANCE_SOURCE_USE_CODEPOINT_FABLE_20260707_DELTA_COMMITS_19B2AB4B_TO_6034C6B4.csv","CJK_NATIVE_6034C6B4_FRONTIER_ADVANCE_SOURCE_USE_CODEPOINT_FABLE_20260707_DELTA_COMMITS_19B2AB4B_TO_6034C6B4.csv","573","3288E0A6F65015238A3584A1B48638CF75340EF67DEFA0DA9331C8819D45ECE3","2026-07-07T08:02:25Z","B3-uploader-ready; language lane does not push; no raw unverified source archive primary included","CJK native/source evidence, source-use, codepoint, and gap recovery only; no native review, accepted terminology, canonical approval, license clearance, gate promotion, source certification, final status, bridge/pilot, pan-CJK authority, Korean-school authority, public/native signoff, visual inventory, term spine, sign rendering, or translation completion claim."
"C:\Users\memo_\Documents\Codex\2026-07-04\noether-cjk-native-source-evidence\outputs\CJK_NATIVE_6034C6B4_FRONTIER_ADVANCE_SOURCE_USE_CODEPOINT_FABLE_20260707\CJK_NATIVE_6034C6B4_FRONTIER_ADVANCE_SOURCE_USE_CODEPOINT_FABLE_20260707_EXACT_BLOCKERS_AND_RECOVERY_ROWS.csv","outputs/CJK_NATIVE_6034C6B4_FRONTIER_ADVANCE_SOURCE_USE_CODEPOINT_FABLE_20260707/CJK_NATIVE_6034C6B4_FRONTIER_ADVANCE_SOURCE_USE_CODEPOINT_FABLE_20260707_EXACT_BLOCKERS_AND_RECOVERY_ROWS.csv","CJK_NATIVE_6034C6B4_FRONTIER_ADVANCE_SOURCE_USE_CODEPOINT_FABLE_20260707_EXACT_BLOCKERS_AND_RECOVERY_ROWS.csv","5722","D94D1C17E6A362808AC318DC0C3BE0D52C153FD0B3F062E60701593CE418F4E6","2026-07-07T08:02:25Z","B3-uploader-ready; language lane does not push; no raw unverified source archive primary included","CJK native/source evidence, source-use, codepoint, and gap recovery only; no native review, accepted terminology, canonical approval, license clearance, gate promotion, source certification, final status, bridge/pilot, pan-CJK authority, Korean-school authority, public/native signoff, visual inventory, term spine, sign rendering, or translation completion claim."
"C:\Users\memo_\Documents\Codex\2026-07-04\noether-cjk-native-source-evidence\outputs\CJK_NATIVE_6034C6B4_FRONTIER_ADVANCE_SOURCE_USE_CODEPOINT_FABLE_20260707\CJK_NATIVE_6034C6B4_FRONTIER_ADVANCE_SOURCE_USE_CODEPOINT_FABLE_20260707_HARDENED_HEARTBEAT_MUTUAL_WAKE_RULES.csv","outputs/CJK_NATIVE_6034C6B4_FRONTIER_ADVANCE_SOURCE_USE_CODEPOINT_FABLE_20260707/CJK_NATIVE_6034C6B4_FRONTIER_ADVANCE_SOURCE_USE_CODEPOINT_FABLE_20260707_HARDENED_HEARTBEAT_MUTUAL_WAKE_RULES.csv","CJK_NATIVE_6034C6B4_FRONTIER_ADVANCE_SOURCE_USE_CODEPOINT_FABLE_20260707_HARDENED_HEARTBEAT_MUTUAL_WAKE_RULES.csv","2113","E85632433523F27FF9AE2938CEA5BDD24C3718ED9DBF11E0ECC2B72ABFD580F1","2026-07-07T08:02:25Z","B3-uploader-ready; language lane does not push; no raw unverified source archive primary included","CJK native/source evidence, source-use, codepoint, and gap recovery only; no native review, accepted terminology, canonical approval, license clearance, gate promotion, source certification, final status, bridge/pilot, pan-CJK authority, Korean-school authority, public/native signoff, visual inventory, term spine, sign rendering, or translation completion claim."
"C:\Users\memo_\Documents\Codex\2026-07-04\noether-cjk-native-source-evidence\outputs\CJK_NATIVE_6034C6B4_FRONTIER_ADVANCE_SOURCE_USE_CODEPOINT_FABLE_20260707\CJK_NATIVE_6034C6B4_FRONTIER_ADVANCE_SOURCE_USE_CODEPOINT_FABLE_20260707_JA_ZH_SOURCE_BASELINE_CARRYFORWARD.csv","outputs/CJK_NATIVE_6034C6B4_FRONTIER_ADVANCE_SOURCE_USE_CODEPOINT_FABLE_20260707/CJK_NATIVE_6034C6B4_FRONTIER_ADVANCE_SOURCE_USE_CODEPOINT_FABLE_20260707_JA_ZH_SOURCE_BASELINE_CARRYFORWARD.csv","CJK_NATIVE_6034C6B4_FRONTIER_ADVANCE_SOURCE_USE_CODEPOINT_FABLE_20260707_JA_ZH_SOURCE_BASELINE_CARRYFORWARD.csv","2","7EB70257593DA06F682A3DDDA54A9D260D4FC514F645237F5CA74B08F8DA61A6","2026-07-07T08:02:25Z","B3-uploader-ready; language lane does not push; no raw unverified source archive primary included","CJK native/source evidence, source-use, codepoint, and gap recovery only; no native review, accepted terminology, canonical approval, license clearance, gate promotion, source certification, final status, bridge/pilot, pan-CJK authority, Korean-school authority, public/native signoff, visual inventory, term spine, sign rendering, or translation completion claim."
"C:\Users\memo_\Documents\Codex\2026-07-04\noether-cjk-native-source-evidence\outputs\CJK_NATIVE_6034C6B4_FRONTIER_ADVANCE_SOURCE_USE_CODEPOINT_FABLE_20260707\CJK_NATIVE_6034C6B4_FRONTIER_ADVANCE_SOURCE_USE_CODEPOINT_FABLE_20260707_PERSIANATE_TAJIK_SIBLING_RECEIPT_SOURCE_USE_GAP_20260707.csv","outputs/CJK_NATIVE_6034C6B4_FRONTIER_ADVANCE_SOURCE_USE_CODEPOINT_FABLE_20260707/CJK_NATIVE_6034C6B4_FRONTIER_ADVANCE_SOURCE_USE_CODEPOINT_FABLE_20260707_PERSIANATE_TAJIK_SIBLING_RECEIPT_SOURCE_USE_GAP_20260707.csv","CJK_NATIVE_6034C6B4_FRONTIER_ADVANCE_SOURCE_USE_CODEPOINT_FABLE_20260707_PERSIANATE_TAJIK_SIBLING_RECEIPT_SOURCE_USE_GAP_20260707.csv","2088","633D49AEE3751D98A25C65A07004AB6F705452024F5330F7A0D78CA65AE949EB","2026-07-07T08:02:25Z","B3-uploader-ready; language lane does not push; no raw unverified source archive primary included","CJK native/source evidence, source-use, codepoint, and gap recovery only; no native review, accepted terminology, canonical approval, license clearance, gate promotion, source certification, final status, bridge/pilot, pan-CJK authority, Korean-school authority, public/native signoff, visual inventory, term spine, sign rendering, or translation completion claim."
"C:\Users\memo_\Documents\Codex\2026-07-04\noether-cjk-native-source-evidence\outputs\CJK_NATIVE_6034C6B4_FRONTIER_ADVANCE_SOURCE_USE_CODEPOINT_FABLE_20260707\CJK_NATIVE_6034C6B4_FRONTIER_ADVANCE_SOURCE_USE_CODEPOINT_FABLE_20260707_SAME_FRONTIER_ECHO_DEDUP_ROWS_20260707.csv","outputs/CJK_NATIVE_6034C6B4_FRONTIER_ADVANCE_SOURCE_USE_CODEPOINT_FABLE_20260707/CJK_NATIVE_6034C6B4_FRONTIER_ADVANCE_SOURCE_USE_CODEPOINT_FABLE_20260707_SAME_FRONTIER_ECHO_DEDUP_ROWS_20260707.csv","CJK_NATIVE_6034C6B4_FRONTIER_ADVANCE_SOURCE_USE_CODEPOINT_FABLE_20260707_SAME_FRONTIER_ECHO_DEDUP_ROWS_20260707.csv","874","86E5539EBF8B7E01D81C1118AAF1AFC0FD8B9E472F1321DEE291FB234A6053FB","2026-07-07T08:02:25Z","B3-uploader-ready; language lane does not push; no raw unverified source archive primary included","CJK native/source evidence, source-use, codepoint, and gap recovery only; no native review, accepted terminology, canonical approval, license clearance, gate promotion, source certification, final status, bridge/pilot, pan-CJK authority, Korean-school authority, public/native signoff, visual inventory, term spine, sign rendering, or translation completion claim."
"C:\Users\memo_\Documents\Codex\2026-07-04\noether-cjk-native-source-evidence\outputs\CJK_NATIVE_6034C6B4_FRONTIER_ADVANCE_SOURCE_USE_CODEPOINT_FABLE_20260707\CJK_NATIVE_6034C6B4_FRONTIER_ADVANCE_SOURCE_USE_CODEPOINT_FABLE_20260707_SOURCE_USE_FABLE_ADVERSE_POINTERS.csv","outputs/CJK_NATIVE_6034C6B4_FRONTIER_ADVANCE_SOURCE_USE_CODEPOINT_FABLE_20260707/CJK_NATIVE_6034C6B4_FRONTIER_ADVANCE_SOURCE_USE_CODEPOINT_FABLE_20260707_SOURCE_USE_FABLE_ADVERSE_POINTERS.csv","CJK_NATIVE_6034C6B4_FRONTIER_ADVANCE_SOURCE_USE_CODEPOINT_FABLE_20260707_SOURCE_USE_FABLE_ADVERSE_POINTERS.csv","8573","45044472809137EA938D31A0F63C306C652537785BD945BD5B17E1196F0EE8EE","2026-07-07T08:02:25Z","B3-uploader-ready; language lane does not push; no raw unverified source archive primary included","CJK native/source evidence, source-use, codepoint, and gap recovery only; no native review, accepted terminology, canonical approval, license clearance, gate promotion, source certification, final status, bridge/pilot, pan-CJK authority, Korean-school authority, public/native signoff, visual inventory, term spine, sign rendering, or translation completion claim."
"C:\Users\memo_\Documents\Codex\2026-07-04\noether-cjk-native-source-evidence\outputs\CJK_NATIVE_6034C6B4_FRONTIER_ADVANCE_SOURCE_USE_CODEPOINT_FABLE_20260707\CJK_NATIVE_6034C6B4_FRONTIER_ADVANCE_SOURCE_USE_CODEPOINT_FABLE_20260707_SUMMARY.json","outputs/CJK_NATIVE_6034C6B4_FRONTIER_ADVANCE_SOURCE_USE_CODEPOINT_FABLE_20260707/CJK_NATIVE_6034C6B4_FRONTIER_ADVANCE_SOURCE_USE_CODEPOINT_FABLE_20260707_SUMMARY.json","CJK_NATIVE_6034C6B4_FRONTIER_ADVANCE_SOURCE_USE_CODEPOINT_FABLE_20260707_SUMMARY.json","3512","6ED65389C2A63CD886B87418111E4DD15BC939639AF0940EC56CE112F4C0F375","2026-07-07T08:02:25Z","B3-uploader-ready; language lane does not push; no raw unverified source archive primary included","CJK native/source evidence, source-use, codepoint, and gap recovery only; no native review, accepted terminology, canonical approval, license clearance, gate promotion, source certification, final status, bridge/pilot, pan-CJK authority, Korean-school authority, public/native signoff, visual inventory, term spine, sign rendering, or translation completion claim."
"C:\Users\memo_\Documents\Codex\2026-07-04\noether-cjk-native-source-evidence\outputs\CJK_NATIVE_6034C6B4_FRONTIER_ADVANCE_SOURCE_USE_CODEPOINT_FABLE_20260707\CJK_NATIVE_6034C6B4_FRONTIER_ADVANCE_SOURCE_USE_CODEPOINT_FABLE_20260707_VERIFICATION.csv","outputs/CJK_NATIVE_6034C6B4_FRONTIER_ADVANCE_SOURCE_USE_CODEPOINT_FABLE_20260707/CJK_NATIVE_6034C6B4_FRONTIER_ADVANCE_SOURCE_USE_CODEPOINT_FABLE_20260707_VERIFICATION.csv","CJK_NATIVE_6034C6B4_FRONTIER_ADVANCE_SOURCE_USE_CODEPOINT_FABLE_20260707_VERIFICATION.csv","551","9EF5CBF7F9206B61A0563DBC8E59668B92F666D5524CD2EB3795FE6473DFA679","2026-07-07T08:02:25Z","B3-uploader-ready; language lane does not push; no raw unverified source archive primary included","CJK native/source evidence, source-use, codepoint, and gap recovery only; no native review, accepted terminology, canonical approval, license clearance, gate promotion, source certification, final status, bridge/pilot, pan-CJK authority, Korean-school authority, public/native signoff, visual inventory, term spine, sign rendering, or translation completion claim."
"C:\Users\memo_\Documents\Codex\2026-07-04\noether-cjk-native-source-evidence\outputs\CJK_NATIVE_6034C6B4_FRONTIER_ADVANCE_SOURCE_USE_CODEPOINT_FABLE_20260707\CJK_NATIVE_6034C6B4_FRONTIER_ADVANCE_SOURCE_USE_CODEPOINT_FABLE_20260707_VISIBLE_SIBLING_WAKE_LEDGER.csv","outputs/CJK_NATIVE_6034C6B4_FRONTIER_ADVANCE_SOURCE_USE_CODEPOINT_FABLE_20260707/CJK_NATIVE_6034C6B4_FRONTIER_ADVANCE_SOURCE_USE_CODEPOINT_FABLE_20260707_VISIBLE_SIBLING_WAKE_LEDGER.csv","CJK_NATIVE_6034C6B4_FRONTIER_ADVANCE_SOURCE_USE_CODEPOINT_FABLE_20260707_VISIBLE_SIBLING_WAKE_LEDGER.csv","9333","0653772C8B49AAE3A58EFAC8575EB3B71B22FB93503484B5013A65FE7EDDC43B","2026-07-07T08:02:25Z","B3-uploader-ready; language lane does not push; no raw unverified source archive primary included","CJK native/source evidence, source-use, codepoint, and gap recovery only; no native review, accepted terminology, canonical approval, license clearance, gate promotion, source certification, final status, bridge/pilot, pan-CJK authority, Korean-school authority, public/native signoff, visual inventory, term spine, sign rendering, or translation completion claim."
"C:\Users\memo_\Documents\Codex\2026-07-04\noether-cjk-native-source-evidence\outputs\CJK_NATIVE_6034C6B4_FRONTIER_ADVANCE_SOURCE_USE_CODEPOINT_FABLE_20260707\CJK_NATIVE_6034C6B4_FRONTIER_ADVANCE_SOURCE_USE_CODEPOINT_FABLE_20260707_WAKE_FRONTIER_RECONCILIATION_20260707.csv","outputs/CJK_NATIVE_6034C6B4_FRONTIER_ADVANCE_SOURCE_USE_CODEPOINT_FABLE_20260707/CJK_NATIVE_6034C6B4_FRONTIER_ADVANCE_SOURCE_USE_CODEPOINT_FABLE_20260707_WAKE_FRONTIER_RECONCILIATION_20260707.csv","CJK_NATIVE_6034C6B4_FRONTIER_ADVANCE_SOURCE_USE_CODEPOINT_FABLE_20260707_WAKE_FRONTIER_RECONCILIATION_20260707.csv","2985","C6349776EB9BB8B55C9B0C80C2141C33AFA87CD248197B72D845854AC73CF143","2026-07-07T08:02:25Z","B3-uploader-ready; language lane does not push; no raw unverified source archive primary included","CJK native/source evidence, source-use, codepoint, and gap recovery only; no native review, accepted terminology, canonical approval, license clearance, gate promotion, source certification, final status, bridge/pilot, pan-CJK authority, Korean-school authority, public/native signoff, visual inventory, term spine, sign rendering, or translation completion claim."
"C:\Users\memo_\Documents\Codex\2026-07-04\noether-cjk-native-source-evidence\outputs\CJK_NATIVE_6034C6B4_FRONTIER_ADVANCE_SOURCE_USE_CODEPOINT_FABLE_20260707\HEARTBEAT_20260706.md","outputs/CJK_NATIVE_6034C6B4_FRONTIER_ADVANCE_SOURCE_USE_CODEPOINT_FABLE_20260707/HEARTBEAT_20260706.md","HEARTBEAT_20260706.md","1962","0D04655C9310986B9763A80C9223D267221D2B5401CBAB77A2C98F42D10FBCA3","2026-07-07T08:02:25Z","B3-uploader-ready; language lane does not push; no raw unverified source archive primary included","CJK native/source evidence, source-use, codepoint, and gap recovery only; no native review, accepted terminology, canonical approval, license clearance, gate promotion, source certification, final status, bridge/pilot, pan-CJK authority, Korean-school authority, public/native signoff, visual inventory, term spine, sign rendering, or translation completion claim."
"C:\Users\memo_\Documents\Codex\2026-07-04\noether-cjk-native-source-evidence\outputs\CJK_NATIVE_6034C6B4_FRONTIER_ADVANCE_SOURCE_USE_CODEPOINT_FABLE_20260707\README.md","outputs/CJK_NATIVE_6034C6B4_FRONTIER_ADVANCE_SOURCE_USE_CODEPOINT_FABLE_20260707/README.md","README.md","2906","EC79736979E1892AAC5D01FDF88FBB7D9F7F181AC9037E86DDACC511456EEA8F","2026-07-07T08:02:25Z","B3-uploader-ready; language lane does not push; no raw unverified source archive primary included","CJK native/source evidence, source-use, codepoint, and gap recovery only; no native review, accepted terminology, canonical approval, license clearance, gate promotion, source certification, final status, bridge/pilot, pan-CJK authority, Korean-school authority, public/native signoff, visual inventory, term spine, sign rendering, or translation completion claim."
"C:\Users\memo_\Documents\Codex\2026-07-04\noether-cjk-native-source-evidence\outputs\CJK_NATIVE_6034C6B4_FRONTIER_ADVANCE_SOURCE_USE_CODEPOINT_FABLE_20260707\SESSION_LOGBOOK_20260706.md","outputs/CJK_NATIVE_6034C6B4_FRONTIER_ADVANCE_SOURCE_USE_CODEPOINT_FABLE_20260707/SESSION_LOGBOOK_20260706.md","SESSION_LOGBOOK_20260706.md","1489","E9EC65CFE8CF6BD47414C4918FDB35652A7E79F2927D95B8C84928738ABB86A0","2026-07-07T08:02:25Z","B3-uploader-ready; language lane does not push; no raw unverified source archive primary included","CJK native/source evidence, source-use, codepoint, and gap recovery only; no native review, accepted terminology, canonical approval, license clearance, gate promotion, source certification, final status, bridge/pilot, pan-CJK authority, Korean-school authority, public/native signoff, visual inventory, term spine, sign rendering, or translation completion claim."
