b3_action,claim_boundary,frontier,generated_utc,handoff_type,path
"package/upload as source-use authority evidence, not approval",source-use/provenance/gap/draft/non-canonical support only; no community-consent/review/approval/license/gate/source-certification/final/bridge-pilot/translation-completion claims,4065f6a4b22c625356e2fd080167c5c5d03b0a00,2026-07-07T04:50:32Z,ledger,C:\Users\memo_\Documents\Codex\2026-07-04\noether-interlanguage-method-authority\outputs\INTERLANGUAGE_FABLE_4065F6A4_CURRENT_FRONTIER_AUTHORITY_ROUTING_20260707\BRANCH_CHANGED_PATHS_18BBB185_TO_4065F6A4.csv
"package/upload as source-use authority evidence, not approval",source-use/provenance/gap/draft/non-canonical support only; no community-consent/review/approval/license/gate/source-certification/final/bridge-pilot/translation-completion claims,4065f6a4b22c625356e2fd080167c5c5d03b0a00,2026-07-07T04:50:32Z,ledger,C:\Users\memo_\Documents\Codex\2026-07-04\noether-interlanguage-method-authority\outputs\INTERLANGUAGE_FABLE_4065F6A4_CURRENT_FRONTIER_AUTHORITY_ROUTING_20260707\BRANCH_COMMITS_18BBB185_TO_4065F6A4.csv
"package/upload as source-use authority evidence, not approval",source-use/provenance/gap/draft/non-canonical support only; no community-consent/review/approval/license/gate/source-certification/final/bridge-pilot/translation-completion claims,4065f6a4b22c625356e2fd080167c5c5d03b0a00,2026-07-07T04:50:32Z,ledger,C:\Users\memo_\Documents\Codex\2026-07-04\noether-interlanguage-method-authority\outputs\INTERLANGUAGE_FABLE_4065F6A4_CURRENT_FRONTIER_AUTHORITY_ROUTING_20260707\GIT_OBJECT_EXTRACTED_BRANCH_ARTIFACTS_4065F6A4.csv
"package/upload as source-use authority evidence, not approval",source-use/provenance/gap/draft/non-canonical support only; no community-consent/review/approval/license/gate/source-certification/final/bridge-pilot/translation-completion claims,4065f6a4b22c625356e2fd080167c5c5d03b0a00,2026-07-07T04:50:32Z,ledger,C:\Users\memo_\Documents\Codex\2026-07-04\noether-interlanguage-method-authority\outputs\INTERLANGUAGE_FABLE_4065F6A4_CURRENT_FRONTIER_AUTHORITY_ROUTING_20260707\GIT_OBJECT_EXTRACTION_FAILURES_4065F6A4.csv
"package/upload as source-use authority evidence, not approval",source-use/provenance/gap/draft/non-canonical support only; no community-consent/review/approval/license/gate/source-certification/final/bridge-pilot/translation-completion claims,4065f6a4b22c625356e2fd080167c5c5d03b0a00,2026-07-07T04:50:32Z,ledger,C:\Users\memo_\Documents\Codex\2026-07-04\noether-interlanguage-method-authority\outputs\INTERLANGUAGE_FABLE_4065F6A4_CURRENT_FRONTIER_AUTHORITY_ROUTING_20260707\PAYLOAD_GROUP_COUNTS_4065F6A4.csv
"package/upload as source-use authority evidence, not approval",source-use/provenance/gap/draft/non-canonical support only; no community-consent/review/approval/license/gate/source-certification/final/bridge-pilot/translation-completion claims,4065f6a4b22c625356e2fd080167c5c5d03b0a00,2026-07-07T04:50:32Z,ledger,C:\Users\memo_\Documents\Codex\2026-07-04\noether-interlanguage-method-authority\outputs\INTERLANGUAGE_FABLE_4065F6A4_CURRENT_FRONTIER_AUTHORITY_ROUTING_20260707\SOURCE_USE_ADVERSE_COVERAGE_LEDGER_4065F6A4.csv
"package/upload as source-use authority evidence, not approval",source-use/provenance/gap/draft/non-canonical support only; no community-consent/review/approval/license/gate/source-certification/final/bridge-pilot/translation-completion claims,4065f6a4b22c625356e2fd080167c5c5d03b0a00,2026-07-07T04:50:32Z,ledger,C:\Users\memo_\Documents\Codex\2026-07-04\noether-interlanguage-method-authority\outputs\INTERLANGUAGE_FABLE_4065F6A4_CURRENT_FRONTIER_AUTHORITY_ROUTING_20260707\BRANCH_WEIGHTING_LEDGER_4065F6A4.csv
"package/upload as source-use authority evidence, not approval",source-use/provenance/gap/draft/non-canonical support only; no community-consent/review/approval/license/gate/source-certification/final/bridge-pilot/translation-completion claims,4065f6a4b22c625356e2fd080167c5c5d03b0a00,2026-07-07T04:50:32Z,ledger,C:\Users\memo_\Documents\Codex\2026-07-04\noether-interlanguage-method-authority\outputs\INTERLANGUAGE_FABLE_4065F6A4_CURRENT_FRONTIER_AUTHORITY_ROUTING_20260707\MARGINAL_INTELLIGIBILITY_LEDGER_4065F6A4.csv
"package/upload as source-use authority evidence, not approval",source-use/provenance/gap/draft/non-canonical support only; no community-consent/review/approval/license/gate/source-certification/final/bridge-pilot/translation-completion claims,4065f6a4b22c625356e2fd080167c5c5d03b0a00,2026-07-07T04:50:32Z,ledger,C:\Users\memo_\Documents\Codex\2026-07-04\noether-interlanguage-method-authority\outputs\INTERLANGUAGE_FABLE_4065F6A4_CURRENT_FRONTIER_AUTHORITY_ROUTING_20260707\NORMALIZATION_MARKER_TABLE_LEDGER_4065F6A4.csv
"package/upload as source-use authority evidence, not approval",source-use/provenance/gap/draft/non-canonical support only; no community-consent/review/approval/license/gate/source-certification/final/bridge-pilot/translation-completion claims,4065f6a4b22c625356e2fd080167c5c5d03b0a00,2026-07-07T04:50:32Z,ledger,C:\Users\memo_\Documents\Codex\2026-07-04\noether-interlanguage-method-authority\outputs\INTERLANGUAGE_FABLE_4065F6A4_CURRENT_FRONTIER_AUTHORITY_ROUTING_20260707\DO_NOT_USE_LEDGER_4065F6A4.csv
"package/upload as source-use authority evidence, not approval",source-use/provenance/gap/draft/non-canonical support only; no community-consent/review/approval/license/gate/source-certification/final/bridge-pilot/translation-completion claims,4065f6a4b22c625356e2fd080167c5c5d03b0a00,2026-07-07T04:50:32Z,ledger,C:\Users\memo_\Documents\Codex\2026-07-04\noether-interlanguage-method-authority\outputs\INTERLANGUAGE_FABLE_4065F6A4_CURRENT_FRONTIER_AUTHORITY_ROUTING_20260707\INTERSLAVIC_CORRECTION_LEDGER_4065F6A4.csv
"package/upload as source-use authority evidence, not approval",source-use/provenance/gap/draft/non-canonical support only; no community-consent/review/approval/license/gate/source-certification/final/bridge-pilot/translation-completion claims,4065f6a4b22c625356e2fd080167c5c5d03b0a00,2026-07-07T04:50:32Z,ledger,C:\Users\memo_\Documents\Codex\2026-07-04\noether-interlanguage-method-authority\outputs\INTERLANGUAGE_FABLE_4065F6A4_CURRENT_FRONTIER_AUTHORITY_ROUTING_20260707\AUTHORITY_ETHICS_BOUNDARY_LEDGER_4065F6A4.csv
"package/upload as source-use authority evidence, not approval",source-use/provenance/gap/draft/non-canonical support only; no community-consent/review/approval/license/gate/source-certification/final/bridge-pilot/translation-completion claims,4065f6a4b22c625356e2fd080167c5c5d03b0a00,2026-07-07T04:50:32Z,ledger,C:\Users\memo_\Documents\Codex\2026-07-04\noether-interlanguage-method-authority\outputs\INTERLANGUAGE_FABLE_4065F6A4_CURRENT_FRONTIER_AUTHORITY_ROUTING_20260707\BLOCKER_RECOVERY_SURFACE_LEDGER_4065F6A4.csv
"package/upload as source-use authority evidence, not approval",source-use/provenance/gap/draft/non-canonical support only; no community-consent/review/approval/license/gate/source-certification/final/bridge-pilot/translation-completion claims,4065f6a4b22c625356e2fd080167c5c5d03b0a00,2026-07-07T04:50:32Z,ledger,C:\Users\memo_\Documents\Codex\2026-07-04\noether-interlanguage-method-authority\outputs\INTERLANGUAGE_FABLE_4065F6A4_CURRENT_FRONTIER_AUTHORITY_ROUTING_20260707\B3_VISIBLE_PRIOR_AUTHORITY_ROOTS_4065F6A4.csv
"package/upload as source-use authority evidence, not approval",source-use/provenance/gap/draft/non-canonical support only; no community-consent/review/approval/license/gate/source-certification/final/bridge-pilot/translation-completion claims,4065f6a4b22c625356e2fd080167c5c5d03b0a00,2026-07-07T04:50:32Z,ledger,C:\Users\memo_\Documents\Codex\2026-07-04\noether-interlanguage-method-authority\outputs\INTERLANGUAGE_FABLE_4065F6A4_CURRENT_FRONTIER_AUTHORITY_ROUTING_20260707\SIBLING_WAKE_LEDGER_4065F6A4.csv
"package/upload as source-use authority evidence, not approval",source-use/provenance/gap/draft/non-canonical support only; no community-consent/review/approval/license/gate/source-certification/final/bridge-pilot/translation-completion claims,4065f6a4b22c625356e2fd080167c5c5d03b0a00,2026-07-07T04:50:32Z,ledger,C:\Users\memo_\Documents\Codex\2026-07-04\noether-interlanguage-method-authority\outputs\INTERLANGUAGE_FABLE_4065F6A4_CURRENT_FRONTIER_AUTHORITY_ROUTING_20260707\CURRENT_FRONTIER_VERIFICATION_4065F6A4.csv
retain object-id body copy with ledger row,source-use/provenance/gap/draft/non-canonical support only; no community-consent/review/approval/license/gate/source-certification/final/bridge-pilot/translation-completion claims,4065f6a4b22c625356e2fd080167c5c5d03b0a00,2026-07-07T04:50:32Z,source_body,C:\Users\memo_\Documents\Codex\2026-07-04\noether-interlanguage-method-authority\outputs\INTERLANGUAGE_FABLE_4065F6A4_CURRENT_FRONTIER_AUTHORITY_ROUTING_20260707\source_artifacts\0001_4877e29118_B3_AND_INTERLANGUAGE_HANDOFF_SENT_18BBB185.md
retain object-id body copy with ledger row,source-use/provenance/gap/draft/non-canonical support only; no community-consent/review/approval/license/gate/source-certification/final/bridge-pilot/translation-completion claims,4065f6a4b22c625356e2fd080167c5c5d03b0a00,2026-07-07T04:50:32Z,source_body,C:\Users\memo_\Documents\Codex\2026-07-04\noether-interlanguage-method-authority\outputs\INTERLANGUAGE_FABLE_4065F6A4_CURRENT_FRONTIER_AUTHORITY_ROUTING_20260707\source_artifacts\0002_776acc8215_BRANCH_COMPARE_COMMITS_A55A9D0F_TO_18BBB185.csv
retain object-id body copy with ledger row,source-use/provenance/gap/draft/non-canonical support only; no community-consent/review/approval/license/gate/source-certification/final/bridge-pilot/translation-completion claims,4065f6a4b22c625356e2fd080167c5c5d03b0a00,2026-07-07T04:50:32Z,source_body,C:\Users\memo_\Documents\Codex\2026-07-04\noether-interlanguage-method-authority\outputs\INTERLANGUAGE_FABLE_4065F6A4_CURRENT_FRONTIER_AUTHORITY_ROUTING_20260707\source_artifacts\0003_e3437ba712_BRANCH_COMPARE_FILES_A55A9D0F_TO_18BBB185.csv
retain object-id body copy with ledger row,source-use/provenance/gap/draft/non-canonical support only; no community-consent/review/approval/license/gate/source-certification/final/bridge-pilot/translation-completion claims,4065f6a4b22c625356e2fd080167c5c5d03b0a00,2026-07-07T04:50:32Z,source_body,C:\Users\memo_\Documents\Codex\2026-07-04\noether-interlanguage-method-authority\outputs\INTERLANGUAGE_FABLE_4065F6A4_CURRENT_FRONTIER_AUTHORITY_ROUTING_20260707\source_artifacts\0004_e196016867_BRANCH_COMPARE_SUMMARY_18BBB185.csv
retain object-id body copy with ledger row,source-use/provenance/gap/draft/non-canonical support only; no community-consent/review/approval/license/gate/source-certification/final/bridge-pilot/translation-completion claims,4065f6a4b22c625356e2fd080167c5c5d03b0a00,2026-07-07T04:50:32Z,source_body,C:\Users\memo_\Documents\Codex\2026-07-04\noether-interlanguage-method-authority\outputs\INTERLANGUAGE_FABLE_4065F6A4_CURRENT_FRONTIER_AUTHORITY_ROUTING_20260707\source_artifacts\0005_70bd8bb8fa_CHILD_PACKET_INVENTORY_18BBB185.csv
retain object-id body copy with ledger row,source-use/provenance/gap/draft/non-canonical support only; no community-consent/review/approval/license/gate/source-certification/final/bridge-pilot/translation-completion claims,4065f6a4b22c625356e2fd080167c5c5d03b0a00,2026-07-07T04:50:32Z,source_body,C:\Users\memo_\Documents\Codex\2026-07-04\noether-interlanguage-method-authority\outputs\INTERLANGUAGE_FABLE_4065F6A4_CURRENT_FRONTIER_AUTHORITY_ROUTING_20260707\source_artifacts\0006_e4c63c7133_EIGHT_LANE_ROUTE_STATUS_ROWS_18BBB185.csv
retain object-id body copy with ledger row,source-use/provenance/gap/draft/non-canonical support only; no community-consent/review/approval/license/gate/source-certification/final/bridge-pilot/translation-completion claims,4065f6a4b22c625356e2fd080167c5c5d03b0a00,2026-07-07T04:50:32Z,source_body,C:\Users\memo_\Documents\Codex\2026-07-04\noether-interlanguage-method-authority\outputs\INTERLANGUAGE_FABLE_4065F6A4_CURRENT_FRONTIER_AUTHORITY_ROUTING_20260707\source_artifacts\0007_9d65b8bf8f_EXACT_BLOCKER_RECOVERY_ROWS_18BBB185.csv
retain object-id body copy with ledger row,source-use/provenance/gap/draft/non-canonical support only; no community-consent/review/approval/license/gate/source-certification/final/bridge-pilot/translation-completion claims,4065f6a4b22c625356e2fd080167c5c5d03b0a00,2026-07-07T04:50:32Z,source_body,C:\Users\memo_\Documents\Codex\2026-07-04\noether-interlanguage-method-authority\outputs\INTERLANGUAGE_FABLE_4065F6A4_CURRENT_FRONTIER_AUTHORITY_ROUTING_20260707\source_artifacts\0008_28bb2ff57b_MANIFEST.csv
retain object-id body copy with ledger row,source-use/provenance/gap/draft/non-canonical support only; no community-consent/review/approval/license/gate/source-certification/final/bridge-pilot/translation-completion claims,4065f6a4b22c625356e2fd080167c5c5d03b0a00,2026-07-07T04:50:32Z,source_body,C:\Users\memo_\Documents\Codex\2026-07-04\noether-interlanguage-method-authority\outputs\INTERLANGUAGE_FABLE_4065F6A4_CURRENT_FRONTIER_AUTHORITY_ROUTING_20260707\source_artifacts\0009_47a218e59b_README.md
retain object-id body copy with ledger row,source-use/provenance/gap/draft/non-canonical support only; no community-consent/review/approval/license/gate/source-certification/final/bridge-pilot/translation-completion claims,4065f6a4b22c625356e2fd080167c5c5d03b0a00,2026-07-07T04:50:32Z,source_body,C:\Users\memo_\Documents\Codex\2026-07-04\noether-interlanguage-method-authority\outputs\INTERLANGUAGE_FABLE_4065F6A4_CURRENT_FRONTIER_AUTHORITY_ROUTING_20260707\source_artifacts\0010_83d1d7c120_SHA256SUMS.txt
retain object-id body copy with ledger row,source-use/provenance/gap/draft/non-canonical support only; no community-consent/review/approval/license/gate/source-certification/final/bridge-pilot/translation-completion claims,4065f6a4b22c625356e2fd080167c5c5d03b0a00,2026-07-07T04:50:32Z,source_body,C:\Users\memo_\Documents\Codex\2026-07-04\noether-interlanguage-method-authority\outputs\INTERLANGUAGE_FABLE_4065F6A4_CURRENT_FRONTIER_AUTHORITY_ROUTING_20260707\source_artifacts\0011_5d8ebe7448_SOURCE_USE_GAP_FABLE_ADVERSE_ROLLUP_18BBB185.csv
retain object-id body copy with ledger row,source-use/provenance/gap/draft/non-canonical support only; no community-consent/review/approval/license/gate/source-certification/final/bridge-pilot/translation-completion claims,4065f6a4b22c625356e2fd080167c5c5d03b0a00,2026-07-07T04:50:32Z,source_body,C:\Users\memo_\Documents\Codex\2026-07-04\noether-interlanguage-method-authority\outputs\INTERLANGUAGE_FABLE_4065F6A4_CURRENT_FRONTIER_AUTHORITY_ROUTING_20260707\source_artifacts\0012_7aa7deb2e0_SUMMARY.json
retain object-id body copy with ledger row,source-use/provenance/gap/draft/non-canonical support only; no community-consent/review/approval/license/gate/source-certification/final/bridge-pilot/translation-completion claims,4065f6a4b22c625356e2fd080167c5c5d03b0a00,2026-07-07T04:50:32Z,source_body,C:\Users\memo_\Documents\Codex\2026-07-04\noether-interlanguage-method-authority\outputs\INTERLANGUAGE_FABLE_4065F6A4_CURRENT_FRONTIER_AUTHORITY_ROUTING_20260707\source_artifacts\0013_121e2e3660_VISIBLE_THREAD_WAKE_STATUS_18BBB185.csv
retain object-id body copy with ledger row,source-use/provenance/gap/draft/non-canonical support only; no community-consent/review/approval/license/gate/source-certification/final/bridge-pilot/translation-completion claims,4065f6a4b22c625356e2fd080167c5c5d03b0a00,2026-07-07T04:50:32Z,source_body,C:\Users\memo_\Documents\Codex\2026-07-04\noether-interlanguage-method-authority\outputs\INTERLANGUAGE_FABLE_4065F6A4_CURRENT_FRONTIER_AUTHORITY_ROUTING_20260707\source_artifacts\0014_5488cbbac4_B3_HANDOFF_SENT_1FA37D6D.md
retain object-id body copy with ledger row,source-use/provenance/gap/draft/non-canonical support only; no community-consent/review/approval/license/gate/source-certification/final/bridge-pilot/translation-completion claims,4065f6a4b22c625356e2fd080167c5c5d03b0a00,2026-07-07T04:50:32Z,source_body,C:\Users\memo_\Documents\Codex\2026-07-04\noether-interlanguage-method-authority\outputs\INTERLANGUAGE_FABLE_4065F6A4_CURRENT_FRONTIER_AUTHORITY_ROUTING_20260707\source_artifacts\0015_0c6a9bf3a1_BRANCH_COMPARE_COMMITS_18BBB185_TO_1FA37D6D.csv
retain object-id body copy with ledger row,source-use/provenance/gap/draft/non-canonical support only; no community-consent/review/approval/license/gate/source-certification/final/bridge-pilot/translation-completion claims,4065f6a4b22c625356e2fd080167c5c5d03b0a00,2026-07-07T04:50:32Z,source_body,C:\Users\memo_\Documents\Codex\2026-07-04\noether-interlanguage-method-authority\outputs\INTERLANGUAGE_FABLE_4065F6A4_CURRENT_FRONTIER_AUTHORITY_ROUTING_20260707\source_artifacts\0016_2d3e550a40_BRANCH_COMPARE_FILES_18BBB185_TO_1FA37D6D.csv
retain object-id body copy with ledger row,source-use/provenance/gap/draft/non-canonical support only; no community-consent/review/approval/license/gate/source-certification/final/bridge-pilot/translation-completion claims,4065f6a4b22c625356e2fd080167c5c5d03b0a00,2026-07-07T04:50:32Z,source_body,C:\Users\memo_\Documents\Codex\2026-07-04\noether-interlanguage-method-authority\outputs\INTERLANGUAGE_FABLE_4065F6A4_CURRENT_FRONTIER_AUTHORITY_ROUTING_20260707\source_artifacts\0017_565a199b12_BRANCH_COMPARE_SUMMARY_1FA37D6D.csv
retain object-id body copy with ledger row,source-use/provenance/gap/draft/non-canonical support only; no community-consent/review/approval/license/gate/source-certification/final/bridge-pilot/translation-completion claims,4065f6a4b22c625356e2fd080167c5c5d03b0a00,2026-07-07T04:50:32Z,source_body,C:\Users\memo_\Documents\Codex\2026-07-04\noether-interlanguage-method-authority\outputs\INTERLANGUAGE_FABLE_4065F6A4_CURRENT_FRONTIER_AUTHORITY_ROUTING_20260707\source_artifacts\0018_a4c97d6533_CHILD_PACKET_INVENTORY_1FA37D6D.csv
retain object-id body copy with ledger row,source-use/provenance/gap/draft/non-canonical support only; no community-consent/review/approval/license/gate/source-certification/final/bridge-pilot/translation-completion claims,4065f6a4b22c625356e2fd080167c5c5d03b0a00,2026-07-07T04:50:32Z,source_body,C:\Users\memo_\Documents\Codex\2026-07-04\noether-interlanguage-method-authority\outputs\INTERLANGUAGE_FABLE_4065F6A4_CURRENT_FRONTIER_AUTHORITY_ROUTING_20260707\source_artifacts\0019_12f8ddb048_EIGHT_LANE_ROUTE_STATUS_ROWS_1FA37D6D.csv
retain object-id body copy with ledger row,source-use/provenance/gap/draft/non-canonical support only; no community-consent/review/approval/license/gate/source-certification/final/bridge-pilot/translation-completion claims,4065f6a4b22c625356e2fd080167c5c5d03b0a00,2026-07-07T04:50:32Z,source_body,C:\Users\memo_\Documents\Codex\2026-07-04\noether-interlanguage-method-authority\outputs\INTERLANGUAGE_FABLE_4065F6A4_CURRENT_FRONTIER_AUTHORITY_ROUTING_20260707\source_artifacts\0020_f40fb5030a_EXACT_BLOCKER_RECOVERY_ROWS_1FA37D6D.csv
retain object-id body copy with ledger row,source-use/provenance/gap/draft/non-canonical support only; no community-consent/review/approval/license/gate/source-certification/final/bridge-pilot/translation-completion claims,4065f6a4b22c625356e2fd080167c5c5d03b0a00,2026-07-07T04:50:32Z,source_body,C:\Users\memo_\Documents\Codex\2026-07-04\noether-interlanguage-method-authority\outputs\INTERLANGUAGE_FABLE_4065F6A4_CURRENT_FRONTIER_AUTHORITY_ROUTING_20260707\source_artifacts\0021_0b29954ab9_MANIFEST.csv
retain object-id body copy with ledger row,source-use/provenance/gap/draft/non-canonical support only; no community-consent/review/approval/license/gate/source-certification/final/bridge-pilot/translation-completion claims,4065f6a4b22c625356e2fd080167c5c5d03b0a00,2026-07-07T04:50:32Z,source_body,C:\Users\memo_\Documents\Codex\2026-07-04\noether-interlanguage-method-authority\outputs\INTERLANGUAGE_FABLE_4065F6A4_CURRENT_FRONTIER_AUTHORITY_ROUTING_20260707\source_artifacts\0022_88a6bd3dfe_README.md
retain object-id body copy with ledger row,source-use/provenance/gap/draft/non-canonical support only; no community-consent/review/approval/license/gate/source-certification/final/bridge-pilot/translation-completion claims,4065f6a4b22c625356e2fd080167c5c5d03b0a00,2026-07-07T04:50:32Z,source_body,C:\Users\memo_\Documents\Codex\2026-07-04\noether-interlanguage-method-authority\outputs\INTERLANGUAGE_FABLE_4065F6A4_CURRENT_FRONTIER_AUTHORITY_ROUTING_20260707\source_artifacts\0023_3c3e8cfa84_SHA256SUMS.txt
retain object-id body copy with ledger row,source-use/provenance/gap/draft/non-canonical support only; no community-consent/review/approval/license/gate/source-certification/final/bridge-pilot/translation-completion claims,4065f6a4b22c625356e2fd080167c5c5d03b0a00,2026-07-07T04:50:32Z,source_body,C:\Users\memo_\Documents\Codex\2026-07-04\noether-interlanguage-method-authority\outputs\INTERLANGUAGE_FABLE_4065F6A4_CURRENT_FRONTIER_AUTHORITY_ROUTING_20260707\source_artifacts\0024_a40bfdd3fd_SOURCE_USE_GAP_FABLE_ADVERSE_ROLLUP_1FA37D6D.csv
retain object-id body copy with ledger row,source-use/provenance/gap/draft/non-canonical support only; no community-consent/review/approval/license/gate/source-certification/final/bridge-pilot/translation-completion claims,4065f6a4b22c625356e2fd080167c5c5d03b0a00,2026-07-07T04:50:32Z,source_body,C:\Users\memo_\Documents\Codex\2026-07-04\noether-interlanguage-method-authority\outputs\INTERLANGUAGE_FABLE_4065F6A4_CURRENT_FRONTIER_AUTHORITY_ROUTING_20260707\source_artifacts\0025_3199c2670f_SUMMARY.json
retain object-id body copy with ledger row,source-use/provenance/gap/draft/non-canonical support only; no community-consent/review/approval/license/gate/source-certification/final/bridge-pilot/translation-completion claims,4065f6a4b22c625356e2fd080167c5c5d03b0a00,2026-07-07T04:50:32Z,source_body,C:\Users\memo_\Documents\Codex\2026-07-04\noether-interlanguage-method-authority\outputs\INTERLANGUAGE_FABLE_4065F6A4_CURRENT_FRONTIER_AUTHORITY_ROUTING_20260707\source_artifacts\0026_86793d16c0_B3_AND_SIBLING_HANDOFF_SENT_A55A9D0F.md
retain object-id body copy with ledger row,source-use/provenance/gap/draft/non-canonical support only; no community-consent/review/approval/license/gate/source-certification/final/bridge-pilot/translation-completion claims,4065f6a4b22c625356e2fd080167c5c5d03b0a00,2026-07-07T04:50:32Z,source_body,C:\Users\memo_\Documents\Codex\2026-07-04\noether-interlanguage-method-authority\outputs\INTERLANGUAGE_FABLE_4065F6A4_CURRENT_FRONTIER_AUTHORITY_ROUTING_20260707\source_artifacts\0027_3f777e8b2a_CHILD_PACKAGE_INVENTORY_A55A9D0F.csv
retain object-id body copy with ledger row,source-use/provenance/gap/draft/non-canonical support only; no community-consent/review/approval/license/gate/source-certification/final/bridge-pilot/translation-completion claims,4065f6a4b22c625356e2fd080167c5c5d03b0a00,2026-07-07T04:50:32Z,source_body,C:\Users\memo_\Documents\Codex\2026-07-04\noether-interlanguage-method-authority\outputs\INTERLANGUAGE_FABLE_4065F6A4_CURRENT_FRONTIER_AUTHORITY_ROUTING_20260707\source_artifacts\0028_243e794685_EXACT_BLOCKER_RECOVERY_ROWS_A55A9D0F.csv
retain object-id body copy with ledger row,source-use/provenance/gap/draft/non-canonical support only; no community-consent/review/approval/license/gate/source-certification/final/bridge-pilot/translation-completion claims,4065f6a4b22c625356e2fd080167c5c5d03b0a00,2026-07-07T04:50:32Z,source_body,C:\Users\memo_\Documents\Codex\2026-07-04\noether-interlanguage-method-authority\outputs\INTERLANGUAGE_FABLE_4065F6A4_CURRENT_FRONTIER_AUTHORITY_ROUTING_20260707\source_artifacts\0029_53a94975ff_MANIFEST.csv
retain object-id body copy with ledger row,source-use/provenance/gap/draft/non-canonical support only; no community-consent/review/approval/license/gate/source-certification/final/bridge-pilot/translation-completion claims,4065f6a4b22c625356e2fd080167c5c5d03b0a00,2026-07-07T04:50:32Z,source_body,C:\Users\memo_\Documents\Codex\2026-07-04\noether-interlanguage-method-authority\outputs\INTERLANGUAGE_FABLE_4065F6A4_CURRENT_FRONTIER_AUTHORITY_ROUTING_20260707\source_artifacts\0030_44aa18e5fe_README.md
retain object-id body copy with ledger row,source-use/provenance/gap/draft/non-canonical support only; no community-consent/review/approval/license/gate/source-certification/final/bridge-pilot/translation-completion claims,4065f6a4b22c625356e2fd080167c5c5d03b0a00,2026-07-07T04:50:32Z,source_body,C:\Users\memo_\Documents\Codex\2026-07-04\noether-interlanguage-method-authority\outputs\INTERLANGUAGE_FABLE_4065F6A4_CURRENT_FRONTIER_AUTHORITY_ROUTING_20260707\source_artifacts\0031_b39a15c644_SHA256SUMS.txt
retain object-id body copy with ledger row,source-use/provenance/gap/draft/non-canonical support only; no community-consent/review/approval/license/gate/source-certification/final/bridge-pilot/translation-completion claims,4065f6a4b22c625356e2fd080167c5c5d03b0a00,2026-07-07T04:50:32Z,source_body,C:\Users\memo_\Documents\Codex\2026-07-04\noether-interlanguage-method-authority\outputs\INTERLANGUAGE_FABLE_4065F6A4_CURRENT_FRONTIER_AUTHORITY_ROUTING_20260707\source_artifacts\0032_1de0953374_SOURCE_USE_GAP_FABLE_ADVERSE_ROLLUP_A55A9D0F.csv
retain object-id body copy with ledger row,source-use/provenance/gap/draft/non-canonical support only; no community-consent/review/approval/license/gate/source-certification/final/bridge-pilot/translation-completion claims,4065f6a4b22c625356e2fd080167c5c5d03b0a00,2026-07-07T04:50:32Z,source_body,C:\Users\memo_\Documents\Codex\2026-07-04\noether-interlanguage-method-authority\outputs\INTERLANGUAGE_FABLE_4065F6A4_CURRENT_FRONTIER_AUTHORITY_ROUTING_20260707\source_artifacts\0033_603e962ffa_SUMMARY.json
retain object-id body copy with ledger row,source-use/provenance/gap/draft/non-canonical support only; no community-consent/review/approval/license/gate/source-certification/final/bridge-pilot/translation-completion claims,4065f6a4b22c625356e2fd080167c5c5d03b0a00,2026-07-07T04:50:32Z,source_body,C:\Users\memo_\Documents\Codex\2026-07-04\noether-interlanguage-method-authority\outputs\INTERLANGUAGE_FABLE_4065F6A4_CURRENT_FRONTIER_AUTHORITY_ROUTING_20260707\source_artifacts\0034_8b0cfbd62e_VISIBLE_THREAD_WAKE_STATUS_A55A9D0F.csv
retain object-id body copy with ledger row,source-use/provenance/gap/draft/non-canonical support only; no community-consent/review/approval/license/gate/source-certification/final/bridge-pilot/translation-completion claims,4065f6a4b22c625356e2fd080167c5c5d03b0a00,2026-07-07T04:50:32Z,source_body,C:\Users\memo_\Documents\Codex\2026-07-04\noether-interlanguage-method-authority\outputs\INTERLANGUAGE_FABLE_4065F6A4_CURRENT_FRONTIER_AUTHORITY_ROUTING_20260707\source_artifacts\0035_e09fd0e931_B3_HANDOFF_SENT_C033F393.md
retain object-id body copy with ledger row,source-use/provenance/gap/draft/non-canonical support only; no community-consent/review/approval/license/gate/source-certification/final/bridge-pilot/translation-completion claims,4065f6a4b22c625356e2fd080167c5c5d03b0a00,2026-07-07T04:50:32Z,source_body,C:\Users\memo_\Documents\Codex\2026-07-04\noether-interlanguage-method-authority\outputs\INTERLANGUAGE_FABLE_4065F6A4_CURRENT_FRONTIER_AUTHORITY_ROUTING_20260707\source_artifacts\0036_54b876028c_BRANCH_COMPARE_COMMITS_1FA37D6D_TO_C033F393.csv
retain object-id body copy with ledger row,source-use/provenance/gap/draft/non-canonical support only; no community-consent/review/approval/license/gate/source-certification/final/bridge-pilot/translation-completion claims,4065f6a4b22c625356e2fd080167c5c5d03b0a00,2026-07-07T04:50:32Z,source_body,C:\Users\memo_\Documents\Codex\2026-07-04\noether-interlanguage-method-authority\outputs\INTERLANGUAGE_FABLE_4065F6A4_CURRENT_FRONTIER_AUTHORITY_ROUTING_20260707\source_artifacts\0037_85334ef3e4_BRANCH_COMPARE_FILES_1FA37D6D_TO_C033F393.csv
retain object-id body copy with ledger row,source-use/provenance/gap/draft/non-canonical support only; no community-consent/review/approval/license/gate/source-certification/final/bridge-pilot/translation-completion claims,4065f6a4b22c625356e2fd080167c5c5d03b0a00,2026-07-07T04:50:32Z,source_body,C:\Users\memo_\Documents\Codex\2026-07-04\noether-interlanguage-method-authority\outputs\INTERLANGUAGE_FABLE_4065F6A4_CURRENT_FRONTIER_AUTHORITY_ROUTING_20260707\source_artifacts\0038_d46cbed881_BRANCH_COMPARE_SUMMARY_C033F393.csv
retain object-id body copy with ledger row,source-use/provenance/gap/draft/non-canonical support only; no community-consent/review/approval/license/gate/source-certification/final/bridge-pilot/translation-completion claims,4065f6a4b22c625356e2fd080167c5c5d03b0a00,2026-07-07T04:50:32Z,source_body,C:\Users\memo_\Documents\Codex\2026-07-04\noether-interlanguage-method-authority\outputs\INTERLANGUAGE_FABLE_4065F6A4_CURRENT_FRONTIER_AUTHORITY_ROUTING_20260707\source_artifacts\0039_75b5de9caf_EXACT_BLOCKER_RECOVERY_ROWS_C033F393.csv
retain object-id body copy with ledger row,source-use/provenance/gap/draft/non-canonical support only; no community-consent/review/approval/license/gate/source-certification/final/bridge-pilot/translation-completion claims,4065f6a4b22c625356e2fd080167c5c5d03b0a00,2026-07-07T04:50:32Z,source_body,C:\Users\memo_\Documents\Codex\2026-07-04\noether-interlanguage-method-authority\outputs\INTERLANGUAGE_FABLE_4065F6A4_CURRENT_FRONTIER_AUTHORITY_ROUTING_20260707\source_artifacts\0040_6185d70e49_MANIFEST.csv
retain object-id body copy with ledger row,source-use/provenance/gap/draft/non-canonical support only; no community-consent/review/approval/license/gate/source-certification/final/bridge-pilot/translation-completion claims,4065f6a4b22c625356e2fd080167c5c5d03b0a00,2026-07-07T04:50:32Z,source_body,C:\Users\memo_\Documents\Codex\2026-07-04\noether-interlanguage-method-authority\outputs\INTERLANGUAGE_FABLE_4065F6A4_CURRENT_FRONTIER_AUTHORITY_ROUTING_20260707\source_artifacts\0041_43c5cdbf58_PARENT_PACKET_VISIBILITY_INVENTORY_C033F393.csv
retain object-id body copy with ledger row,source-use/provenance/gap/draft/non-canonical support only; no community-consent/review/approval/license/gate/source-certification/final/bridge-pilot/translation-completion claims,4065f6a4b22c625356e2fd080167c5c5d03b0a00,2026-07-07T04:50:32Z,source_body,C:\Users\memo_\Documents\Codex\2026-07-04\noether-interlanguage-method-authority\outputs\INTERLANGUAGE_FABLE_4065F6A4_CURRENT_FRONTIER_AUTHORITY_ROUTING_20260707\source_artifacts\0042_41c18acfc6_README.md
retain object-id body copy with ledger row,source-use/provenance/gap/draft/non-canonical support only; no community-consent/review/approval/license/gate/source-certification/final/bridge-pilot/translation-completion claims,4065f6a4b22c625356e2fd080167c5c5d03b0a00,2026-07-07T04:50:32Z,source_body,C:\Users\memo_\Documents\Codex\2026-07-04\noether-interlanguage-method-authority\outputs\INTERLANGUAGE_FABLE_4065F6A4_CURRENT_FRONTIER_AUTHORITY_ROUTING_20260707\source_artifacts\0043_48b5c54c48_SHA256SUMS.txt
retain object-id body copy with ledger row,source-use/provenance/gap/draft/non-canonical support only; no community-consent/review/approval/license/gate/source-certification/final/bridge-pilot/translation-completion claims,4065f6a4b22c625356e2fd080167c5c5d03b0a00,2026-07-07T04:50:32Z,source_body,C:\Users\memo_\Documents\Codex\2026-07-04\noether-interlanguage-method-authority\outputs\INTERLANGUAGE_FABLE_4065F6A4_CURRENT_FRONTIER_AUTHORITY_ROUTING_20260707\source_artifacts\0044_c93daab564_SOURCE_USE_GAP_FABLE_ADVERSE_CARRYFORWARD_C033F393.csv
retain object-id body copy with ledger row,source-use/provenance/gap/draft/non-canonical support only; no community-consent/review/approval/license/gate/source-certification/final/bridge-pilot/translation-completion claims,4065f6a4b22c625356e2fd080167c5c5d03b0a00,2026-07-07T04:50:32Z,source_body,C:\Users\memo_\Documents\Codex\2026-07-04\noether-interlanguage-method-authority\outputs\INTERLANGUAGE_FABLE_4065F6A4_CURRENT_FRONTIER_AUTHORITY_ROUTING_20260707\source_artifacts\0045_0a94e9cfac_SUMMARY.json
retain object-id body copy with ledger row,source-use/provenance/gap/draft/non-canonical support only; no community-consent/review/approval/license/gate/source-certification/final/bridge-pilot/translation-completion claims,4065f6a4b22c625356e2fd080167c5c5d03b0a00,2026-07-07T04:50:32Z,source_body,C:\Users\memo_\Documents\Codex\2026-07-04\noether-interlanguage-method-authority\outputs\INTERLANGUAGE_FABLE_4065F6A4_CURRENT_FRONTIER_AUTHORITY_ROUTING_20260707\source_artifacts\0046_d09b5c0812_A55A9D0F_B3_HANDOFF_BOUNDARIES_20260707.csv
retain object-id body copy with ledger row,source-use/provenance/gap/draft/non-canonical support only; no community-consent/review/approval/license/gate/source-certification/final/bridge-pilot/translation-completion claims,4065f6a4b22c625356e2fd080167c5c5d03b0a00,2026-07-07T04:50:32Z,source_body,C:\Users\memo_\Documents\Codex\2026-07-04\noether-interlanguage-method-authority\outputs\INTERLANGUAGE_FABLE_4065F6A4_CURRENT_FRONTIER_AUTHORITY_ROUTING_20260707\source_artifacts\0047_a7fdd4f1bc_A55A9D0F_EXACT_BLOCKER_RECOVERY_ROWS_20260707.csv
retain object-id body copy with ledger row,source-use/provenance/gap/draft/non-canonical support only; no community-consent/review/approval/license/gate/source-certification/final/bridge-pilot/translation-completion claims,4065f6a4b22c625356e2fd080167c5c5d03b0a00,2026-07-07T04:50:32Z,source_body,C:\Users\memo_\Documents\Codex\2026-07-04\noether-interlanguage-method-authority\outputs\INTERLANGUAGE_FABLE_4065F6A4_CURRENT_FRONTIER_AUTHORITY_ROUTING_20260707\source_artifacts\0048_e601f05fd7_A55A9D0F_ROUTE_PACKET_APPLICATION_ROWS_20260707.csv
retain object-id body copy with ledger row,source-use/provenance/gap/draft/non-canonical support only; no community-consent/review/approval/license/gate/source-certification/final/bridge-pilot/translation-completion claims,4065f6a4b22c625356e2fd080167c5c5d03b0a00,2026-07-07T04:50:32Z,source_body,C:\Users\memo_\Documents\Codex\2026-07-04\noether-interlanguage-method-authority\outputs\INTERLANGUAGE_FABLE_4065F6A4_CURRENT_FRONTIER_AUTHORITY_ROUTING_20260707\source_artifacts\0049_f7fffd496f_A55A9D0F_SAME_FRONTIER_DEDUP_ROWS_20260707.csv
retain object-id body copy with ledger row,source-use/provenance/gap/draft/non-canonical support only; no community-consent/review/approval/license/gate/source-certification/final/bridge-pilot/translation-completion claims,4065f6a4b22c625356e2fd080167c5c5d03b0a00,2026-07-07T04:50:32Z,source_body,C:\Users\memo_\Documents\Codex\2026-07-04\noether-interlanguage-method-authority\outputs\INTERLANGUAGE_FABLE_4065F6A4_CURRENT_FRONTIER_AUTHORITY_ROUTING_20260707\source_artifacts\0050_f6d0d20cee_A55A9D0F_SOURCE_USE_GAP_FABLE_ADVERSE_ROWS_20260707.csv
retain object-id body copy with ledger row,source-use/provenance/gap/draft/non-canonical support only; no community-consent/review/approval/license/gate/source-certification/final/bridge-pilot/translation-completion claims,4065f6a4b22c625356e2fd080167c5c5d03b0a00,2026-07-07T04:50:32Z,source_body,C:\Users\memo_\Documents\Codex\2026-07-04\noether-interlanguage-method-authority\outputs\INTERLANGUAGE_FABLE_4065F6A4_CURRENT_FRONTIER_AUTHORITY_ROUTING_20260707\source_artifacts\0051_fbcb225c41_ACTIVE_SESSION_STATE.md
retain object-id body copy with ledger row,source-use/provenance/gap/draft/non-canonical support only; no community-consent/review/approval/license/gate/source-certification/final/bridge-pilot/translation-completion claims,4065f6a4b22c625356e2fd080167c5c5d03b0a00,2026-07-07T04:50:32Z,source_body,C:\Users\memo_\Documents\Codex\2026-07-04\noether-interlanguage-method-authority\outputs\INTERLANGUAGE_FABLE_4065F6A4_CURRENT_FRONTIER_AUTHORITY_ROUTING_20260707\source_artifacts\0052_0f568aa6ef_B3_UPLOADER_READY_SUMMARY_A55A9D0F.csv
retain object-id body copy with ledger row,source-use/provenance/gap/draft/non-canonical support only; no community-consent/review/approval/license/gate/source-certification/final/bridge-pilot/translation-completion claims,4065f6a4b22c625356e2fd080167c5c5d03b0a00,2026-07-07T04:50:32Z,source_body,C:\Users\memo_\Documents\Codex\2026-07-04\noether-interlanguage-method-authority\outputs\INTERLANGUAGE_FABLE_4065F6A4_CURRENT_FRONTIER_AUTHORITY_ROUTING_20260707\source_artifacts\0053_2383b186ef_DRAFT_NONCANONICAL_PRETRANSLATION_INTERLINEAR_ROWS_A55A9D0F.csv
retain object-id body copy with ledger row,source-use/provenance/gap/draft/non-canonical support only; no community-consent/review/approval/license/gate/source-certification/final/bridge-pilot/translation-completion claims,4065f6a4b22c625356e2fd080167c5c5d03b0a00,2026-07-07T04:50:32Z,source_body,C:\Users\memo_\Documents\Codex\2026-07-04\noether-interlanguage-method-authority\outputs\INTERLANGUAGE_FABLE_4065F6A4_CURRENT_FRONTIER_AUTHORITY_ROUTING_20260707\source_artifacts\0054_cebc1cf06b_EXACT_BLOCKERS_AND_RECOVERY_ROWS_A55A9D0F.csv
retain object-id body copy with ledger row,source-use/provenance/gap/draft/non-canonical support only; no community-consent/review/approval/license/gate/source-certification/final/bridge-pilot/translation-completion claims,4065f6a4b22c625356e2fd080167c5c5d03b0a00,2026-07-07T04:50:32Z,source_body,C:\Users\memo_\Documents\Codex\2026-07-04\noether-interlanguage-method-authority\outputs\INTERLANGUAGE_FABLE_4065F6A4_CURRENT_FRONTIER_AUTHORITY_ROUTING_20260707\source_artifacts\0055_9bd77cf621_FABLE_FORMAL_OBJECT_CARRYFORWARD_A55A9D0F.csv
retain object-id body copy with ledger row,source-use/provenance/gap/draft/non-canonical support only; no community-consent/review/approval/license/gate/source-certification/final/bridge-pilot/translation-completion claims,4065f6a4b22c625356e2fd080167c5c5d03b0a00,2026-07-07T04:50:32Z,source_body,C:\Users\memo_\Documents\Codex\2026-07-04\noether-interlanguage-method-authority\outputs\INTERLANGUAGE_FABLE_4065F6A4_CURRENT_FRONTIER_AUTHORITY_ROUTING_20260707\source_artifacts\0056_e9d8ddc174_FABLE_REQUIREMENTS_ACKNOWLEDGED_20260707.md
retain object-id body copy with ledger row,source-use/provenance/gap/draft/non-canonical support only; no community-consent/review/approval/license/gate/source-certification/final/bridge-pilot/translation-completion claims,4065f6a4b22c625356e2fd080167c5c5d03b0a00,2026-07-07T04:50:32Z,source_body,C:\Users\memo_\Documents\Codex\2026-07-04\noether-interlanguage-method-authority\outputs\INTERLANGUAGE_FABLE_4065F6A4_CURRENT_FRONTIER_AUTHORITY_ROUTING_20260707\source_artifacts\0057_054756a1b7_FRONTIER_DELTA_A55A9D0F.csv
retain object-id body copy with ledger row,source-use/provenance/gap/draft/non-canonical support only; no community-consent/review/approval/license/gate/source-certification/final/bridge-pilot/translation-completion claims,4065f6a4b22c625356e2fd080167c5c5d03b0a00,2026-07-07T04:50:32Z,source_body,C:\Users\memo_\Documents\Codex\2026-07-04\noether-interlanguage-method-authority\outputs\INTERLANGUAGE_FABLE_4065F6A4_CURRENT_FRONTIER_AUTHORITY_ROUTING_20260707\source_artifacts\0058_9d31fd242c_HEARTBEAT_20260707.md
retain object-id body copy with ledger row,source-use/provenance/gap/draft/non-canonical support only; no community-consent/review/approval/license/gate/source-certification/final/bridge-pilot/translation-completion claims,4065f6a4b22c625356e2fd080167c5c5d03b0a00,2026-07-07T04:50:32Z,source_body,C:\Users\memo_\Documents\Codex\2026-07-04\noether-interlanguage-method-authority\outputs\INTERLANGUAGE_FABLE_4065F6A4_CURRENT_FRONTIER_AUTHORITY_ROUTING_20260707\source_artifacts\0059_b9fee695a5_MANIFEST.csv
retain object-id body copy with ledger row,source-use/provenance/gap/draft/non-canonical support only; no community-consent/review/approval/license/gate/source-certification/final/bridge-pilot/translation-completion claims,4065f6a4b22c625356e2fd080167c5c5d03b0a00,2026-07-07T04:50:32Z,source_body,C:\Users\memo_\Documents\Codex\2026-07-04\noether-interlanguage-method-authority\outputs\INTERLANGUAGE_FABLE_4065F6A4_CURRENT_FRONTIER_AUTHORITY_ROUTING_20260707\source_artifacts\0060_eba28c6360_README.md
retain object-id body copy with ledger row,source-use/provenance/gap/draft/non-canonical support only; no community-consent/review/approval/license/gate/source-certification/final/bridge-pilot/translation-completion claims,4065f6a4b22c625356e2fd080167c5c5d03b0a00,2026-07-07T04:50:32Z,source_body,C:\Users\memo_\Documents\Codex\2026-07-04\noether-interlanguage-method-authority\outputs\INTERLANGUAGE_FABLE_4065F6A4_CURRENT_FRONTIER_AUTHORITY_ROUTING_20260707\source_artifacts\0061_e46b3ec135_SESSION_LOGBOOK_20260707.md
retain object-id body copy with ledger row,source-use/provenance/gap/draft/non-canonical support only; no community-consent/review/approval/license/gate/source-certification/final/bridge-pilot/translation-completion claims,4065f6a4b22c625356e2fd080167c5c5d03b0a00,2026-07-07T04:50:32Z,source_body,C:\Users\memo_\Documents\Codex\2026-07-04\noether-interlanguage-method-authority\outputs\INTERLANGUAGE_FABLE_4065F6A4_CURRENT_FRONTIER_AUTHORITY_ROUTING_20260707\source_artifacts\0062_d683b2f7f1_SHA256SUMS.txt
retain object-id body copy with ledger row,source-use/provenance/gap/draft/non-canonical support only; no community-consent/review/approval/license/gate/source-certification/final/bridge-pilot/translation-completion claims,4065f6a4b22c625356e2fd080167c5c5d03b0a00,2026-07-07T04:50:32Z,source_body,C:\Users\memo_\Documents\Codex\2026-07-04\noether-interlanguage-method-authority\outputs\INTERLANGUAGE_FABLE_4065F6A4_CURRENT_FRONTIER_AUTHORITY_ROUTING_20260707\source_artifacts\0063_df192d730d_SHA256_VERIFICATION_20260707.csv
retain object-id body copy with ledger row,source-use/provenance/gap/draft/non-canonical support only; no community-consent/review/approval/license/gate/source-certification/final/bridge-pilot/translation-completion claims,4065f6a4b22c625356e2fd080167c5c5d03b0a00,2026-07-07T04:50:32Z,source_body,C:\Users\memo_\Documents\Codex\2026-07-04\noether-interlanguage-method-authority\outputs\INTERLANGUAGE_FABLE_4065F6A4_CURRENT_FRONTIER_AUTHORITY_ROUTING_20260707\source_artifacts\0064_fdeca157c0_SOURCE_USE_GAP_ADVERSE_FABLE_LEDGER_A55A9D0F.csv
retain object-id body copy with ledger row,source-use/provenance/gap/draft/non-canonical support only; no community-consent/review/approval/license/gate/source-certification/final/bridge-pilot/translation-completion claims,4065f6a4b22c625356e2fd080167c5c5d03b0a00,2026-07-07T04:50:32Z,source_body,C:\Users\memo_\Documents\Codex\2026-07-04\noether-interlanguage-method-authority\outputs\INTERLANGUAGE_FABLE_4065F6A4_CURRENT_FRONTIER_AUTHORITY_ROUTING_20260707\source_artifacts\0065_7437f6d7ef_SOURCE_WITNESS_SUBSET_BY_SUBLANE_A55A9D0F.csv
retain object-id body copy with ledger row,source-use/provenance/gap/draft/non-canonical support only; no community-consent/review/approval/license/gate/source-certification/final/bridge-pilot/translation-completion claims,4065f6a4b22c625356e2fd080167c5c5d03b0a00,2026-07-07T04:50:32Z,source_body,C:\Users\memo_\Documents\Codex\2026-07-04\noether-interlanguage-method-authority\outputs\INTERLANGUAGE_FABLE_4065F6A4_CURRENT_FRONTIER_AUTHORITY_ROUTING_20260707\source_artifacts\0066_af5e50ee05_SUBLANE_SOURCE_CONTEXT_MANUAL_REVIEW_NOTES_A55A9D0F.csv
retain object-id body copy with ledger row,source-use/provenance/gap/draft/non-canonical support only; no community-consent/review/approval/license/gate/source-certification/final/bridge-pilot/translation-completion claims,4065f6a4b22c625356e2fd080167c5c5d03b0a00,2026-07-07T04:50:32Z,source_body,C:\Users\memo_\Documents\Codex\2026-07-04\noether-interlanguage-method-authority\outputs\INTERLANGUAGE_FABLE_4065F6A4_CURRENT_FRONTIER_AUTHORITY_ROUTING_20260707\source_artifacts\0067_cefcff9d51_SUMMARY_COUNTS_A55A9D0F.csv
retain object-id body copy with ledger row,source-use/provenance/gap/draft/non-canonical support only; no community-consent/review/approval/license/gate/source-certification/final/bridge-pilot/translation-completion claims,4065f6a4b22c625356e2fd080167c5c5d03b0a00,2026-07-07T04:50:32Z,source_body,C:\Users\memo_\Documents\Codex\2026-07-04\noether-interlanguage-method-authority\outputs\INTERLANGUAGE_FABLE_4065F6A4_CURRENT_FRONTIER_AUTHORITY_ROUTING_20260707\source_artifacts\0068_f2727a43a4_TG_CYRL_TJ_SOURCE_DISCOVERY_ONLY_ROWS_A55A9D0F.csv
retain object-id body copy with ledger row,source-use/provenance/gap/draft/non-canonical support only; no community-consent/review/approval/license/gate/source-certification/final/bridge-pilot/translation-completion claims,4065f6a4b22c625356e2fd080167c5c5d03b0a00,2026-07-07T04:50:32Z,source_body,C:\Users\memo_\Documents\Codex\2026-07-04\noether-interlanguage-method-authority\outputs\INTERLANGUAGE_FABLE_4065F6A4_CURRENT_FRONTIER_AUTHORITY_ROUTING_20260707\source_artifacts\0069_64680b5495_adverse_evidence.csv
retain object-id body copy with ledger row,source-use/provenance/gap/draft/non-canonical support only; no community-consent/review/approval/license/gate/source-certification/final/bridge-pilot/translation-completion claims,4065f6a4b22c625356e2fd080167c5c5d03b0a00,2026-07-07T04:50:32Z,source_body,C:\Users\memo_\Documents\Codex\2026-07-04\noether-interlanguage-method-authority\outputs\INTERLANGUAGE_FABLE_4065F6A4_CURRENT_FRONTIER_AUTHORITY_ROUTING_20260707\source_artifacts\0070_c491c02b74_branch_weight_ledger.csv
retain object-id body copy with ledger row,source-use/provenance/gap/draft/non-canonical support only; no community-consent/review/approval/license/gate/source-certification/final/bridge-pilot/translation-completion claims,4065f6a4b22c625356e2fd080167c5c5d03b0a00,2026-07-07T04:50:32Z,source_body,C:\Users\memo_\Documents\Codex\2026-07-04\noether-interlanguage-method-authority\outputs\INTERLANGUAGE_FABLE_4065F6A4_CURRENT_FRONTIER_AUTHORITY_ROUTING_20260707\source_artifacts\0071_3a66927376_do_not_use.csv
retain object-id body copy with ledger row,source-use/provenance/gap/draft/non-canonical support only; no community-consent/review/approval/license/gate/source-certification/final/bridge-pilot/translation-completion claims,4065f6a4b22c625356e2fd080167c5c5d03b0a00,2026-07-07T04:50:32Z,source_body,C:\Users\memo_\Documents\Codex\2026-07-04\noether-interlanguage-method-authority\outputs\INTERLANGUAGE_FABLE_4065F6A4_CURRENT_FRONTIER_AUTHORITY_ROUTING_20260707\source_artifacts\0072_31140c01d4_forms.csv
retain object-id body copy with ledger row,source-use/provenance/gap/draft/non-canonical support only; no community-consent/review/approval/license/gate/source-certification/final/bridge-pilot/translation-completion claims,4065f6a4b22c625356e2fd080167c5c5d03b0a00,2026-07-07T04:50:32Z,source_body,C:\Users\memo_\Documents\Codex\2026-07-04\noether-interlanguage-method-authority\outputs\INTERLANGUAGE_FABLE_4065F6A4_CURRENT_FRONTIER_AUTHORITY_ROUTING_20260707\source_artifacts\0073_44e9a9a767_languages.csv
retain object-id body copy with ledger row,source-use/provenance/gap/draft/non-canonical support only; no community-consent/review/approval/license/gate/source-certification/final/bridge-pilot/translation-completion claims,4065f6a4b22c625356e2fd080167c5c5d03b0a00,2026-07-07T04:50:32Z,source_body,C:\Users\memo_\Documents\Codex\2026-07-04\noether-interlanguage-method-authority\outputs\INTERLANGUAGE_FABLE_4065F6A4_CURRENT_FRONTIER_AUTHORITY_ROUTING_20260707\source_artifacts\0074_12ce3bff50_lexemes.jsonl
retain object-id body copy with ledger row,source-use/provenance/gap/draft/non-canonical support only; no community-consent/review/approval/license/gate/source-certification/final/bridge-pilot/translation-completion claims,4065f6a4b22c625356e2fd080167c5c5d03b0a00,2026-07-07T04:50:32Z,source_body,C:\Users\memo_\Documents\Codex\2026-07-04\noether-interlanguage-method-authority\outputs\INTERLANGUAGE_FABLE_4065F6A4_CURRENT_FRONTIER_AUTHORITY_ROUTING_20260707\source_artifacts\0075_124b9085a0_marginal_intelligibility.csv
retain object-id body copy with ledger row,source-use/provenance/gap/draft/non-canonical support only; no community-consent/review/approval/license/gate/source-certification/final/bridge-pilot/translation-completion claims,4065f6a4b22c625356e2fd080167c5c5d03b0a00,2026-07-07T04:50:32Z,source_body,C:\Users\memo_\Documents\Codex\2026-07-04\noether-interlanguage-method-authority\outputs\INTERLANGUAGE_FABLE_4065F6A4_CURRENT_FRONTIER_AUTHORITY_ROUTING_20260707\source_artifacts\0076_36cdbda24b_rules_acknowledgement.md
retain object-id body copy with ledger row,source-use/provenance/gap/draft/non-canonical support only; no community-consent/review/approval/license/gate/source-certification/final/bridge-pilot/translation-completion claims,4065f6a4b22c625356e2fd080167c5c5d03b0a00,2026-07-07T04:50:32Z,source_body,C:\Users\memo_\Documents\Codex\2026-07-04\noether-interlanguage-method-authority\outputs\INTERLANGUAGE_FABLE_4065F6A4_CURRENT_FRONTIER_AUTHORITY_ROUTING_20260707\source_artifacts\0077_14980b4aac_source_documents.csv
retain object-id body copy with ledger row,source-use/provenance/gap/draft/non-canonical support only; no community-consent/review/approval/license/gate/source-certification/final/bridge-pilot/translation-completion claims,4065f6a4b22c625356e2fd080167c5c5d03b0a00,2026-07-07T04:50:32Z,source_body,C:\Users\memo_\Documents\Codex\2026-07-04\noether-interlanguage-method-authority\outputs\INTERLANGUAGE_FABLE_4065F6A4_CURRENT_FRONTIER_AUTHORITY_ROUTING_20260707\source_artifacts\0078_796bf43d26_source_use_ledger.csv
retain object-id body copy with ledger row,source-use/provenance/gap/draft/non-canonical support only; no community-consent/review/approval/license/gate/source-certification/final/bridge-pilot/translation-completion claims,4065f6a4b22c625356e2fd080167c5c5d03b0a00,2026-07-07T04:50:32Z,source_body,C:\Users\memo_\Documents\Codex\2026-07-04\noether-interlanguage-method-authority\outputs\INTERLANGUAGE_FABLE_4065F6A4_CURRENT_FRONTIER_AUTHORITY_ROUTING_20260707\source_artifacts\0079_06fd2ec888_word_weights.csv
retain object-id body copy with ledger row,source-use/provenance/gap/draft/non-canonical support only; no community-consent/review/approval/license/gate/source-certification/final/bridge-pilot/translation-completion claims,4065f6a4b22c625356e2fd080167c5c5d03b0a00,2026-07-07T04:50:32Z,source_body,C:\Users\memo_\Documents\Codex\2026-07-04\noether-interlanguage-method-authority\outputs\INTERLANGUAGE_FABLE_4065F6A4_CURRENT_FRONTIER_AUTHORITY_ROUTING_20260707\source_artifacts\0080_2fe02cd919_B3_UPLOADER_READY_SUMMARY.csv
retain object-id body copy with ledger row,source-use/provenance/gap/draft/non-canonical support only; no community-consent/review/approval/license/gate/source-certification/final/bridge-pilot/translation-completion claims,4065f6a4b22c625356e2fd080167c5c5d03b0a00,2026-07-07T04:50:32Z,source_body,C:\Users\memo_\Documents\Codex\2026-07-04\noether-interlanguage-method-authority\outputs\INTERLANGUAGE_FABLE_4065F6A4_CURRENT_FRONTIER_AUTHORITY_ROUTING_20260707\source_artifacts\0081_a5def825cb_MANIFEST.csv
retain object-id body copy with ledger row,source-use/provenance/gap/draft/non-canonical support only; no community-consent/review/approval/license/gate/source-certification/final/bridge-pilot/translation-completion claims,4065f6a4b22c625356e2fd080167c5c5d03b0a00,2026-07-07T04:50:32Z,source_body,C:\Users\memo_\Documents\Codex\2026-07-04\noether-interlanguage-method-authority\outputs\INTERLANGUAGE_FABLE_4065F6A4_CURRENT_FRONTIER_AUTHORITY_ROUTING_20260707\source_artifacts\0082_c022572906_PACKAGE_VALIDATION.json
retain object-id body copy with ledger row,source-use/provenance/gap/draft/non-canonical support only; no community-consent/review/approval/license/gate/source-certification/final/bridge-pilot/translation-completion claims,4065f6a4b22c625356e2fd080167c5c5d03b0a00,2026-07-07T04:50:32Z,source_body,C:\Users\memo_\Documents\Codex\2026-07-04\noether-interlanguage-method-authority\outputs\INTERLANGUAGE_FABLE_4065F6A4_CURRENT_FRONTIER_AUTHORITY_ROUTING_20260707\source_artifacts\0083_f417b79a69_R3_18BBB185_BRANCH_COMMITS_FROM_7B34EC91.csv
retain object-id body copy with ledger row,source-use/provenance/gap/draft/non-canonical support only; no community-consent/review/approval/license/gate/source-certification/final/bridge-pilot/translation-completion claims,4065f6a4b22c625356e2fd080167c5c5d03b0a00,2026-07-07T04:50:32Z,source_body,C:\Users\memo_\Documents\Codex\2026-07-04\noether-interlanguage-method-authority\outputs\INTERLANGUAGE_FABLE_4065F6A4_CURRENT_FRONTIER_AUTHORITY_ROUTING_20260707\source_artifacts\0084_8b5414c63a_R3_18BBB185_BRANCH_DELTA_FROM_7B34EC91.csv
retain object-id body copy with ledger row,source-use/provenance/gap/draft/non-canonical support only; no community-consent/review/approval/license/gate/source-certification/final/bridge-pilot/translation-completion claims,4065f6a4b22c625356e2fd080167c5c5d03b0a00,2026-07-07T04:50:32Z,source_body,C:\Users\memo_\Documents\Codex\2026-07-04\noether-interlanguage-method-authority\outputs\INTERLANGUAGE_FABLE_4065F6A4_CURRENT_FRONTIER_AUTHORITY_ROUTING_20260707\source_artifacts\0085_57c4beded1_R3_18BBB185_BRANCH_FRONTIER_VERIFICATION.csv
retain object-id body copy with ledger row,source-use/provenance/gap/draft/non-canonical support only; no community-consent/review/approval/license/gate/source-certification/final/bridge-pilot/translation-completion claims,4065f6a4b22c625356e2fd080167c5c5d03b0a00,2026-07-07T04:50:32Z,source_body,C:\Users\memo_\Documents\Codex\2026-07-04\noether-interlanguage-method-authority\outputs\INTERLANGUAGE_FABLE_4065F6A4_CURRENT_FRONTIER_AUTHORITY_ROUTING_20260707\source_artifacts\0086_610fc78562_R3_18BBB185_BRANCH_VISIBLE_INPUT_COPY_LEDGER.csv
retain object-id body copy with ledger row,source-use/provenance/gap/draft/non-canonical support only; no community-consent/review/approval/license/gate/source-certification/final/bridge-pilot/translation-completion claims,4065f6a4b22c625356e2fd080167c5c5d03b0a00,2026-07-07T04:50:32Z,source_body,C:\Users\memo_\Documents\Codex\2026-07-04\noether-interlanguage-method-authority\outputs\INTERLANGUAGE_FABLE_4065F6A4_CURRENT_FRONTIER_AUTHORITY_ROUTING_20260707\source_artifacts\0087_bb47ea4e02_R3_18BBB185_EXACT_BLOCKERS_AND_RECOVERY_ROWS.csv
retain object-id body copy with ledger row,source-use/provenance/gap/draft/non-canonical support only; no community-consent/review/approval/license/gate/source-certification/final/bridge-pilot/translation-completion claims,4065f6a4b22c625356e2fd080167c5c5d03b0a00,2026-07-07T04:50:32Z,source_body,C:\Users\memo_\Documents\Codex\2026-07-04\noether-interlanguage-method-authority\outputs\INTERLANGUAGE_FABLE_4065F6A4_CURRENT_FRONTIER_AUTHORITY_ROUTING_20260707\source_artifacts\0088_c044521e29_R3_18BBB185_FABLE_ADVERSE_BOUNDARY_LEDGER.csv
retain object-id body copy with ledger row,source-use/provenance/gap/draft/non-canonical support only; no community-consent/review/approval/license/gate/source-certification/final/bridge-pilot/translation-completion claims,4065f6a4b22c625356e2fd080167c5c5d03b0a00,2026-07-07T04:50:32Z,source_body,C:\Users\memo_\Documents\Codex\2026-07-04\noether-interlanguage-method-authority\outputs\INTERLANGUAGE_FABLE_4065F6A4_CURRENT_FRONTIER_AUTHORITY_ROUTING_20260707\source_artifacts\0089_d4fd86645d_R3_18BBB185_LANGUAGE_BOUNDARY_ROWS.csv
retain object-id body copy with ledger row,source-use/provenance/gap/draft/non-canonical support only; no community-consent/review/approval/license/gate/source-certification/final/bridge-pilot/translation-completion claims,4065f6a4b22c625356e2fd080167c5c5d03b0a00,2026-07-07T04:50:32Z,source_body,C:\Users\memo_\Documents\Codex\2026-07-04\noether-interlanguage-method-authority\outputs\INTERLANGUAGE_FABLE_4065F6A4_CURRENT_FRONTIER_AUTHORITY_ROUTING_20260707\source_artifacts\0090_75ccd890ca_R3_18BBB185_SOURCE_USE_GAP_RECOVERY_ROWS.csv
retain object-id body copy with ledger row,source-use/provenance/gap/draft/non-canonical support only; no community-consent/review/approval/license/gate/source-certification/final/bridge-pilot/translation-completion claims,4065f6a4b22c625356e2fd080167c5c5d03b0a00,2026-07-07T04:50:32Z,source_body,C:\Users\memo_\Documents\Codex\2026-07-04\noether-interlanguage-method-authority\outputs\INTERLANGUAGE_FABLE_4065F6A4_CURRENT_FRONTIER_AUTHORITY_ROUTING_20260707\source_artifacts\0091_c425791437_R3_18BBB185_TOKEN_RESET_AND_MUTUAL_WAKE_RULES.csv
retain object-id body copy with ledger row,source-use/provenance/gap/draft/non-canonical support only; no community-consent/review/approval/license/gate/source-certification/final/bridge-pilot/translation-completion claims,4065f6a4b22c625356e2fd080167c5c5d03b0a00,2026-07-07T04:50:32Z,source_body,C:\Users\memo_\Documents\Codex\2026-07-04\noether-interlanguage-method-authority\outputs\INTERLANGUAGE_FABLE_4065F6A4_CURRENT_FRONTIER_AUTHORITY_ROUTING_20260707\source_artifacts\0092_77e8344280_README.md
retain object-id body copy with ledger row,source-use/provenance/gap/draft/non-canonical support only; no community-consent/review/approval/license/gate/source-certification/final/bridge-pilot/translation-completion claims,4065f6a4b22c625356e2fd080167c5c5d03b0a00,2026-07-07T04:50:32Z,source_body,C:\Users\memo_\Documents\Codex\2026-07-04\noether-interlanguage-method-authority\outputs\INTERLANGUAGE_FABLE_4065F6A4_CURRENT_FRONTIER_AUTHORITY_ROUTING_20260707\source_artifacts\0093_91b016678b_SHA256SUMS.txt
retain object-id body copy with ledger row,source-use/provenance/gap/draft/non-canonical support only; no community-consent/review/approval/license/gate/source-certification/final/bridge-pilot/translation-completion claims,4065f6a4b22c625356e2fd080167c5c5d03b0a00,2026-07-07T04:50:32Z,source_body,C:\Users\memo_\Documents\Codex\2026-07-04\noether-interlanguage-method-authority\outputs\INTERLANGUAGE_FABLE_4065F6A4_CURRENT_FRONTIER_AUTHORITY_ROUTING_20260707\source_artifacts\0094_9905adee3e_b3_18bbb_action_summary__B3_ACTION_SUMMARY.csv
retain object-id body copy with ledger row,source-use/provenance/gap/draft/non-canonical support only; no community-consent/review/approval/license/gate/source-certification/final/bridge-pilot/translation-completion claims,4065f6a4b22c625356e2fd080167c5c5d03b0a00,2026-07-07T04:50:32Z,source_body,C:\Users\memo_\Documents\Codex\2026-07-04\noether-interlanguage-method-authority\outputs\INTERLANGUAGE_FABLE_4065F6A4_CURRENT_FRONTIER_AUTHORITY_ROUTING_20260707\source_artifacts\0095_30cf2e667e_b3_a55_action_summary__B3_ACTION_SUMMARY.csv
retain object-id body copy with ledger row,source-use/provenance/gap/draft/non-canonical support only; no community-consent/review/approval/license/gate/source-certification/final/bridge-pilot/translation-completion claims,4065f6a4b22c625356e2fd080167c5c5d03b0a00,2026-07-07T04:50:32Z,source_body,C:\Users\memo_\Documents\Codex\2026-07-04\noether-interlanguage-method-authority\outputs\INTERLANGUAGE_FABLE_4065F6A4_CURRENT_FRONTIER_AUTHORITY_ROUTING_20260707\source_artifacts\0096_7f420c0bf8_branch_visible_r3_1a_same_frontier_validation__PACKAGE_VALIDATION.json
retain object-id body copy with ledger row,source-use/provenance/gap/draft/non-canonical support only; no community-consent/review/approval/license/gate/source-certification/final/bridge-pilot/translation-completion claims,4065f6a4b22c625356e2fd080167c5c5d03b0a00,2026-07-07T04:50:32Z,source_body,C:\Users\memo_\Documents\Codex\2026-07-04\noether-interlanguage-method-authority\outputs\INTERLANGUAGE_FABLE_4065F6A4_CURRENT_FRONTIER_AUTHORITY_ROUTING_20260707\source_artifacts\0097_6f10277448_branch_visible_r3_1a_source_use_gap__R3_1A823D4A_SOURCE_USE_GAP_LEDGER.csv
retain object-id body copy with ledger row,source-use/provenance/gap/draft/non-canonical support only; no community-consent/review/approval/license/gate/source-certification/final/bridge-pilot/translation-completion claims,4065f6a4b22c625356e2fd080167c5c5d03b0a00,2026-07-07T04:50:32Z,source_body,C:\Users\memo_\Documents\Codex\2026-07-04\noether-interlanguage-method-authority\outputs\INTERLANGUAGE_FABLE_4065F6A4_CURRENT_FRONTIER_AUTHORITY_ROUTING_20260707\source_artifacts\0098_e094535d14_branch_visible_r3_7b_fable_adverse__R3_7B34EC91_FABLE_ADVERSE_BOUNDARY_LEDGER.csv
retain object-id body copy with ledger row,source-use/provenance/gap/draft/non-canonical support only; no community-consent/review/approval/license/gate/source-certification/final/bridge-pilot/translation-completion claims,4065f6a4b22c625356e2fd080167c5c5d03b0a00,2026-07-07T04:50:32Z,source_body,C:\Users\memo_\Documents\Codex\2026-07-04\noether-interlanguage-method-authority\outputs\INTERLANGUAGE_FABLE_4065F6A4_CURRENT_FRONTIER_AUTHORITY_ROUTING_20260707\source_artifacts\0099_bde6d669e6_branch_visible_r3_7b_language_boundary__R3_7B34EC91_LANGUAGE_BOUNDARY_ROWS.csv
retain object-id body copy with ledger row,source-use/provenance/gap/draft/non-canonical support only; no community-consent/review/approval/license/gate/source-certification/final/bridge-pilot/translation-completion claims,4065f6a4b22c625356e2fd080167c5c5d03b0a00,2026-07-07T04:50:32Z,source_body,C:\Users\memo_\Documents\Codex\2026-07-04\noether-interlanguage-method-authority\outputs\INTERLANGUAGE_FABLE_4065F6A4_CURRENT_FRONTIER_AUTHORITY_ROUTING_20260707\source_artifacts\0100_5ef461cc74_branch_visible_r3_7b_package_validation__PACKAGE_VALIDATION.json
retain object-id body copy with ledger row,source-use/provenance/gap/draft/non-canonical support only; no community-consent/review/approval/license/gate/source-certification/final/bridge-pilot/translation-completion claims,4065f6a4b22c625356e2fd080167c5c5d03b0a00,2026-07-07T04:50:32Z,source_body,C:\Users\memo_\Documents\Codex\2026-07-04\noether-interlanguage-method-authority\outputs\INTERLANGUAGE_FABLE_4065F6A4_CURRENT_FRONTIER_AUTHORITY_ROUTING_20260707\source_artifacts\0101_5accad0449_branch_visible_r3_7b_source_use_gap__R3_7B34EC91_SOURCE_USE_GAP_RECOVERY_ROWS.csv
retain object-id body copy with ledger row,source-use/provenance/gap/draft/non-canonical support only; no community-consent/review/approval/license/gate/source-certification/final/bridge-pilot/translation-completion claims,4065f6a4b22c625356e2fd080167c5c5d03b0a00,2026-07-07T04:50:32Z,source_body,C:\Users\memo_\Documents\Codex\2026-07-04\noether-interlanguage-method-authority\outputs\INTERLANGUAGE_FABLE_4065F6A4_CURRENT_FRONTIER_AUTHORITY_ROUTING_20260707\source_artifacts\0102_c6cf00f9ff_non_slavic_7b_blockers__EXACT_BLOCKER_RECOVERY_ROWS_7B34EC91.csv
retain object-id body copy with ledger row,source-use/provenance/gap/draft/non-canonical support only; no community-consent/review/approval/license/gate/source-certification/final/bridge-pilot/translation-completion claims,4065f6a4b22c625356e2fd080167c5c5d03b0a00,2026-07-07T04:50:32Z,source_body,C:\Users\memo_\Documents\Codex\2026-07-04\noether-interlanguage-method-authority\outputs\INTERLANGUAGE_FABLE_4065F6A4_CURRENT_FRONTIER_AUTHORITY_ROUTING_20260707\source_artifacts\0103_e1531b70fb_non_slavic_7b_route_status__EIGHT_LANE_ROUTE_STATUS_ROWS_7B34EC91.csv
retain object-id body copy with ledger row,source-use/provenance/gap/draft/non-canonical support only; no community-consent/review/approval/license/gate/source-certification/final/bridge-pilot/translation-completion claims,4065f6a4b22c625356e2fd080167c5c5d03b0a00,2026-07-07T04:50:32Z,source_body,C:\Users\memo_\Documents\Codex\2026-07-04\noether-interlanguage-method-authority\outputs\INTERLANGUAGE_FABLE_4065F6A4_CURRENT_FRONTIER_AUTHORITY_ROUTING_20260707\source_artifacts\0104_5263b1422c_non_slavic_7b_source_use_gap_rollup__SOURCE_USE_GAP_FABLE_ADVERSE_ROLLUP_7B34EC91.csv
retain object-id body copy with ledger row,source-use/provenance/gap/draft/non-canonical support only; no community-consent/review/approval/license/gate/source-certification/final/bridge-pilot/translation-completion claims,4065f6a4b22c625356e2fd080167c5c5d03b0a00,2026-07-07T04:50:32Z,source_body,C:\Users\memo_\Documents\Codex\2026-07-04\noether-interlanguage-method-authority\outputs\INTERLANGUAGE_FABLE_4065F6A4_CURRENT_FRONTIER_AUTHORITY_ROUTING_20260707\source_artifacts\0105_fd039359e7_non_slavic_7b_summary__SUMMARY.json
retain object-id body copy with ledger row,source-use/provenance/gap/draft/non-canonical support only; no community-consent/review/approval/license/gate/source-certification/final/bridge-pilot/translation-completion claims,4065f6a4b22c625356e2fd080167c5c5d03b0a00,2026-07-07T04:50:32Z,source_body,C:\Users\memo_\Documents\Codex\2026-07-04\noether-interlanguage-method-authority\outputs\INTERLANGUAGE_FABLE_4065F6A4_CURRENT_FRONTIER_AUTHORITY_ROUTING_20260707\source_artifacts\0106_22c4fd1fc2_non_slavic_a55_blockers__EXACT_BLOCKER_RECOVERY_ROWS_A55A9D0F.csv
retain object-id body copy with ledger row,source-use/provenance/gap/draft/non-canonical support only; no community-consent/review/approval/license/gate/source-certification/final/bridge-pilot/translation-completion claims,4065f6a4b22c625356e2fd080167c5c5d03b0a00,2026-07-07T04:50:32Z,source_body,C:\Users\memo_\Documents\Codex\2026-07-04\noether-interlanguage-method-authority\outputs\INTERLANGUAGE_FABLE_4065F6A4_CURRENT_FRONTIER_AUTHORITY_ROUTING_20260707\source_artifacts\0107_0aae2847f8_non_slavic_a55_child_inventory__CHILD_PACKAGE_INVENTORY_A55A9D0F.csv
retain object-id body copy with ledger row,source-use/provenance/gap/draft/non-canonical support only; no community-consent/review/approval/license/gate/source-certification/final/bridge-pilot/translation-completion claims,4065f6a4b22c625356e2fd080167c5c5d03b0a00,2026-07-07T04:50:32Z,source_body,C:\Users\memo_\Documents\Codex\2026-07-04\noether-interlanguage-method-authority\outputs\INTERLANGUAGE_FABLE_4065F6A4_CURRENT_FRONTIER_AUTHORITY_ROUTING_20260707\source_artifacts\0108_c972195cc8_non_slavic_a55_source_use_gap_rollup__SOURCE_USE_GAP_FABLE_ADVERSE_ROLLUP_A55A9D0F.csv
retain object-id body copy with ledger row,source-use/provenance/gap/draft/non-canonical support only; no community-consent/review/approval/license/gate/source-certification/final/bridge-pilot/translation-completion claims,4065f6a4b22c625356e2fd080167c5c5d03b0a00,2026-07-07T04:50:32Z,source_body,C:\Users\memo_\Documents\Codex\2026-07-04\noether-interlanguage-method-authority\outputs\INTERLANGUAGE_FABLE_4065F6A4_CURRENT_FRONTIER_AUTHORITY_ROUTING_20260707\source_artifacts\0109_920d97606a_non_slavic_a55_summary__SUMMARY.json
retain object-id body copy with ledger row,source-use/provenance/gap/draft/non-canonical support only; no community-consent/review/approval/license/gate/source-certification/final/bridge-pilot/translation-completion claims,4065f6a4b22c625356e2fd080167c5c5d03b0a00,2026-07-07T04:50:32Z,source_body,C:\Users\memo_\Documents\Codex\2026-07-04\noether-interlanguage-method-authority\outputs\INTERLANGUAGE_FABLE_4065F6A4_CURRENT_FRONTIER_AUTHORITY_ROUTING_20260707\source_artifacts\0110_12a4311324_r6_1a_accounting_fable__FABLE_ADVERSE_EVIDENCE_LEDGER_20260707.csv
retain object-id body copy with ledger row,source-use/provenance/gap/draft/non-canonical support only; no community-consent/review/approval/license/gate/source-certification/final/bridge-pilot/translation-completion claims,4065f6a4b22c625356e2fd080167c5c5d03b0a00,2026-07-07T04:50:32Z,source_body,C:\Users\memo_\Documents\Codex\2026-07-04\noether-interlanguage-method-authority\outputs\INTERLANGUAGE_FABLE_4065F6A4_CURRENT_FRONTIER_AUTHORITY_ROUTING_20260707\source_artifacts\0111_4d126326dc_r6_1a_accounting_source_use__SOURCE_USE_GAP_ROWS_20260707.csv
retain object-id body copy with ledger row,source-use/provenance/gap/draft/non-canonical support only; no community-consent/review/approval/license/gate/source-certification/final/bridge-pilot/translation-completion claims,4065f6a4b22c625356e2fd080167c5c5d03b0a00,2026-07-07T04:50:32Z,source_body,C:\Users\memo_\Documents\Codex\2026-07-04\noether-interlanguage-method-authority\outputs\INTERLANGUAGE_FABLE_4065F6A4_CURRENT_FRONTIER_AUTHORITY_ROUTING_20260707\source_artifacts\0112_db5fd518ac_r6_7b_cross_lane_boundary__R6_7B34EC91_CROSS_LANE_CONTEXT_BOUNDARY.csv
retain object-id body copy with ledger row,source-use/provenance/gap/draft/non-canonical support only; no community-consent/review/approval/license/gate/source-certification/final/bridge-pilot/translation-completion claims,4065f6a4b22c625356e2fd080167c5c5d03b0a00,2026-07-07T04:50:32Z,source_body,C:\Users\memo_\Documents\Codex\2026-07-04\noether-interlanguage-method-authority\outputs\INTERLANGUAGE_FABLE_4065F6A4_CURRENT_FRONTIER_AUTHORITY_ROUTING_20260707\source_artifacts\0113_be79ee3ae9_r6_7b_fable_adverse__R6_7B34EC91_SOURCE_USE_ADVERSE_EVIDENCE_LEDGER.csv
retain object-id body copy with ledger row,source-use/provenance/gap/draft/non-canonical support only; no community-consent/review/approval/license/gate/source-certification/final/bridge-pilot/translation-completion claims,4065f6a4b22c625356e2fd080167c5c5d03b0a00,2026-07-07T04:50:32Z,source_body,C:\Users\memo_\Documents\Codex\2026-07-04\noether-interlanguage-method-authority\outputs\INTERLANGUAGE_FABLE_4065F6A4_CURRENT_FRONTIER_AUTHORITY_ROUTING_20260707\source_artifacts\0114_c7c1d82921_B3_ACTION_SUMMARY.csv
retain object-id body copy with ledger row,source-use/provenance/gap/draft/non-canonical support only; no community-consent/review/approval/license/gate/source-certification/final/bridge-pilot/translation-completion claims,4065f6a4b22c625356e2fd080167c5c5d03b0a00,2026-07-07T04:50:32Z,source_body,C:\Users\memo_\Documents\Codex\2026-07-04\noether-interlanguage-method-authority\outputs\INTERLANGUAGE_FABLE_4065F6A4_CURRENT_FRONTIER_AUTHORITY_ROUTING_20260707\source_artifacts\0115_12ea32931f_BRANCH_PR_STATE.csv
retain object-id body copy with ledger row,source-use/provenance/gap/draft/non-canonical support only; no community-consent/review/approval/license/gate/source-certification/final/bridge-pilot/translation-completion claims,4065f6a4b22c625356e2fd080167c5c5d03b0a00,2026-07-07T04:50:32Z,source_body,C:\Users\memo_\Documents\Codex\2026-07-04\noether-interlanguage-method-authority\outputs\INTERLANGUAGE_FABLE_4065F6A4_CURRENT_FRONTIER_AUTHORITY_ROUTING_20260707\source_artifacts\0116_e6e997eede_FAST_IMPORT_BLOB_LEDGER.csv
retain object-id body copy with ledger row,source-use/provenance/gap/draft/non-canonical support only; no community-consent/review/approval/license/gate/source-certification/final/bridge-pilot/translation-completion claims,4065f6a4b22c625356e2fd080167c5c5d03b0a00,2026-07-07T04:50:32Z,source_body,C:\Users\memo_\Documents\Codex\2026-07-04\noether-interlanguage-method-authority\outputs\INTERLANGUAGE_FABLE_4065F6A4_CURRENT_FRONTIER_AUTHORITY_ROUTING_20260707\source_artifacts\0117_52833843ea_MANIFEST.csv
retain object-id body copy with ledger row,source-use/provenance/gap/draft/non-canonical support only; no community-consent/review/approval/license/gate/source-certification/final/bridge-pilot/translation-completion claims,4065f6a4b22c625356e2fd080167c5c5d03b0a00,2026-07-07T04:50:32Z,source_body,C:\Users\memo_\Documents\Codex\2026-07-04\noether-interlanguage-method-authority\outputs\INTERLANGUAGE_FABLE_4065F6A4_CURRENT_FRONTIER_AUTHORITY_ROUTING_20260707\source_artifacts\0118_97ae9290b0_PACKAGE_FILE_LEDGER.csv
retain object-id body copy with ledger row,source-use/provenance/gap/draft/non-canonical support only; no community-consent/review/approval/license/gate/source-certification/final/bridge-pilot/translation-completion claims,4065f6a4b22c625356e2fd080167c5c5d03b0a00,2026-07-07T04:50:32Z,source_body,C:\Users\memo_\Documents\Codex\2026-07-04\noether-interlanguage-method-authority\outputs\INTERLANGUAGE_FABLE_4065F6A4_CURRENT_FRONTIER_AUTHORITY_ROUTING_20260707\source_artifacts\0119_b2ea1d9d22_PACKAGE_ROOT_SUMMARY.csv
retain object-id body copy with ledger row,source-use/provenance/gap/draft/non-canonical support only; no community-consent/review/approval/license/gate/source-certification/final/bridge-pilot/translation-completion claims,4065f6a4b22c625356e2fd080167c5c5d03b0a00,2026-07-07T04:50:32Z,source_body,C:\Users\memo_\Documents\Codex\2026-07-04\noether-interlanguage-method-authority\outputs\INTERLANGUAGE_FABLE_4065F6A4_CURRENT_FRONTIER_AUTHORITY_ROUTING_20260707\source_artifacts\0120_e2a7a6019a_README.md
retain object-id body copy with ledger row,source-use/provenance/gap/draft/non-canonical support only; no community-consent/review/approval/license/gate/source-certification/final/bridge-pilot/translation-completion claims,4065f6a4b22c625356e2fd080167c5c5d03b0a00,2026-07-07T04:50:32Z,source_body,C:\Users\memo_\Documents\Codex\2026-07-04\noether-interlanguage-method-authority\outputs\INTERLANGUAGE_FABLE_4065F6A4_CURRENT_FRONTIER_AUTHORITY_ROUTING_20260707\source_artifacts\0121_d95f16e68d_SAFETY_SCAN_HITS.csv
retain object-id body copy with ledger row,source-use/provenance/gap/draft/non-canonical support only; no community-consent/review/approval/license/gate/source-certification/final/bridge-pilot/translation-completion claims,4065f6a4b22c625356e2fd080167c5c5d03b0a00,2026-07-07T04:50:32Z,source_body,C:\Users\memo_\Documents\Codex\2026-07-04\noether-interlanguage-method-authority\outputs\INTERLANGUAGE_FABLE_4065F6A4_CURRENT_FRONTIER_AUTHORITY_ROUTING_20260707\source_artifacts\0122_7b755ff0a5_SHA256SUMS.txt
retain object-id body copy with ledger row,source-use/provenance/gap/draft/non-canonical support only; no community-consent/review/approval/license/gate/source-certification/final/bridge-pilot/translation-completion claims,4065f6a4b22c625356e2fd080167c5c5d03b0a00,2026-07-07T04:50:32Z,source_body,C:\Users\memo_\Documents\Codex\2026-07-04\noether-interlanguage-method-authority\outputs\INTERLANGUAGE_FABLE_4065F6A4_CURRENT_FRONTIER_AUTHORITY_ROUTING_20260707\source_artifacts\0123_09b7f7e1fe_VALIDATION_ISSUES.csv
retain object-id body copy with ledger row,source-use/provenance/gap/draft/non-canonical support only; no community-consent/review/approval/license/gate/source-certification/final/bridge-pilot/translation-completion claims,4065f6a4b22c625356e2fd080167c5c5d03b0a00,2026-07-07T04:50:32Z,source_body,C:\Users\memo_\Documents\Codex\2026-07-04\noether-interlanguage-method-authority\outputs\INTERLANGUAGE_FABLE_4065F6A4_CURRENT_FRONTIER_AUTHORITY_ROUTING_20260707\source_artifacts\0124_55515c473b_B3_ACTION_SUMMARY.csv
retain object-id body copy with ledger row,source-use/provenance/gap/draft/non-canonical support only; no community-consent/review/approval/license/gate/source-certification/final/bridge-pilot/translation-completion claims,4065f6a4b22c625356e2fd080167c5c5d03b0a00,2026-07-07T04:50:32Z,source_body,C:\Users\memo_\Documents\Codex\2026-07-04\noether-interlanguage-method-authority\outputs\INTERLANGUAGE_FABLE_4065F6A4_CURRENT_FRONTIER_AUTHORITY_ROUTING_20260707\source_artifacts\0125_86669b2f1c_BRANCH_PR_STATE.csv
retain object-id body copy with ledger row,source-use/provenance/gap/draft/non-canonical support only; no community-consent/review/approval/license/gate/source-certification/final/bridge-pilot/translation-completion claims,4065f6a4b22c625356e2fd080167c5c5d03b0a00,2026-07-07T04:50:32Z,source_body,C:\Users\memo_\Documents\Codex\2026-07-04\noether-interlanguage-method-authority\outputs\INTERLANGUAGE_FABLE_4065F6A4_CURRENT_FRONTIER_AUTHORITY_ROUTING_20260707\source_artifacts\0126_be52791a90_FAST_IMPORT_BLOB_LEDGER.csv
retain object-id body copy with ledger row,source-use/provenance/gap/draft/non-canonical support only; no community-consent/review/approval/license/gate/source-certification/final/bridge-pilot/translation-completion claims,4065f6a4b22c625356e2fd080167c5c5d03b0a00,2026-07-07T04:50:32Z,source_body,C:\Users\memo_\Documents\Codex\2026-07-04\noether-interlanguage-method-authority\outputs\INTERLANGUAGE_FABLE_4065F6A4_CURRENT_FRONTIER_AUTHORITY_ROUTING_20260707\source_artifacts\0127_5d2783efe9_MANIFEST.csv
retain object-id body copy with ledger row,source-use/provenance/gap/draft/non-canonical support only; no community-consent/review/approval/license/gate/source-certification/final/bridge-pilot/translation-completion claims,4065f6a4b22c625356e2fd080167c5c5d03b0a00,2026-07-07T04:50:32Z,source_body,C:\Users\memo_\Documents\Codex\2026-07-04\noether-interlanguage-method-authority\outputs\INTERLANGUAGE_FABLE_4065F6A4_CURRENT_FRONTIER_AUTHORITY_ROUTING_20260707\source_artifacts\0128_6b566b17fe_PACKAGE_FILE_LEDGER.csv
retain object-id body copy with ledger row,source-use/provenance/gap/draft/non-canonical support only; no community-consent/review/approval/license/gate/source-certification/final/bridge-pilot/translation-completion claims,4065f6a4b22c625356e2fd080167c5c5d03b0a00,2026-07-07T04:50:32Z,source_body,C:\Users\memo_\Documents\Codex\2026-07-04\noether-interlanguage-method-authority\outputs\INTERLANGUAGE_FABLE_4065F6A4_CURRENT_FRONTIER_AUTHORITY_ROUTING_20260707\source_artifacts\0129_4edbdb9683_PACKAGE_ROOT_SUMMARY.csv
retain object-id body copy with ledger row,source-use/provenance/gap/draft/non-canonical support only; no community-consent/review/approval/license/gate/source-certification/final/bridge-pilot/translation-completion claims,4065f6a4b22c625356e2fd080167c5c5d03b0a00,2026-07-07T04:50:32Z,source_body,C:\Users\memo_\Documents\Codex\2026-07-04\noether-interlanguage-method-authority\outputs\INTERLANGUAGE_FABLE_4065F6A4_CURRENT_FRONTIER_AUTHORITY_ROUTING_20260707\source_artifacts\0130_d0e573cfc6_README.md
retain object-id body copy with ledger row,source-use/provenance/gap/draft/non-canonical support only; no community-consent/review/approval/license/gate/source-certification/final/bridge-pilot/translation-completion claims,4065f6a4b22c625356e2fd080167c5c5d03b0a00,2026-07-07T04:50:32Z,source_body,C:\Users\memo_\Documents\Codex\2026-07-04\noether-interlanguage-method-authority\outputs\INTERLANGUAGE_FABLE_4065F6A4_CURRENT_FRONTIER_AUTHORITY_ROUTING_20260707\source_artifacts\0131_05c64b0384_SAFETY_SCAN_HITS.csv
retain object-id body copy with ledger row,source-use/provenance/gap/draft/non-canonical support only; no community-consent/review/approval/license/gate/source-certification/final/bridge-pilot/translation-completion claims,4065f6a4b22c625356e2fd080167c5c5d03b0a00,2026-07-07T04:50:32Z,source_body,C:\Users\memo_\Documents\Codex\2026-07-04\noether-interlanguage-method-authority\outputs\INTERLANGUAGE_FABLE_4065F6A4_CURRENT_FRONTIER_AUTHORITY_ROUTING_20260707\source_artifacts\0132_2e331d8a98_SHA256SUMS.txt
retain object-id body copy with ledger row,source-use/provenance/gap/draft/non-canonical support only; no community-consent/review/approval/license/gate/source-certification/final/bridge-pilot/translation-completion claims,4065f6a4b22c625356e2fd080167c5c5d03b0a00,2026-07-07T04:50:32Z,source_body,C:\Users\memo_\Documents\Codex\2026-07-04\noether-interlanguage-method-authority\outputs\INTERLANGUAGE_FABLE_4065F6A4_CURRENT_FRONTIER_AUTHORITY_ROUTING_20260707\source_artifacts\0133_09b7f7e1fe_VALIDATION_ISSUES.csv
retain object-id body copy with ledger row,source-use/provenance/gap/draft/non-canonical support only; no community-consent/review/approval/license/gate/source-certification/final/bridge-pilot/translation-completion claims,4065f6a4b22c625356e2fd080167c5c5d03b0a00,2026-07-07T04:50:32Z,source_body,C:\Users\memo_\Documents\Codex\2026-07-04\noether-interlanguage-method-authority\outputs\INTERLANGUAGE_FABLE_4065F6A4_CURRENT_FRONTIER_AUTHORITY_ROUTING_20260707\source_artifacts\0134_fe37624ba5_B3_ACTION_SUMMARY.csv
retain object-id body copy with ledger row,source-use/provenance/gap/draft/non-canonical support only; no community-consent/review/approval/license/gate/source-certification/final/bridge-pilot/translation-completion claims,4065f6a4b22c625356e2fd080167c5c5d03b0a00,2026-07-07T04:50:32Z,source_body,C:\Users\memo_\Documents\Codex\2026-07-04\noether-interlanguage-method-authority\outputs\INTERLANGUAGE_FABLE_4065F6A4_CURRENT_FRONTIER_AUTHORITY_ROUTING_20260707\source_artifacts\0135_4483fadd8c_BRANCH_PR_STATE.csv
retain object-id body copy with ledger row,source-use/provenance/gap/draft/non-canonical support only; no community-consent/review/approval/license/gate/source-certification/final/bridge-pilot/translation-completion claims,4065f6a4b22c625356e2fd080167c5c5d03b0a00,2026-07-07T04:50:32Z,source_body,C:\Users\memo_\Documents\Codex\2026-07-04\noether-interlanguage-method-authority\outputs\INTERLANGUAGE_FABLE_4065F6A4_CURRENT_FRONTIER_AUTHORITY_ROUTING_20260707\source_artifacts\0136_f348d9aa8f_FAST_IMPORT_BLOB_LEDGER.csv
retain object-id body copy with ledger row,source-use/provenance/gap/draft/non-canonical support only; no community-consent/review/approval/license/gate/source-certification/final/bridge-pilot/translation-completion claims,4065f6a4b22c625356e2fd080167c5c5d03b0a00,2026-07-07T04:50:32Z,source_body,C:\Users\memo_\Documents\Codex\2026-07-04\noether-interlanguage-method-authority\outputs\INTERLANGUAGE_FABLE_4065F6A4_CURRENT_FRONTIER_AUTHORITY_ROUTING_20260707\source_artifacts\0137_33880a40fe_MANIFEST.csv
retain object-id body copy with ledger row,source-use/provenance/gap/draft/non-canonical support only; no community-consent/review/approval/license/gate/source-certification/final/bridge-pilot/translation-completion claims,4065f6a4b22c625356e2fd080167c5c5d03b0a00,2026-07-07T04:50:32Z,source_body,C:\Users\memo_\Documents\Codex\2026-07-04\noether-interlanguage-method-authority\outputs\INTERLANGUAGE_FABLE_4065F6A4_CURRENT_FRONTIER_AUTHORITY_ROUTING_20260707\source_artifacts\0138_102cb9aace_PACKAGE_FILE_LEDGER.csv
retain object-id body copy with ledger row,source-use/provenance/gap/draft/non-canonical support only; no community-consent/review/approval/license/gate/source-certification/final/bridge-pilot/translation-completion claims,4065f6a4b22c625356e2fd080167c5c5d03b0a00,2026-07-07T04:50:32Z,source_body,C:\Users\memo_\Documents\Codex\2026-07-04\noether-interlanguage-method-authority\outputs\INTERLANGUAGE_FABLE_4065F6A4_CURRENT_FRONTIER_AUTHORITY_ROUTING_20260707\source_artifacts\0139_8e6bf286f1_PACKAGE_ROOT_SUMMARY.csv
retain object-id body copy with ledger row,source-use/provenance/gap/draft/non-canonical support only; no community-consent/review/approval/license/gate/source-certification/final/bridge-pilot/translation-completion claims,4065f6a4b22c625356e2fd080167c5c5d03b0a00,2026-07-07T04:50:32Z,source_body,C:\Users\memo_\Documents\Codex\2026-07-04\noether-interlanguage-method-authority\outputs\INTERLANGUAGE_FABLE_4065F6A4_CURRENT_FRONTIER_AUTHORITY_ROUTING_20260707\source_artifacts\0140_b8795a9414_README.md
retain object-id body copy with ledger row,source-use/provenance/gap/draft/non-canonical support only; no community-consent/review/approval/license/gate/source-certification/final/bridge-pilot/translation-completion claims,4065f6a4b22c625356e2fd080167c5c5d03b0a00,2026-07-07T04:50:32Z,source_body,C:\Users\memo_\Documents\Codex\2026-07-04\noether-interlanguage-method-authority\outputs\INTERLANGUAGE_FABLE_4065F6A4_CURRENT_FRONTIER_AUTHORITY_ROUTING_20260707\source_artifacts\0141_d95f16e68d_SAFETY_SCAN_HITS.csv
retain object-id body copy with ledger row,source-use/provenance/gap/draft/non-canonical support only; no community-consent/review/approval/license/gate/source-certification/final/bridge-pilot/translation-completion claims,4065f6a4b22c625356e2fd080167c5c5d03b0a00,2026-07-07T04:50:32Z,source_body,C:\Users\memo_\Documents\Codex\2026-07-04\noether-interlanguage-method-authority\outputs\INTERLANGUAGE_FABLE_4065F6A4_CURRENT_FRONTIER_AUTHORITY_ROUTING_20260707\source_artifacts\0142_d2cd3e5442_SHA256SUMS.txt
retain object-id body copy with ledger row,source-use/provenance/gap/draft/non-canonical support only; no community-consent/review/approval/license/gate/source-certification/final/bridge-pilot/translation-completion claims,4065f6a4b22c625356e2fd080167c5c5d03b0a00,2026-07-07T04:50:32Z,source_body,C:\Users\memo_\Documents\Codex\2026-07-04\noether-interlanguage-method-authority\outputs\INTERLANGUAGE_FABLE_4065F6A4_CURRENT_FRONTIER_AUTHORITY_ROUTING_20260707\source_artifacts\0143_09b7f7e1fe_VALIDATION_ISSUES.csv
retain object-id body copy with ledger row,source-use/provenance/gap/draft/non-canonical support only; no community-consent/review/approval/license/gate/source-certification/final/bridge-pilot/translation-completion claims,4065f6a4b22c625356e2fd080167c5c5d03b0a00,2026-07-07T04:50:32Z,source_body,C:\Users\memo_\Documents\Codex\2026-07-04\noether-interlanguage-method-authority\outputs\INTERLANGUAGE_FABLE_4065F6A4_CURRENT_FRONTIER_AUTHORITY_ROUTING_20260707\source_artifacts\0144_8a107a9844_B3_ACTION_SUMMARY.csv
retain object-id body copy with ledger row,source-use/provenance/gap/draft/non-canonical support only; no community-consent/review/approval/license/gate/source-certification/final/bridge-pilot/translation-completion claims,4065f6a4b22c625356e2fd080167c5c5d03b0a00,2026-07-07T04:50:32Z,source_body,C:\Users\memo_\Documents\Codex\2026-07-04\noether-interlanguage-method-authority\outputs\INTERLANGUAGE_FABLE_4065F6A4_CURRENT_FRONTIER_AUTHORITY_ROUTING_20260707\source_artifacts\0145_caed455870_BRANCH_PR_STATE.csv
retain object-id body copy with ledger row,source-use/provenance/gap/draft/non-canonical support only; no community-consent/review/approval/license/gate/source-certification/final/bridge-pilot/translation-completion claims,4065f6a4b22c625356e2fd080167c5c5d03b0a00,2026-07-07T04:50:32Z,source_body,C:\Users\memo_\Documents\Codex\2026-07-04\noether-interlanguage-method-authority\outputs\INTERLANGUAGE_FABLE_4065F6A4_CURRENT_FRONTIER_AUTHORITY_ROUTING_20260707\source_artifacts\0146_9681fe49c3_FAST_IMPORT_BLOB_LEDGER.csv
retain object-id body copy with ledger row,source-use/provenance/gap/draft/non-canonical support only; no community-consent/review/approval/license/gate/source-certification/final/bridge-pilot/translation-completion claims,4065f6a4b22c625356e2fd080167c5c5d03b0a00,2026-07-07T04:50:32Z,source_body,C:\Users\memo_\Documents\Codex\2026-07-04\noether-interlanguage-method-authority\outputs\INTERLANGUAGE_FABLE_4065F6A4_CURRENT_FRONTIER_AUTHORITY_ROUTING_20260707\source_artifacts\0147_b6b0fd987d_MANIFEST.csv
retain object-id body copy with ledger row,source-use/provenance/gap/draft/non-canonical support only; no community-consent/review/approval/license/gate/source-certification/final/bridge-pilot/translation-completion claims,4065f6a4b22c625356e2fd080167c5c5d03b0a00,2026-07-07T04:50:32Z,source_body,C:\Users\memo_\Documents\Codex\2026-07-04\noether-interlanguage-method-authority\outputs\INTERLANGUAGE_FABLE_4065F6A4_CURRENT_FRONTIER_AUTHORITY_ROUTING_20260707\source_artifacts\0148_fdc409d13b_PACKAGE_FILE_LEDGER.csv
retain object-id body copy with ledger row,source-use/provenance/gap/draft/non-canonical support only; no community-consent/review/approval/license/gate/source-certification/final/bridge-pilot/translation-completion claims,4065f6a4b22c625356e2fd080167c5c5d03b0a00,2026-07-07T04:50:32Z,source_body,C:\Users\memo_\Documents\Codex\2026-07-04\noether-interlanguage-method-authority\outputs\INTERLANGUAGE_FABLE_4065F6A4_CURRENT_FRONTIER_AUTHORITY_ROUTING_20260707\source_artifacts\0149_38b7f6ff0b_PACKAGE_ROOT_SUMMARY.csv
retain object-id body copy with ledger row,source-use/provenance/gap/draft/non-canonical support only; no community-consent/review/approval/license/gate/source-certification/final/bridge-pilot/translation-completion claims,4065f6a4b22c625356e2fd080167c5c5d03b0a00,2026-07-07T04:50:32Z,source_body,C:\Users\memo_\Documents\Codex\2026-07-04\noether-interlanguage-method-authority\outputs\INTERLANGUAGE_FABLE_4065F6A4_CURRENT_FRONTIER_AUTHORITY_ROUTING_20260707\source_artifacts\0150_6a7f1fb1f1_README.md
retain object-id body copy with ledger row,source-use/provenance/gap/draft/non-canonical support only; no community-consent/review/approval/license/gate/source-certification/final/bridge-pilot/translation-completion claims,4065f6a4b22c625356e2fd080167c5c5d03b0a00,2026-07-07T04:50:32Z,source_body,C:\Users\memo_\Documents\Codex\2026-07-04\noether-interlanguage-method-authority\outputs\INTERLANGUAGE_FABLE_4065F6A4_CURRENT_FRONTIER_AUTHORITY_ROUTING_20260707\source_artifacts\0151_98035f9058_SAFETY_SCAN_HITS.csv
retain object-id body copy with ledger row,source-use/provenance/gap/draft/non-canonical support only; no community-consent/review/approval/license/gate/source-certification/final/bridge-pilot/translation-completion claims,4065f6a4b22c625356e2fd080167c5c5d03b0a00,2026-07-07T04:50:32Z,source_body,C:\Users\memo_\Documents\Codex\2026-07-04\noether-interlanguage-method-authority\outputs\INTERLANGUAGE_FABLE_4065F6A4_CURRENT_FRONTIER_AUTHORITY_ROUTING_20260707\source_artifacts\0152_896156c914_SHA256SUMS.txt
retain object-id body copy with ledger row,source-use/provenance/gap/draft/non-canonical support only; no community-consent/review/approval/license/gate/source-certification/final/bridge-pilot/translation-completion claims,4065f6a4b22c625356e2fd080167c5c5d03b0a00,2026-07-07T04:50:32Z,source_body,C:\Users\memo_\Documents\Codex\2026-07-04\noether-interlanguage-method-authority\outputs\INTERLANGUAGE_FABLE_4065F6A4_CURRENT_FRONTIER_AUTHORITY_ROUTING_20260707\source_artifacts\0153_09b7f7e1fe_VALIDATION_ISSUES.csv
retain object-id body copy with ledger row,source-use/provenance/gap/draft/non-canonical support only; no community-consent/review/approval/license/gate/source-certification/final/bridge-pilot/translation-completion claims,4065f6a4b22c625356e2fd080167c5c5d03b0a00,2026-07-07T04:50:32Z,source_body,C:\Users\memo_\Documents\Codex\2026-07-04\noether-interlanguage-method-authority\outputs\INTERLANGUAGE_FABLE_4065F6A4_CURRENT_FRONTIER_AUTHORITY_ROUTING_20260707\source_artifacts\0154_8ff2451001_B3_ACTION_SUMMARY.csv
retain object-id body copy with ledger row,source-use/provenance/gap/draft/non-canonical support only; no community-consent/review/approval/license/gate/source-certification/final/bridge-pilot/translation-completion claims,4065f6a4b22c625356e2fd080167c5c5d03b0a00,2026-07-07T04:50:32Z,source_body,C:\Users\memo_\Documents\Codex\2026-07-04\noether-interlanguage-method-authority\outputs\INTERLANGUAGE_FABLE_4065F6A4_CURRENT_FRONTIER_AUTHORITY_ROUTING_20260707\source_artifacts\0155_909b0e517d_BRANCH_PR_STATE.csv
retain object-id body copy with ledger row,source-use/provenance/gap/draft/non-canonical support only; no community-consent/review/approval/license/gate/source-certification/final/bridge-pilot/translation-completion claims,4065f6a4b22c625356e2fd080167c5c5d03b0a00,2026-07-07T04:50:32Z,source_body,C:\Users\memo_\Documents\Codex\2026-07-04\noether-interlanguage-method-authority\outputs\INTERLANGUAGE_FABLE_4065F6A4_CURRENT_FRONTIER_AUTHORITY_ROUTING_20260707\source_artifacts\0156_155f6a780f_FAST_IMPORT_BLOB_LEDGER.csv
retain object-id body copy with ledger row,source-use/provenance/gap/draft/non-canonical support only; no community-consent/review/approval/license/gate/source-certification/final/bridge-pilot/translation-completion claims,4065f6a4b22c625356e2fd080167c5c5d03b0a00,2026-07-07T04:50:32Z,source_body,C:\Users\memo_\Documents\Codex\2026-07-04\noether-interlanguage-method-authority\outputs\INTERLANGUAGE_FABLE_4065F6A4_CURRENT_FRONTIER_AUTHORITY_ROUTING_20260707\source_artifacts\0157_6f024ea70b_MANIFEST.csv
retain object-id body copy with ledger row,source-use/provenance/gap/draft/non-canonical support only; no community-consent/review/approval/license/gate/source-certification/final/bridge-pilot/translation-completion claims,4065f6a4b22c625356e2fd080167c5c5d03b0a00,2026-07-07T04:50:32Z,source_body,C:\Users\memo_\Documents\Codex\2026-07-04\noether-interlanguage-method-authority\outputs\INTERLANGUAGE_FABLE_4065F6A4_CURRENT_FRONTIER_AUTHORITY_ROUTING_20260707\source_artifacts\0158_57ea9795c9_PACKAGE_FILE_LEDGER.csv
retain object-id body copy with ledger row,source-use/provenance/gap/draft/non-canonical support only; no community-consent/review/approval/license/gate/source-certification/final/bridge-pilot/translation-completion claims,4065f6a4b22c625356e2fd080167c5c5d03b0a00,2026-07-07T04:50:32Z,source_body,C:\Users\memo_\Documents\Codex\2026-07-04\noether-interlanguage-method-authority\outputs\INTERLANGUAGE_FABLE_4065F6A4_CURRENT_FRONTIER_AUTHORITY_ROUTING_20260707\source_artifacts\0159_f6f99e69c2_PACKAGE_ROOT_SUMMARY.csv
retain object-id body copy with ledger row,source-use/provenance/gap/draft/non-canonical support only; no community-consent/review/approval/license/gate/source-certification/final/bridge-pilot/translation-completion claims,4065f6a4b22c625356e2fd080167c5c5d03b0a00,2026-07-07T04:50:32Z,source_body,C:\Users\memo_\Documents\Codex\2026-07-04\noether-interlanguage-method-authority\outputs\INTERLANGUAGE_FABLE_4065F6A4_CURRENT_FRONTIER_AUTHORITY_ROUTING_20260707\source_artifacts\0160_e4cff47608_README.md
retain object-id body copy with ledger row,source-use/provenance/gap/draft/non-canonical support only; no community-consent/review/approval/license/gate/source-certification/final/bridge-pilot/translation-completion claims,4065f6a4b22c625356e2fd080167c5c5d03b0a00,2026-07-07T04:50:32Z,source_body,C:\Users\memo_\Documents\Codex\2026-07-04\noether-interlanguage-method-authority\outputs\INTERLANGUAGE_FABLE_4065F6A4_CURRENT_FRONTIER_AUTHORITY_ROUTING_20260707\source_artifacts\0161_2000ca3181_SAFETY_SCAN_HITS.csv
retain object-id body copy with ledger row,source-use/provenance/gap/draft/non-canonical support only; no community-consent/review/approval/license/gate/source-certification/final/bridge-pilot/translation-completion claims,4065f6a4b22c625356e2fd080167c5c5d03b0a00,2026-07-07T04:50:32Z,source_body,C:\Users\memo_\Documents\Codex\2026-07-04\noether-interlanguage-method-authority\outputs\INTERLANGUAGE_FABLE_4065F6A4_CURRENT_FRONTIER_AUTHORITY_ROUTING_20260707\source_artifacts\0162_a8bef0d798_SHA256SUMS.txt
retain object-id body copy with ledger row,source-use/provenance/gap/draft/non-canonical support only; no community-consent/review/approval/license/gate/source-certification/final/bridge-pilot/translation-completion claims,4065f6a4b22c625356e2fd080167c5c5d03b0a00,2026-07-07T04:50:32Z,source_body,C:\Users\memo_\Documents\Codex\2026-07-04\noether-interlanguage-method-authority\outputs\INTERLANGUAGE_FABLE_4065F6A4_CURRENT_FRONTIER_AUTHORITY_ROUTING_20260707\source_artifacts\0163_09b7f7e1fe_VALIDATION_ISSUES.csv
