"root","relative_path","manifest_bytes","actual_bytes","manifest_sha","actual_sha","ok"
"NON_SLAVIC_CORE_D8FDB95A_7A_MANIFEST_REFRESH_ROUTE_20260707","B3_HANDOFF_READY_D8FD.md","866","866","737150159C5A8141E4784E74634D5B272E2D583D2592D55DC0093B02A53ED176","737150159C5A8141E4784E74634D5B272E2D583D2592D55DC0093B02A53ED176","True"
"NON_SLAVIC_CORE_D8FDB95A_7A_MANIFEST_REFRESH_ROUTE_20260707","B3_HANDOFF_SENT_D8FD.md","828","828","5511796050E90FE84CC31E7A1840F974CA21BFF858AE08CD3E6B703E641DC2C4","5511796050E90FE84CC31E7A1840F974CA21BFF858AE08CD3E6B703E641DC2C4","True"
"NON_SLAVIC_CORE_D8FDB95A_7A_MANIFEST_REFRESH_ROUTE_20260707","BRANCH_COMMITS_EE4A_TO_D8FD.csv","137","137","9C278417F9C26136D506BEF22B5FB447A5412ED537BCF5956A1F28AF78CB84F0","9C278417F9C26136D506BEF22B5FB447A5412ED537BCF5956A1F28AF78CB84F0","True"
"NON_SLAVIC_CORE_D8FDB95A_7A_MANIFEST_REFRESH_ROUTE_20260707","BRANCH_COMPARE_EE4A_TO_D8FD.csv","1766","1766","46F55BEB302A45F25207E61AFBCAA888880581028134AFDCB234634B0E8F9B3A","46F55BEB302A45F25207E61AFBCAA888880581028134AFDCB234634B0E8F9B3A","True"
"NON_SLAVIC_CORE_D8FDB95A_7A_MANIFEST_REFRESH_ROUTE_20260707","EXACT_BLOCKERS_AND_RECOVERY_ROWS_D8FD.csv","538","538","6571D36BC323F7FBB33CAFDCE9D06D45F1A5224877B44F659B1A3AA531202C8E","6571D36BC323F7FBB33CAFDCE9D06D45F1A5224877B44F659B1A3AA531202C8E","True"
"NON_SLAVIC_CORE_D8FDB95A_7A_MANIFEST_REFRESH_ROUTE_20260707","README.md","792","792","2C8C1C40E26F271C98BE48854F6ADFE647F1FD84E41862267E48D3F2355705AF","2C8C1C40E26F271C98BE48854F6ADFE647F1FD84E41862267E48D3F2355705AF","True"
"NON_SLAVIC_CORE_D8FDB95A_7A_MANIFEST_REFRESH_ROUTE_20260707","ROUTE_SUMMARY_D8FD.csv","3188","3188","5CE50EF4BEC4B652C404DBD8CA3952EC10BA5D97F92F5794FA657683FDAB3328","5CE50EF4BEC4B652C404DBD8CA3952EC10BA5D97F92F5794FA657683FDAB3328","True"
"NON_SLAVIC_CORE_D8FDB95A_7A_MANIFEST_REFRESH_ROUTE_20260707","SUMMARY.json","894","894","530A05D1E2506B24E399A3990B11BF0F9E4580C325E46EB39A1015035D6B5AB9","530A05D1E2506B24E399A3990B11BF0F9E4580C325E46EB39A1015035D6B5AB9","True"
"R3_7A7576C3_EF53_BRANCH_VISIBILITY_SOURCE_USE_GAP_AUDIT_20260707_20260706T221059Z","B3_UPLOADER_READY_SUMMARY.csv","829","829","8CBBD651E9F7A47C374FA164E874C3C237603BC3D81A99CB8863E928773B84EA","8CBBD651E9F7A47C374FA164E874C3C237603BC3D81A99CB8863E928773B84EA","True"
"R3_7A7576C3_EF53_BRANCH_VISIBILITY_SOURCE_USE_GAP_AUDIT_20260707_20260706T221059Z","carried-forward-ef53-source-use-gap\B3_UPLOADER_READY_SUMMARY.csv","865","865","092AAEADB9E15CBB41FED0F8A7B80BDBD69E41FFE0FD7FF93ABBDB795444E6F9","092AAEADB9E15CBB41FED0F8A7B80BDBD69E41FFE0FD7FF93ABBDB795444E6F9","True"
"R3_7A7576C3_EF53_BRANCH_VISIBILITY_SOURCE_USE_GAP_AUDIT_20260707_20260706T221059Z","carried-forward-ef53-source-use-gap\R3_EF53A7CC_BLOCKERS_AND_RECOVERY_ROWS.csv","820","820","89893FCC952BD5EDA06CD1A80ED42CF40230CA2402870C8F1269D435C175BDC3","89893FCC952BD5EDA06CD1A80ED42CF40230CA2402870C8F1269D435C175BDC3","True"
"R3_7A7576C3_EF53_BRANCH_VISIBILITY_SOURCE_USE_GAP_AUDIT_20260707_20260706T221059Z","carried-forward-ef53-source-use-gap\R3_EF53A7CC_FABLE_ADVERSE_DO_NOT_USE_LEDGER.csv","614","614","D3BEAB3919A4CE482398C9C1982DCBAB7239FAFFB955C4AC5563E21F3C63C0C5","D3BEAB3919A4CE482398C9C1982DCBAB7239FAFFB955C4AC5563E21F3C63C0C5","True"
"R3_7A7576C3_EF53_BRANCH_VISIBILITY_SOURCE_USE_GAP_AUDIT_20260707_20260706T221059Z","carried-forward-ef53-source-use-gap\R3_EF53A7CC_INCOMING_WAKE_DRIFT_ROWS.csv","667","667","71B95AF6E29C95AAAA061490F4AB34E48E1220613EBE7C4D797D5320870C325E","71B95AF6E29C95AAAA061490F4AB34E48E1220613EBE7C4D797D5320870C325E","True"
"R3_7A7576C3_EF53_BRANCH_VISIBILITY_SOURCE_USE_GAP_AUDIT_20260707_20260706T221059Z","carried-forward-ef53-source-use-gap\R3_EF53A7CC_SOURCE_USE_FACT_CHANGE_AUDIT.csv","991","991","2E9C1D6942FF529EED41FB6CB11C880DF771990CE687115199069E26AE106BF0","2E9C1D6942FF529EED41FB6CB11C880DF771990CE687115199069E26AE106BF0","True"
"R3_7A7576C3_EF53_BRANCH_VISIBILITY_SOURCE_USE_GAP_AUDIT_20260707_20260706T221059Z","PACKAGE_VALIDATION.json","1111","1111","072F67A2384F05495E1E0253FAE9E6D518C50973E43DE7FB0454F1DB85CB9F19","072F67A2384F05495E1E0253FAE9E6D518C50973E43DE7FB0454F1DB85CB9F19","True"
"R3_7A7576C3_EF53_BRANCH_VISIBILITY_SOURCE_USE_GAP_AUDIT_20260707_20260706T221059Z","R3_7A7576C3_BLOCKERS_AND_RECOVERY_ROWS.csv","864","864","B10631B8DF5A90C3018F5FBF93301E97D23CE89D9BBC066403D0525D57F74885","B10631B8DF5A90C3018F5FBF93301E97D23CE89D9BBC066403D0525D57F74885","True"
"R3_7A7576C3_EF53_BRANCH_VISIBILITY_SOURCE_USE_GAP_AUDIT_20260707_20260706T221059Z","R3_7A7576C3_BRANCH_COMMITS_FROM_EF53.csv","128","128","E10F8634F9CD6BB7BF37D524323D94B77265B63A1E6975CD5912F3B72855A85C","E10F8634F9CD6BB7BF37D524323D94B77265B63A1E6975CD5912F3B72855A85C","True"
"R3_7A7576C3_EF53_BRANCH_VISIBILITY_SOURCE_USE_GAP_AUDIT_20260707_20260706T221059Z","R3_7A7576C3_BRANCH_DELTA_FROM_EF53.csv","22461","22461","CAA5B689D46781A2D927E14E066320A524881E236CD49CD5B03AB866342EA58E","CAA5B689D46781A2D927E14E066320A524881E236CD49CD5B03AB866342EA58E","True"
"R3_7A7576C3_EF53_BRANCH_VISIBILITY_SOURCE_USE_GAP_AUDIT_20260707_20260706T221059Z","R3_7A7576C3_BRANCH_VISIBLE_5C87-CURRENT_MANIFEST_ROWS.csv","2666","2666","75548FA6CCA13C6CEA3DDD41B1FE85BF2E0C4D18841339F482E3127CA6B0B593","75548FA6CCA13C6CEA3DDD41B1FE85BF2E0C4D18841339F482E3127CA6B0B593","True"
"R3_7A7576C3_EF53_BRANCH_VISIBILITY_SOURCE_USE_GAP_AUDIT_20260707_20260706T221059Z","R3_7A7576C3_BRANCH_VISIBLE_5C87-DEDUP_MANIFEST_ROWS.csv","2161","2161","1F0BE2FDEA360E010A2E60CF4DF993AEC3CEEA20297C2692668FC9A9C37E6D53","1F0BE2FDEA360E010A2E60CF4DF993AEC3CEEA20297C2692668FC9A9C37E6D53","True"
"R3_7A7576C3_EF53_BRANCH_VISIBILITY_SOURCE_USE_GAP_AUDIT_20260707_20260706T221059Z","R3_7A7576C3_BRANCH_VISIBLE_R3_PACKET_HASH_CHECK.csv","16418","16418","A1F7775B86C3C92E3FFAA46FBFC5698EAC91053560F9D08CB4F8EF37141EFA5D","A1F7775B86C3C92E3FFAA46FBFC5698EAC91053560F9D08CB4F8EF37141EFA5D","True"
"R3_7A7576C3_EF53_BRANCH_VISIBILITY_SOURCE_USE_GAP_AUDIT_20260707_20260706T221059Z","R3_7A7576C3_CARRIED_FORWARD_EF53_SOURCE_USE_GAP_ROWS.csv","1699","1699","D6F838FF62B48AA0A4287DB3CC85F9FD611ACED0B6BF66B08747FECF2A32A2B7","D6F838FF62B48AA0A4287DB3CC85F9FD611ACED0B6BF66B08747FECF2A32A2B7","True"
"R3_7A7576C3_EF53_BRANCH_VISIBILITY_SOURCE_USE_GAP_AUDIT_20260707_20260706T221059Z","R3_7A7576C3_FABLE_ADVERSE_DO_NOT_USE_LEDGER.csv","648","648","26CF2B8B7658F724386BB32A100A6707650F9A598B94200F9CBF75775351D010","26CF2B8B7658F724386BB32A100A6707650F9A598B94200F9CBF75775351D010","True"
"R3_7A7576C3_EF53_BRANCH_VISIBILITY_SOURCE_USE_GAP_AUDIT_20260707_20260706T221059Z","R3_7A7576C3_SOURCE_USE_FACT_CHANGE_AUDIT.csv","1059","1059","9D25998400082927A49F2432868DB9503C4F16B452DC4EFB09D68388DA37C02C","9D25998400082927A49F2432868DB9503C4F16B452DC4EFB09D68388DA37C02C","True"
"R3_7A7576C3_EF53_BRANCH_VISIBILITY_SOURCE_USE_GAP_AUDIT_20260707_20260706T221059Z","README.md","1219","1219","2C947C32B05108A9ABB333E665B5A6B343184479A9A1DE79076DD6E452299B33","2C947C32B05108A9ABB333E665B5A6B343184479A9A1DE79076DD6E452299B33","True"
"R6_D8FDB95A_CURRENT_HEAD_SOURCE_START_CONTINUATION_20260707","b3/B3_ROUTE.csv","785","785","3F7CBAEB22F45412B5916FF08F2EBC4104631B29135EC540BDB870767FF464A0","3F7CBAEB22F45412B5916FF08F2EBC4104631B29135EC540BDB870767FF464A0","True"
"R6_D8FDB95A_CURRENT_HEAD_SOURCE_START_CONTINUATION_20260707","blockers/R6_D8FDB95A_EXACT_BLOCKERS_AND_NEXT_ACTIONS.csv","1894","1894","56A9CFD61B32EB343B843FD260D418F7BF2E93E120A4073642C7308FC59DEA45","56A9CFD61B32EB343B843FD260D418F7BF2E93E120A4073642C7308FC59DEA45","True"
"R6_D8FDB95A_CURRENT_HEAD_SOURCE_START_CONTINUATION_20260707","branch-current/R6_D8FDB95A_BRANCH_CHECK_AND_VISIBLE_INPUTS.csv","527","527","09272072D6B97D9D3DB2ABAF8E076AF61249BAE0FCFFE46E5B6E0F18D1569CD7","09272072D6B97D9D3DB2ABAF8E076AF61249BAE0FCFFE46E5B6E0F18D1569CD7","True"
"R6_D8FDB95A_CURRENT_HEAD_SOURCE_START_CONTINUATION_20260707","branch-current/R6_D8FDB95A_LOCAL_HEAD_NAMED_FILE_HITS.csv","2","2","7EB70257593DA06F682A3DDDA54A9D260D4FC514F645237F5CA74B08F8DA61A6","7EB70257593DA06F682A3DDDA54A9D260D4FC514F645237F5CA74B08F8DA61A6","True"
"R6_D8FDB95A_CURRENT_HEAD_SOURCE_START_CONTINUATION_20260707","branch-current/R6_D8FDB95A_PAYLOAD_FRONTIER_CORRECTION.csv","859","859","D963B57A40EA22B5673F3A74683E918E4E834224243F58B2C225E9A8BBF1484C","D963B57A40EA22B5673F3A74683E918E4E834224243F58B2C225E9A8BBF1484C","True"
"R6_D8FDB95A_CURRENT_HEAD_SOURCE_START_CONTINUATION_20260707","ethics/R6_D8FDB95A_ETHICS_AUTHORITY_CONTINUATION_MAP.csv","1123","1123","C364CE3AD25C3646176DAA551D681D53514057E913F3BD7F175E97C7A6EC3C24","C364CE3AD25C3646176DAA551D681D53514057E913F3BD7F175E97C7A6EC3C24","True"
"R6_D8FDB95A_CURRENT_HEAD_SOURCE_START_CONTINUATION_20260707","fable/R6_D8FDB95A_SOURCE_USE_ADVERSE_EVIDENCE_LEDGER.csv","1370","1370","46AF604022E6C939FF4A86A19BFA2845105F1CC67234E0709EAC3BE8C9C2FE14","46AF604022E6C939FF4A86A19BFA2845105F1CC67234E0709EAC3BE8C9C2FE14","True"
"R6_D8FDB95A_CURRENT_HEAD_SOURCE_START_CONTINUATION_20260707","input-verification/R6_D8FDB95A_PRIOR_PACKAGE_SHA_VERIFY.csv","4146","4146","A8D4B99B2E26966768C320BFA6AF14366BE81F7CCEB7D9121942B9C4D2D08729","A8D4B99B2E26966768C320BFA6AF14366BE81F7CCEB7D9121942B9C4D2D08729","True"
"R6_D8FDB95A_CURRENT_HEAD_SOURCE_START_CONTINUATION_20260707","logs/LOGBOOK_EXCERPT_20260706.md","1433","1433","15230AE3722F372654251A66654C8BE24C65DE0F43652CC92EC5FD8CC5691AAE","15230AE3722F372654251A66654C8BE24C65DE0F43652CC92EC5FD8CC5691AAE","True"
"R6_D8FDB95A_CURRENT_HEAD_SOURCE_START_CONTINUATION_20260707","mutual-watch/R6_D8FDB95A_MUTUAL_WATCH_OBSERVATION.csv","468","468","36E1BFC46861BC925085A39E58209E2BFF82B7C63E3020AA71C097566BF57208","36E1BFC46861BC925085A39E58209E2BFF82B7C63E3020AA71C097566BF57208","True"
"R6_D8FDB95A_CURRENT_HEAD_SOURCE_START_CONTINUATION_20260707","R6_D8FDB95A_CURRENT_HEAD_SOURCE_START_CONTINUATION_COUNTS.csv","843","843","F2A2598B0CE0D42966701AB134FFD364403355D99E25E25446232F92F65A4E1A","F2A2598B0CE0D42966701AB134FFD364403355D99E25E25446232F92F65A4E1A","True"
"R6_D8FDB95A_CURRENT_HEAD_SOURCE_START_CONTINUATION_20260707","README.md","1780","1780","7A163BBBD3A953201E8234F95F2DAEBBD18C6760A55D4754D48E50C719D8B02D","7A163BBBD3A953201E8234F95F2DAEBBD18C6760A55D4754D48E50C719D8B02D","True"
"R6_D8FDB95A_CURRENT_HEAD_SOURCE_START_CONTINUATION_20260707","source-use/R6_D8FDB95A_SOURCE_USE_CONTINUATION_LEDGER.csv","2144","2144","C3467333EDF20C78C6276092A32508ED1677CBAF06ADA85F580192C385A038E6","C3467333EDF20C78C6276092A32508ED1677CBAF06ADA85F580192C385A038E6","True"
"R6_D8FDB95A_CURRENT_HEAD_SOURCE_START_CONTINUATION_20260707","witness-index/R6_D8FDB95A_SOURCE_WITNESS_INDEX_CARRYFORWARD.csv","250777","250777","6BA68CDC6AE57369D5F26A8FBC773B486FDDDE684A019AEEAE16A8EFB2AE28A3","6BA68CDC6AE57369D5F26A8FBC773B486FDDDE684A019AEEAE16A8EFB2AE28A3","True"
"R6_D8FDB95A_CURRENT_HEAD_SOURCE_START_CONTINUATION_20260707","witness-index/R6_D8FDB95A_SOURCE_WITNESS_SCOPE_COUNTS_CARRYFORWARD.csv","34492","34492","74AC5035F5F5E6961C80C081F439C115038E8214DB81CC0F53D102630DF55FAD","74AC5035F5F5E6961C80C081F439C115038E8214DB81CC0F53D102630DF55FAD","True"
