"relative_path","bytes","sha256"
"build_evidence/COMPLETE_BUILD_PASS1.log","45924","25C87149FC9F3DDCF37235AD55A42B369FA993D14BCA2F1BF621208496AA2632"
"build_evidence/COMPLETE_BUILD_PASS2.log","45759","A9B1182E2E266B8A4A8A883D17B1E5F7812F83F7951EF67269C15A01D9FC6E1C"
"build_evidence/COMPLETE_BUILD_VALIDATION.json","1610","81B847D6CBEC053224114B28E393DCB269D8575BA2E2929D902DCD0764BEA8A1"
"build_evidence/COMPLETE_PDFFONTS.txt","4041","E4BE52CC389F45B9C1EC94DFBF80FEBC3E9DC2F512880A91F075149705E580A5"
"build_evidence/COMPLETE_PDFINFO.txt","597","4A709684DC81A53116F4ECA9EF2E03DA60F837473D309F6B2C232D02900511A0"
"build_evidence/CORRECTIVE_PACKAGE_REBUILD_PDFFONTS.txt","4085","8554E3D7D7265A3555666CCD063FBD42F1502B17781E4325240A5B827264ABE5"
"build_evidence/CORRECTIVE_PACKAGE_REBUILD_PDFINFO.txt","620","75C5B7671A7512F808CBD9805607D79CC1B0C9699BA20A8BB9A0AE88232992DF"
"build_evidence/CORRECTIVE_PACKAGE_REBUILD_RECEIPT.json","488","342CC0B739A942543B48574CC21F8FFAB3E5857A1018EF9A0C6E40850227E649"
"build_evidence/CORRECTIVE_PACKAGE_REBUILD_VALIDATION.json","195","6E1C5FD2EB72E70F978DB6E970AC6D14B0E4037D4945F726698B4810EE921E56"
"build_evidence/CORRECTIVE_PACKAGE_REBUILD.log","45958","E898873E75A9C39B7A1EC8A9E0058B59385416B61211E017185B93DE406D6A06"
"build.ps1","616","CC204A625692B25C7D789D0222868FCF4A1D482F69CE5912C79AEFB5EF905DA5"
"correction_evidence/final_independent_review/complete-273-body.png","102020","339F78D383221B1646B727F1A01115A8C1F9B96AA399D1EA4934F7BE152A0B37"
"correction_evidence/final_independent_review/complete-273.png","219604","EEE68306318F717445093DD730DAA0B580C286D58641DBA6C31CB6A83FF7672E"
"correction_evidence/final_independent_review/complete-343-body.png","116159","4BB9C172819689E15E5048938EA6111565ED5EDF3CFD79F976BF11AB49DD6533"
"correction_evidence/final_independent_review/complete-343.png","250724","D79BE0C7803AE58866A7094C89D59BEE7976ADE6172E983BBFCB64683B7D45D3"
"correction_evidence/final_independent_review/complete-351-body.png","111199","F90C009E97A2F93741CB3033EB5414D1E5DB1EEE103DD31363A2CAD74D767AC4"
"correction_evidence/final_independent_review/complete-351.png","241145","E761F66CF9B18F3844C3A8508232F6F49FB7A25EFDF52764354468F4F8E79257"
"correction_evidence/final_independent_review/complete-364-body.png","113769","F4304986B0F88FAF800D4FA75804182742C8E3CC68F302B14C24FD1830B58111"
"correction_evidence/final_independent_review/complete-364.png","243030","8D43975138819994FC5AB2DBB3177712AA0CFB9BE5DCDD858A2B80F69824CBB9"
"correction_evidence/final_independent_review/complete-366-body.png","124086","FD357B7B879AADB52B4E6A1EB27DB68818CEE5F8B6010849F8429606F90C504B"
"correction_evidence/final_independent_review/complete-366.png","266947","3C4693717C34F3CA3D9AF3D7CF93FF076FCAD02338AE5C5340FDAC53A60DE78C"
"correction_evidence/final_independent_review/complete-381-body.png","47145","C78C186D8D4D4CBFC1686A4D10C25DC67388748FF4F93C098A4E1B2FD0C87AE5"
"correction_evidence/final_independent_review/complete-381.png","117809","B507275F94C099D8066F284E0A683F703C9AC19B76B45DFCFFDA52AB24FF614C"
"correction_evidence/final_independent_review/EVIDENCE_SHA256.csv","9072","E4FCC5F4E8DEE3FB61345342629425915232A967E7F86A951BFD1C46C245483F"
"correction_evidence/final_independent_review/INDEPENDENT_REVIEW_COMPLETE.md","8961","1CEF0C05B477ECB96F2FF61A4F0795AA6F808BD3BABA6EB4D554317465A5F1EC"
"correction_evidence/final_independent_review/standalone-001-body.png","102020","B94093F928F82D6537AE60D615BD8EBD66D441A216EC226F120ECC9A178680FE"
"correction_evidence/final_independent_review/standalone-071-body.png","116159","4298C08961DCA33595A47BE2F4DF307A5928DF3BE142E33C9A21C35FD1CEFA93"
"correction_evidence/final_independent_review/standalone-079-body.png","111199","FBF960C90DFEDFAD7F65853C15B8C086F69046BAE388A7DBBF7CC32B86638E7F"
"correction_evidence/final_independent_review/standalone-092-body.png","113769","C7740FD7CB5908127AEC7F1C1D6CA1C9F8CE83DAA803F016CDB2BE593AA0C815"
"correction_evidence/final_independent_review/standalone-094-body.png","124086","F6C9D329FCD46924599EBBDA0A1FCF188CBBE4AEE486E5E600D18478A908890B"
"correction_evidence/final_independent_review/standalone-109-body.png","47145","D50A12DE5EBE01CDAC6E4E43DBE7D2D30438D68007CD6F2E650C8CF6E6FB66EC"
"correction_evidence/final_independent_review/tail_equivalence_clean_final/complete-273-body.png","102020","339F78D383221B1646B727F1A01115A8C1F9B96AA399D1EA4934F7BE152A0B37"
"correction_evidence/final_independent_review/tail_equivalence_clean_final/complete-273.png","219604","EEE68306318F717445093DD730DAA0B580C286D58641DBA6C31CB6A83FF7672E"
"correction_evidence/final_independent_review/tail_equivalence_clean_final/complete-343-body.png","116159","4BB9C172819689E15E5048938EA6111565ED5EDF3CFD79F976BF11AB49DD6533"
"correction_evidence/final_independent_review/tail_equivalence_clean_final/complete-343.png","250724","D79BE0C7803AE58866A7094C89D59BEE7976ADE6172E983BBFCB64683B7D45D3"
"correction_evidence/final_independent_review/tail_equivalence_clean_final/complete-351-body.png","111199","F90C009E97A2F93741CB3033EB5414D1E5DB1EEE103DD31363A2CAD74D767AC4"
"correction_evidence/final_independent_review/tail_equivalence_clean_final/complete-351.png","241145","E761F66CF9B18F3844C3A8508232F6F49FB7A25EFDF52764354468F4F8E79257"
"correction_evidence/final_independent_review/tail_equivalence_clean_final/complete-364-body.png","113769","F4304986B0F88FAF800D4FA75804182742C8E3CC68F302B14C24FD1830B58111"
"correction_evidence/final_independent_review/tail_equivalence_clean_final/complete-364.png","243030","8D43975138819994FC5AB2DBB3177712AA0CFB9BE5DCDD858A2B80F69824CBB9"
"correction_evidence/final_independent_review/tail_equivalence_clean_final/complete-366-body.png","124086","FD357B7B879AADB52B4E6A1EB27DB68818CEE5F8B6010849F8429606F90C504B"
"correction_evidence/final_independent_review/tail_equivalence_clean_final/complete-366.png","266947","3C4693717C34F3CA3D9AF3D7CF93FF076FCAD02338AE5C5340FDAC53A60DE78C"
"correction_evidence/final_independent_review/tail_equivalence_clean_final/complete-381-body.png","47145","C78C186D8D4D4CBFC1686A4D10C25DC67388748FF4F93C098A4E1B2FD0C87AE5"
"correction_evidence/final_independent_review/tail_equivalence_clean_final/complete-381.png","117809","B507275F94C099D8066F284E0A683F703C9AC19B76B45DFCFFDA52AB24FF614C"
"correction_evidence/final_independent_review/tail_equivalence_clean_final/standalone-001-body.png","102020","B94093F928F82D6537AE60D615BD8EBD66D441A216EC226F120ECC9A178680FE"
"correction_evidence/final_independent_review/tail_equivalence_clean_final/standalone-071-body.png","116159","4298C08961DCA33595A47BE2F4DF307A5928DF3BE142E33C9A21C35FD1CEFA93"
"correction_evidence/final_independent_review/tail_equivalence_clean_final/standalone-079-body.png","111199","FBF960C90DFEDFAD7F65853C15B8C086F69046BAE388A7DBBF7CC32B86638E7F"
"correction_evidence/final_independent_review/tail_equivalence_clean_final/standalone-092-body.png","113769","C7740FD7CB5908127AEC7F1C1D6CA1C9F8CE83DAA803F016CDB2BE593AA0C815"
"correction_evidence/final_independent_review/tail_equivalence_clean_final/standalone-094-body.png","124086","F6C9D329FCD46924599EBBDA0A1FCF188CBBE4AEE486E5E600D18478A908890B"
"correction_evidence/final_independent_review/tail_equivalence_clean_final/standalone-109-body.png","47145","D50A12DE5EBE01CDAC6E4E43DBE7D2D30438D68007CD6F2E650C8CF6E6FB66EC"
"correction_evidence/final_independent_review/TAIL_EQUIVALENCE.csv","2303","959E828F37079E4A0A64A84F9E143CF68B25428DB090A1B728F83C1AC110692B"
"correction_evidence/final_independent_review/target_pages_clean_final/complete-page-009.png","312852","5AD517C91E3FFD72509D3103C30B3F0776A5AB428C0EC8BA7D559B00AD2F3CED"
"correction_evidence/final_independent_review/target_pages_clean_final/complete-page-080.png","303577","6EF7A8244BDFDB6D29E032E964FC24CDFDBE9710AFCC6C88409D2F0A59604433"
"correction_evidence/final_independent_review/target_pages_clean_final/complete-page-081.png","287243","48C4E0BCE0DCE8FC8BBA75D5BEC25B418289449B795666FDAE3A3C0B8EDEED7B"
"correction_evidence/final_independent_review/target_pages_clean_final/complete-page-152.png","369510","20DD6C22AA5911D34731E6E56E2545FC9E1C73E256F07FF8987C3829FC2ABA95"
"correction_evidence/final_independent_review/target_pages_clean_final/complete-page-157.png","283479","DFD1F66B46AEE380048F821777277DA388D34543511DCF944821454A6EB5CE07"
"correction_evidence/final_independent_review/target_pages_clean_final/complete-page-191.png","267869","15A932A0446FF015EA7EC1FCF43BEEAFCA8A974A66E2FB6955FC832481BB1868"
"correction_evidence/final_independent_review/target_pages_clean_final/complete-page-192.png","290476","777B496204F088EB4E2CD5E9EA81498E89FBDFE4192926D784449EA7B48A9FC9"
"correction_evidence/final_independent_review/target_pages_clean_final/complete-page-206.png","357798","6AB10DB21E84002378D94A96E29E2F96B328FDAB1D85758368F8956697F52B96"
"correction_evidence/final_independent_review/target_pages_clean_final/complete-page-224.png","366049","18B506DAB4E9B902570E604A4434BDD8DEEF9C39D63F3541C137E2597EDEE7DA"
"correction_evidence/final_independent_review/target_pages_clean_final/complete-page-272.png","285118","844AE57B0681FF9D9113469AADEC919FF09673425EAF39F6DD985A1CC49EAD9F"
"correction_evidence/final_independent_review/target_pages_clean_final/complete-page-273.png","283963","C81409D848E36FB72B49B0717A286413164DD25175CA73AB5D3F5B81016E5D82"
"correction_evidence/final_independent_review/target_pages_clean_final/complete-page-381.png","154396","636D2A55DD355926DECD174D65B8A1F71C5DFBE776E349D0E8746D429A501194"
"correction_evidence/final_independent_review/TARGETED_VISUAL_CHECK.csv","2190","9CF4EFBE4422F993CA56C1C429BE7B8B381FBBD70BB443BADEB79C1EF38E666E"
"correction_evidence/post_seal_technical_fix/POST_SEAL_TECHNICAL_FIX.md","2517","CFA9018E4533055E0C8F5B36434939BE2819E345E7F7500F896641FD4207A743"
"correction_evidence/post_seal_technical_fix/SEALED_TO_FINAL_TECHNICAL.diff","2301","02C056F33A07B662C7B75EF041D3059234BD0ED9A547AAE3B304FDC64BAB1979"
"correction_evidence/post_seal_technical_fix/SGA6_prefix_sealed_before_hyperlink_fix_SHA6A6878FC.tex","812825","6A6878FCE68050F797E1E4256D363D038A7BE0B4C8A00430195E268887391194"
"correction_evidence/post_seal_technical_fix/TECHNICAL_CHANGE_LEDGER.csv","839","64272C0CB9B0AC662BB553E5910CDF14941CA5DA7278A01DA4D43DFEC545BC23"
"correction_evidence/PUBLIC_RECORD_21421931_CORRECTION_REQUIRED.md","3476","8A475724F6E3F913FDC015B74A52618F1D229A6AAD619BB92ACBF2181D7561CF"
"correction_evidence/VISUAL_QA_COMPLETE.md","5521","C3AD4FF832E2CD18BC2072A40397C930730E911F77F2A5158D379490FB90D2FA"
"correction_evidence/VISUAL_QA_EVIDENCE_SHA256.csv","164721","6B4A396DBCB9A7F289EC189EBAD6235CE29586353685D4F6DBD0B5E2D8F6AD9B"
"CORRECTION_NOTE.md","825","14D9B3FCE66334056B05D2C6F989E379514F5F26B9AA05D0904A225C04428EAD"
"ledgers/AUTHORITY_LAYER_LEDGER.csv","7901","746135071EBF05793F18C53935B2BBC2AE10E2095F68088478A520F0DD6EBFF7"
"ledgers/COMPLETE_AUTHORITY_COVERAGE.csv","1461","7F4F2FB856FBE6D99037EB09BA4ED04B4D6825DB161C52C5E9DECC59D8F6FC2E"
"ledgers/COMPLETE_LAYER_EXTRACTION_LEDGER.csv","1967","5E9349760792477B8FDEBF1D4040A69FFDB97F74FAA1048F1074D8ACDB8822EC"
"ledgers/MERGE_REPORT.md","5743","F5A99649757FC1111DECEBE799AE7A8CBC6F7EAE7108ABACF78515A16A6B57FD"
"ledgers/PAGE_INDEX_LEDGER.csv","73928","214F7682A456193D9E64872FBB3594561CB76CF3321E81D409BA8CA70796B0C4"
"ledgers/PENDING_CLAUDE_SOURCE_FIXES.md","23872","03B927AD378BB8CF875D3963B933817B74E0397C37375C41494D2B42BD90DE55"
"ledgers/PREFIX_TARGETED_GATE_DISPOSITIONS.csv","3442","BBD35465844AA8A313A123E61FEB3259879AE0F2877C1E4993698AEF541F8EEC"
"ledgers/SOURCE_FORMULA_SYMBOL_COMPARISON.csv","114442","1D11A7B92BFD1B3E5A9FAD9B67FE78717F7B90876CEF74C49C7CB17DEA3EFCDC"
"ledgers/TERMINOLOGY_AND_REJECTED_CHOICES.csv","81718","210DF4FE7E7E76247457DBB1F7F554156171EDBB866D68BBDDA90D0131A4BC9A"
"prefix_repair_evidence/pages014_141_150/BEFORE_AFTER_SNIPPETS.md","7388","64F073A83549C74A2F7B12B389EE76B913A961B25D769EEF8EE673FCC07BD716"
"prefix_repair_evidence/pages014_141_150/SHA256SUMS.csv","3999","0575E68B1FBB3495759E652E9D8DE195BD6D21EBBBC6E4E35B2539B311AC526C"
"prefix_repair_evidence/pages014_141_150/SOURCE_COMPARISON.md","6302","3E592E8A1AFC72EDFC7E77819FADDCD41A8464D110F105EE1EB4284EB92F77E5"
"prefix_repair_evidence/pages014_141_150/SOURCE_EVIDENCE_MANIFEST.csv","3029","7E39FFD042993978F694798B89CB725F965795573037B098AE4F6737F997E8AB"
"prefix_repair_evidence/pages014_141_150/source_evidence/sourcePDF013_context.png","1208330","405839C2FBAD4EDE3E1235DD59B2C4993FAA36517DFBD7D22691C57C91615730"
"prefix_repair_evidence/pages014_141_150/source_evidence/sourcePDF014_formula_crop.png","218228","5A27DB08DEB5D882740F6AF4AC29A832FDE1DFBF34A21DB5B711BCDCB4D47E9C"
"prefix_repair_evidence/pages014_141_150/source_evidence/sourcePDF014.png","1210993","C711862782F31907F17C77A71A479116132826A2023FB5A35E8FCE6B0529E092"
"prefix_repair_evidence/pages014_141_150/source_evidence/sourcePDF015_context.png","1230068","C9E494F7006DF7B34EB966D7CC867C4E95B5241629105552A77C481E0DF10978"
"prefix_repair_evidence/pages014_141_150/source_evidence/sourcePDF141.png","986064","852C3AA11651440F1E26B4EE98D63DF94D60BE358D39B51EBAB12C5911160DE3"
"prefix_repair_evidence/pages014_141_150/source_evidence/sourcePDF142.png","1021926","781DFD7105ECC4148CDFCF7E013CD85ECDEC4B6932EBF6E01DE3F91D387F2C16"
"prefix_repair_evidence/pages014_141_150/source_evidence/sourcePDF143.png","926242","0942045DE41C5B1D78ED8DC60E5A6CC3AC61B2863E98BF6302C403F987CC8C6C"
"prefix_repair_evidence/pages014_141_150/source_evidence/sourcePDF144.png","873362","B0B2532E877EA9A2A4474E53A2509A1A9AAABB7C227E53BE06AB738A6DBB586D"
"prefix_repair_evidence/pages014_141_150/source_evidence/sourcePDF145.png","948741","7AE292F68170FC1C8B9D2E71766D32E80E50BD0D5409B629306B164597EEE846"
"prefix_repair_evidence/pages014_141_150/source_evidence/sourcePDF146.png","1003458","023BEF89804284D79277AD164D40EFEB8C5DBC8297D823FB559111C22CC95A81"
"prefix_repair_evidence/pages014_141_150/source_evidence/sourcePDF147.png","738813","945BB63388595F96F5F4C34724C5752221750B3182A49389B16142C80B993F51"
"prefix_repair_evidence/pages014_141_150/source_evidence/sourcePDF148.png","1119551","7668F25B48E997A81F727776EB2D57DD211A0957B9D884D0CDC67CBF93CAD6CF"
"prefix_repair_evidence/pages014_141_150/source_evidence/sourcePDF149.png","998483","68BF708EE5F2D09C935200D2DF614922228934F292F8D00A097E1DA2F4164668"
"prefix_repair_evidence/pages014_141_150/source_evidence/sourcePDF150.png","984498","B870085BEC50D9A9D1E155B79517558CA29EDAAF02EAB6F2EA0D2DFD073A14E2"
"prefix_repair_evidence/pages014_141_150/TERMINOLOGY_AND_REJECTED_CHOICES.csv","3094","18D6660867124079B42317531EB9A29085ECC200FC9A20616FBDCA1C03521EB2"
"prefix_repair_evidence/pages014_141_150/VALIDATION.md","1069","3BE0B26F3A9B70FEC5ED177D37FBCB9269D33C0695E37B3EB7CE3AE96580344B"
"prefix_repair_evidence/pages277_286_347_350_377_431/BEFORE_AFTER_SNIPPETS.md","2104","53F02A7D67A163B4BEF5D2F12E865474B8875954EE34B59B1130B6BE4582072F"
"prefix_repair_evidence/pages277_286_347_350_377_431/CORRECTION_LEDGER.csv","1840","F6E99614729F09DC814222B18CE28B8778C299B48398D7A3825492C0B0D71563"
"prefix_repair_evidence/pages277_286_347_350_377_431/FORMULA_AND_SYMBOL_CHECKS.csv","1434","BBFC22627ED6B6C4576BD45B5F4206C106E08923E198CD6BA35DC035F17E3464"
"prefix_repair_evidence/pages277_286_347_350_377_431/HI_CLAUDE_CODEX_SGA6_NOTES_PREFIX_GATES_20260718.md","2394","7A03D193A95EEE03F7CC2568613EAF826AFAD2E2D5385708A2A6A3222CAED776"
"prefix_repair_evidence/pages277_286_347_350_377_431/LINE_LOCATORS.csv","936","696A5BD7400B0B88E83C636820AD6D786374FA006EA60181566E36A198147052"
"prefix_repair_evidence/pages277_286_347_350_377_431/SHA256SUMS.csv","4068","D27835475668C2928100138B7B6E0F2CED911CB44CBE049979296B6F9A12A678"
"prefix_repair_evidence/pages277_286_347_350_377_431/SOURCE_COMPARISON.md","3818","FEEAA95AA42B7CBE4A3FDEB61C80178EA8D75AC6AB4CA424CF92AD6B05C5138E"
"prefix_repair_evidence/pages277_286_347_350_377_431/source_renders/highresPDF_384_sourcePDF_377.png","803913","6D10FEDB7589C304CFCD023FAA0FD30787958530414AB5EB95948B7A22BD94CA"
"prefix_repair_evidence/pages277_286_347_350_377_431/source_renders/highresPDF_395_sourcePDF_377.png","675132","6AD91809FA67326FB169680F474794143C605D918BD68715CEF9C10C11230D14"
"prefix_repair_evidence/pages277_286_347_350_377_431/source_renders/README.md","702","0F484B4C13A348BA36AF9548A087620F5F74D526946BE2DFDF3A017351981203"
"prefix_repair_evidence/pages277_286_347_350_377_431/source_renders/sourcePDF_277.png","1623878","EBB7DEBC9BFA7A62FB9903ADC25AD5FCB7A1C56E1D3B0721ED05A3B6FE2B0C59"
"prefix_repair_evidence/pages277_286_347_350_377_431/source_renders/sourcePDF_286.png","1319209","F312A8A9CCE5121E063EBD7EA217B70625D43C4E801DA3098E60D3D4B614EC22"
"prefix_repair_evidence/pages277_286_347_350_377_431/source_renders/sourcePDF_347.png","1263504","24074BC3510B2C2F3955DC4D25C73257D595892F1BC4103D7CA976184E765A93"
"prefix_repair_evidence/pages277_286_347_350_377_431/source_renders/sourcePDF_350.png","1216886","D3B929F2353006FC8B7D5BD677CD71320CF7CEE1A5F4B4622EC88990D9F4010F"
"prefix_repair_evidence/pages277_286_347_350_377_431/source_renders/sourcePDF_376_context.png","1286564","C1E95C1FCBC06A6BB130FED6B794FCCA032EE67142496BCD2A188C9B82842BE1"
"prefix_repair_evidence/pages277_286_347_350_377_431/source_renders/sourcePDF_377_ORIENTED_180.png","669019","BE96B77925470C34863F4359BEB6D0224F2C6D819D154B15C43B9CD6092E49F1"
"prefix_repair_evidence/pages277_286_347_350_377_431/source_renders/sourcePDF_377.png","1527202","C67FFF9EAADA12AD56790F4B1D1DD20EA097D1303F832EE6B338DA528AE159D0"
"prefix_repair_evidence/pages277_286_347_350_377_431/source_renders/sourcePDF_378_context.png","1383715","FFD23E2DE81C1DDB2CDD49328CC120EEC9F7A2FAF50431DB4C35969CB9C441B3"
"prefix_repair_evidence/pages277_286_347_350_377_431/source_renders/sourcePDF_379_context.png","1412576","70B9101C97122BB2A98FC741556DD016C25ED56B269E40496EB0221CF634EAA2"
"prefix_repair_evidence/pages277_286_347_350_377_431/source_renders/sourcePDF_380_context.png","1345564","A0CA54CE6561F15FFF5B045D9728ECAFDF1FD4DEC8D7BF937DC955285B99FB46"
"prefix_repair_evidence/pages277_286_347_350_377_431/source_renders/sourcePDF_431.png","1420569","E41C99AF1EE9010BFCA729C6760D07B21B50A9E2984ED75A0AA08CB845C1DB27"
"prefix_repair_evidence/pages277_286_347_350_377_431/STATIC_TEX_CHECK.md","837","0D5C70491FA43F08EE5CD556756955789A2593227D4C65A22451B3AE3B05E49F"
"prefix_repair_evidence/pages277_286_347_350_377_431/STATUS.md","2310","82FE739BAD28C3A8AF636AA7C314C739EF0CE20C42C3BEDB807DE72C22F1D306"
"prefix_repair_evidence/pages277_286_347_350_377_431/TERMINOLOGY_REJECTED_CHOICES.csv","1280","F0FF1CAD598644E22193D3626980D73A53D7FAAF159749C019A4BC801DE0DA63"
"prefix_repair_evidence/pages277_286_347_350_377_431/VISUAL_QA.md","1715","952B6DB4E8291BBEE5D73B7056146B549D9EEEC2CFD8E50F987F8443AB73E4C5"
"prefix_repair_evidence/postseal_integration/POST_SEAL_TECHNICAL_FIX.md","1728","193825AFC01CE0B3DF0B6B2FE3AC767AD7D8D47ABA13A039AD172591781C693D"
"prefix_repair_evidence/postseal_integration/SGA6_prefix_sealed_before_hyperlink_fix_SHA6A6878FC.tex","812825","6A6878FCE68050F797E1E4256D363D038A7BE0B4C8A00430195E268887391194"
"prefix_repair_evidence/postseal_integration/TECHNICAL_CHANGE_LEDGER.csv","627","93C50DF7A99720E24BDF0961C6731CDC0CAAA369574115C6EC8E17C3D54CFC76"
"publication_render_check/page-0001.png","190386","7078643C2D418C750F5758F071F28819815DDFB55C399F6425B22483DD1D340F"
"publication_render_check/page-0002.png","447955","CC95095B5566126EE0FE96E33C69C33C34A0ADD31AEBFFF050AF060166BA4D64"
"publication_render_check/page-0008.png","537834","1543EE21FABA645D5E95747A8F8887CC87BEB7D4418569680DF3197E2272A1A4"
"publication_render_check/page-0009.png","445577","6A86EF63F379CC2F56974E39D44DA1AB4FB5B6A0493FCB9D40789C05F80DD622"
"publication_render_check/page-0080.png","434697","04C58D76E41E0CACEE6686D9F4C8BE49DEC49C30472178FD9F0856B9F346D1C3"
"publication_render_check/page-0081.png","400669","55EC54CF5C8AFE2661D138AB9B0F1CC0E1B5A18C4AE1878AB74DF9219F94C27D"
"publication_render_check/page-0082.png","522989","BF33F47877044A8D7E825259740EA7EE4533C767699D0565D59EEAF61DC4B9F6"
"publication_render_check/page-0083.png","366104","F7D83872871B525845C9A44095F38E9BA777922CF5C55FBF90C21E990E9446DD"
"publication_render_check/page-0084.png","376313","B07C30AB250F7A612727320C0C30E81D60B4B42367EE7303DB19839213082FF5"
"publication_render_check/page-0085.png","427695","30957B7A52CCADC1BA4782B3CAA22DEC7761EF63E8AF4F6C5D1930EE00589509"
"publication_render_check/page-0152.png","528071","8F17A9F269ACF13C418C7542037B8DFEA03466FA3C03B7078391714B0C74E7EF"
"publication_render_check/page-0157.png","398471","210B562E5BF878EDE84A90CA002BA7559C1658E1D56F1112A21F44C9E1065425"
"publication_render_check/page-0191.png","384211","96D024DB0761DDA682EC4EA87D464728ECFDF864A16E5B15BF5C0316EC2ED61B"
"publication_render_check/page-0192.png","417573","754A5380FE7C82C5F3D87176D7080ED813840410DF88855D040834C8E5AC7CE7"
"publication_render_check/page-0205.png","435430","12A8C5BEAABAFA776AE9777FE397393DB6AB1D613D199CEE307C8BA6EAEA8D63"
"publication_render_check/page-0206.png","512648","344C8373DEC9F34FD9245465EFDA42C8536A09FDF8C08423C5B79C47A9F5FF90"
"publication_render_check/page-0207.png","377884","B34787BC320BF92606455010B7DD2AEE3F52BE9127F8399EA23C06949CEBF148"
"publication_render_check/page-0224.png","518770","0BD4947AD417A7B3E1633BDA147D853360EB3E35B03C79934FCE4DB1CB4FC53E"
"publication_render_check/page-0225.png","355060","D75ACD126EC4A484F474719821210B78E412D4482B170271FD26A3DC4A57C722"
"publication_render_check/page-0226.png","401100","F542A46849C6537D41EE4443DFE58E6B5D665B0B17C4DDCCEC1647A700B3B3C8"
"publication_render_check/page-0272.png","407727","9DA84919C5C26712DC23F3AFFFFDAF14AB6012E3F973ED77EE8C103A48F73EC3"
"publication_render_check/page-0273.png","393625","76A93B8C5120F31FBD3209936BABA9048EE5D615A57C379ACCBCD95737D01201"
"publication_render_check/page-0349.png","517534","F3D47CDD27D2D66EF3488D27D9B23FDA37EFA1B2EE6212BB8DF6E7366EA7A9A5"
"publication_render_check/page-0350.png","514052","2A91CA15D109BD27482F55592C8844BAB1CA8E42154F8FC4CA0D88CAF6D465B5"
"publication_render_check/page-0375.png","543488","93C349BA3E8EEFB0479B2AB83EEFE26EFEE559962D8A943FFBB84EB53C0F1CB2"
"publication_render_check/page-0376.png","370636","E5B58DE9C3806C39E65E636D58418923E7719ADF0BF90ACB133BCCF6ED9BD6AE"
"publication_render_check/page-0377.png","387226","1A0C1CFFC5CCABAE268E3EAD411D3DB774B0F7D70A7373BB0E033BEEDB46373E"
"publication_render_check/page-0378.png","405921","796D112E390CA1AA2285F5ECE39AA70320542DD18AB67479C866DC2DD9EBBCA5"
"publication_render_check/page-0379.png","142703","2229B7927E5FF7C2BECC93B9D6712EE5DE8C0D57E861E39C23073EF1E264647C"
"publication_render_check/page-0380.png","257503","27A20BCF3315A0DA308368721CF30361522F5627534C7B8D1857D8C175315E47"
"publication_render_check/page-0381.png","224951","5A69B25CFA9119017CE2DAE3330227E0D8D415ADD5C225E7C4624A07271B97A9"
"README.md","2256","5055432FA20D3218150FE9AF46F1BEB6A24B13722E28E333DCC2109AA9F15B08"
"render_qa/contacts/contact-0001-0020.png","1745773","B66B63E96C7BF04E3A84C70840A50E6CE5F1C98AB4615D874E3284E0E5EC6295"
"render_qa/contacts/contact-0021-0040.png","1869026","BDFDC2A46CCDE4F99CB4F2267480880803F78B25F28D354E2CD3CD06161D6253"
"render_qa/contacts/contact-0041-0060.png","1700616","ACBB61E2172FE5F4A44A0021BBCD6CE4BB5CA7898AA270CA4C601A1821E1F996"
"render_qa/contacts/contact-0061-0080.png","1708425","28C9ACB9D8480B42241DE333C90F8E7A215AA6577532F71DCC7AAC5AE1B97943"
"render_qa/contacts/contact-0081-0100.png","1642563","75A3337D5A66E1D12A737E0E859C3E46C33B92725C8350C625ACCFEB0748CEB8"
"render_qa/contacts/contact-0101-0120.png","1819082","8E01731493C0E746C8D1C76DAB19DFEB75FFE3EC6175F8BB58CFF1777D0CD4BA"
"render_qa/contacts/contact-0121-0140.png","1715696","409AF469C47FBB8A6F22EB6C3A82BCCDCAF5B691E641AA44A8746EC447653EB9"
"render_qa/contacts/contact-0141-0160.png","1651289","76648E0AB406FBA35D1D5C5BF8931CE4CDC245E7E5934BE99226BA09A36B2CD6"
"render_qa/contacts/contact-0161-0180.png","1480914","4615E6DBD39C5EB6B060C545CEA50918BBF2645602E93102464F76BCA4A2C29A"
"render_qa/contacts/contact-0181-0200.png","1528508","2AD0925720651A3299B7C8B1F931AF0DBDDEC785A7B21925AB7F13D8584DE102"
"render_qa/contacts/contact-0201-0220.png","1599573","6EF20B661FFC16B1E8CD6D8A9DBE8BC5FE7CBA7867B723000A60B49D3D883D2C"
"render_qa/contacts/contact-0221-0240.png","1629205","986DBC1892F62F23C7B79F92F74A32003E4A8B8D651D6D61D427E142C7CAC8EE"
"render_qa/contacts/contact-0241-0260.png","1456577","9125C5857C241FA8E0BF20B6BAAC32F3B81E01392593147DF3C0CFF3667816F7"
"render_qa/contacts/contact-0261-0280.png","1656135","40263B3C481222A3EDC6EF4AF77FC4493AE0E03328DF578ABCB9BDE4CD2B5818"
"render_qa/contacts/contact-0281-0300.png","1452075","49217D57A5A5CA618E26FCB86AF51D06F4F3EA45FBBC3FD19C3D63122AE78A7F"
"render_qa/contacts/contact-0301-0320.png","1783264","4A1076713C97061E452AEA4DA6FD68A34777AC11D752411AC5E4CA68D041B140"
"render_qa/contacts/contact-0321-0340.png","1222634","94DA565B8212ED0450688F473F71C3452F457221B6B497EAF782145E4CA49C3D"
"render_qa/contacts/contact-0341-0360.png","1584426","A40F37E1DA1C2B33A7806C9279FB3747D9F056A882B162E3F0837BEE05971779"
"render_qa/contacts/contact-0361-0380.png","1672499","CE0E464849D293EDC314E081E261795E86AB231643B72708E184F9847B79FC2F"
"render_qa/contacts/contact-0381-0381.png","36133","65CB5083E4AF0A99ED8AEB7E4F4C3A262A26EFA991DA90E37791C48ED302D28C"
"render_qa/pages/page-0001.png","84352","B31B24C7C8992F41840762E2BFAC9E09B21173532240C19FBE966B7A97495BCD"
"render_qa/pages/page-0002.png","197348","2C06030885EF976F4EB044E47B9806BC20844D2DF91CFEE5E12B5714C3F28955"
"render_qa/pages/page-0003.png","297670","6192B6C1F1C61885471570679E99E55E2BD55DDD5D1CAA0F43D33F5572A380FC"
"render_qa/pages/page-0004.png","191141","EDB358FEC5371217A708365D126CF98439814629E757FF13FB61DB2BD8E9A68E"
"render_qa/pages/page-0005.png","171176","ADC56A20F720F06C3708DA68A9D7230AC54DF9AB75A2CE54458E68A1A28A574D"
"render_qa/pages/page-0006.png","198386","7E22BE9AE20932AA66A1DC3C7A259CE1102C2ABB3DB0DA294D01C088B39BAF69"
"render_qa/pages/page-0007.png","232286","E51D4CC9AF535FD409F382E0A0D8CFAFA1D48BDBC57890EC0B7FD2E72779F13F"
"render_qa/pages/page-0008.png","231006","8C9397F1C063D5C581C7BB6DA7322B2F1DEF52CA274EE79DAFB5A27F54DA81B1"
"render_qa/pages/page-0009.png","191540","9D43D5C6E1ABB3F38C189F4B398F767F8618ADDE92E3D29737141B24F7AB6794"
"render_qa/pages/page-0010.png","217472","65F1D16CF1D0FE2ED09C546B479B448F3775B1B7B36AF78FA57CE97758F4DDCF"
"render_qa/pages/page-0011.png","201923","3BF3F244D80F64591B06B6AB827EFE3EBF5C1FB18B5DBA3D58EA46C1F873C673"
"render_qa/pages/page-0012.png","213910","7A73D6E0840C5E8B79774B0F285E4C490D6F3984C86B2C5338CE5D5E2E83DCB1"
"render_qa/pages/page-0013.png","224794","3FCB9AA4B3D1BE723C8EBE236D9A02F7077DE599F015161E1FD3922BF5D1D5E4"
"render_qa/pages/page-0014.png","221513","2797BF7FD05E76A3CBD01A077C68A1BF3337ECAEF4C07E29F062677D1F33E4A8"
"render_qa/pages/page-0015.png","186771","04B3C95A53910C291611BF961A138ED262A7AE59AF4A7EB13905F3C9C936586D"
"render_qa/pages/page-0016.png","216174","28E48ADF2410B0FEC1DFC163534A5503B6BA5A0ABAAEF2A16F5CEDD165647378"
"render_qa/pages/page-0017.png","41272","C8866699F8B048F2231524D5FEF1689CB5C094DC13ED05CB268144826495D7B0"
"render_qa/pages/page-0018.png","115998","8DC86390E109B04E94BAA4965347ADCFDC4F08B52845EBE826DD3E8E48853D0D"
"render_qa/pages/page-0019.png","168625","64B4938BBB7EB556C1AF43E357E75195CD540117B84390181525649D4D58D83E"
"render_qa/pages/page-0020.png","203486","494E602EB5FA69D6C1D32424FA616A76135EB4D62C229614E13DAC1D834BB099"
"render_qa/pages/page-0021.png","242227","A368C1875A98E5E045374955584D4AAA40391C2F1350821698EB9055361E0BDB"
"render_qa/pages/page-0022.png","198292","EA89F21C85BD34188F4E352B372DDA54CFC789CA4BCBCDB2523F2D63D8701965"
"render_qa/pages/page-0023.png","167542","3E21839A7119C4172B583A06B6E25569AA0FEA9467B6CF668376DE1E1D99EF90"
"render_qa/pages/page-0024.png","156828","E832787DCBBC21D3BA09BB2C62C3BA36B6D9AD6A7412073C7EC90D8B0CA5DC5F"
"render_qa/pages/page-0025.png","157548","C458340D71E74D6EB5642D1C293687E57871B4F32072A7FA19F52D272C90EDC2"
"render_qa/pages/page-0026.png","241737","008123593400D4961BF09804C941AA275CE1DDB86AFD411FE00868409F301EE7"
"render_qa/pages/page-0027.png","170529","FEC3ABC67EDAB5F23E22596D2871BCF1881CE41F10FCCB9246A8CF45689322E5"
"render_qa/pages/page-0028.png","206092","9D8F97B2DBA4639CF1695B9D8B0DA3F7A163171E50EE01A203EC6CAF1CB03A20"
"render_qa/pages/page-0029.png","179677","C7CD97B2239DC6A20A0F8A957753B792043A8891C403C640462C2F699A57D8BC"
"render_qa/pages/page-0030.png","210598","3208EB2037E80E8A7B26E8CB5CB6DFC6CCCCFE2B88F8FBEEFC0E9F25330B9DD4"
"render_qa/pages/page-0031.png","244943","E214A4D96F27E6DCD25D102556BCA9A8EAECCA1845D419980EDC935F1AB5850D"
"render_qa/pages/page-0032.png","207243","7956A8E1D8BAA6D382E07809522FF3AF19BFA94F1026AA3F3C54EF1C0781399F"
"render_qa/pages/page-0033.png","199697","F4675D3065F6BFF1AEB123BB618743B390DFE778DDF994A12FFCCB32C25729A1"
"render_qa/pages/page-0034.png","193090","9B04BBDB587AD34963B5B4FD27E92AD13E585B27638FAEE62F024FC051CA52D7"
"render_qa/pages/page-0035.png","182743","995EC84ED2F59AF485F69CCAA3A2A2F11613D77A86DA1C96B9D8804C860FC22A"
"render_qa/pages/page-0036.png","193571","104CCF812105E16C43481D617828651A56190867BE7FA875471204FC94993944"
"render_qa/pages/page-0037.png","195120","679C15EDC117A1D1351C005DC9C63FBC76B6612212258B3D6A7DABBB9650FAB4"
"render_qa/pages/page-0038.png","177272","3A4D86E7D3FC5F00D91FA8409106E7CBE344EDCABA85CFAFF80D94140F88695F"
"render_qa/pages/page-0039.png","191034","8163699FDA13F2F87219D0036A4EF0F9DD0F051EB27619F40E2E7F7909B81E1D"
"render_qa/pages/page-0040.png","234754","6AB6E9248CA7E8BB5AF580F37B0943472F892C25C7D217D6AD7DB760453C88A9"
"render_qa/pages/page-0041.png","204760","E8575006ED349D7A77D64E0C966B4833087DD0334143BCB184F215EC9E62C3C2"
"render_qa/pages/page-0042.png","141877","9608A268FF427F4BD33D11E4A92B1A4B87FF80935A3A972C33740FDE19923040"
"render_qa/pages/page-0043.png","208351","2DB900FCD03E9D4EE12DC03ED4D10970E3D1BBFACE4CD32369FA9CE76782ECD6"
"render_qa/pages/page-0044.png","188700","777D638777814A9E5A9076AE8C83A2902BE89A40019A26D06145CD8440473E40"
"render_qa/pages/page-0045.png","165877","E566259A4C6304701EA85918F5DB5A23EAD68DB7F768A5A3F00E84CE5AC83D3E"
"render_qa/pages/page-0046.png","165483","2B08E9CB9AEC89A020F2072AE8E06A6A79DFA2AE8E1C303DB84A6DA1C738BBBD"
"render_qa/pages/page-0047.png","149307","D9971665D13CEC914217CDAB3D46D9E64877DB2A39A26C30A0459EF0C9348BAC"
"render_qa/pages/page-0048.png","178645","4D3E6AB3EB2C387B23C93261D87578AC4FACC16DFA96B4EC76C433BA315B5A0D"
"render_qa/pages/page-0049.png","241369","AD36702E26FF56758AE65526B73FEE30A940A232AFB12219F3086BB9A49C3EB9"
"render_qa/pages/page-0050.png","263348","4979ED62005FD976579F47058597C3C7F1BC4EDB6ED64EF1968F09DAB1007683"
"render_qa/pages/page-0051.png","265369","65ED1547A4D979E9D48A4331BBDD3E4FDBEEC158486DB08499E521CE98819D32"
"render_qa/pages/page-0052.png","167692","79E0AC43859FD8E494D3C4E38A9F54129AF5EAD2EE8829FDAF77ABC62938DAD9"
"render_qa/pages/page-0053.png","135423","DFA7D75920DC128E9498A2AE62F4F520455FBC5286E36EA8BCB443371A48986C"
"render_qa/pages/page-0054.png","213745","389CA8B1337244FBAD05097173AEA30FD4A25A6327CDFB96D2B25F7E45CC76D0"
"render_qa/pages/page-0055.png","145617","8CF0EB15513F51A0F0645BB929085186709FCB44365746B169593AB9EE6079B1"
"render_qa/pages/page-0056.png","152121","0C9286F032BD8BD816C954E750DA209043E897C701C71DC7571CC893213D21EE"
"render_qa/pages/page-0057.png","153146","928CB93BAE9EE695BBFA4940EF18E878C898D1CB6E6A5FB928C65E51E875271E"
"render_qa/pages/page-0058.png","172257","994060A49ABACA14F6C2E02F293F1D393A5B2F397EC58EF272925FF4F312D7B7"
"render_qa/pages/page-0059.png","137748","D108F1C15463FC0D180092472A0EFE79AD4A1368580C23223FC34292DA480656"
"render_qa/pages/page-0060.png","165304","62705E507EF3D3C128A124941A267522FA5284649843930B0638E7E25FC1C1A6"
"render_qa/pages/page-0061.png","136368","58ECD4706DA6ED3AEBA34C21407DB004750C9C98C8CB3151DDB4B60169B307C5"
"render_qa/pages/page-0062.png","181223","C193350263E2866BBE03D76F09505549B0B90F3B3599ABC649744780C540916F"
"render_qa/pages/page-0063.png","165331","B07F2695B3DFE280043437A79B546C1425F051CB2633A3243B28AB7EC6CB7805"
"render_qa/pages/page-0064.png","216133","16569659EDFD5466836227F070757A2E900A057385E171FBBD8DC792611772E4"
"render_qa/pages/page-0065.png","205012","6ADEFFB4C26617F0C3918AD68DDDF2ACE552A47C7C58738F03870C267607199A"
"render_qa/pages/page-0066.png","233094","63C122D74E64151768B151610745711EBBFE296BB06E02BDE4A2C18DD3208BA3"
"render_qa/pages/page-0067.png","161804","9BE1CDC5C6F9E2731DDE04B3C7B4D37171D2E7F518F0269AF3E90DD70FAD3F25"
"render_qa/pages/page-0068.png","154252","73CC29B15469CB59035164986510B8572E101E8C4EE821D8A583C22323E6E769"
"render_qa/pages/page-0069.png","162457","EE099B37F2B25CA7E39E2778F3C280898A50E018A0DEF151C7D0E5CCA45275DF"
"render_qa/pages/page-0070.png","162050","6DC129440641C6FBCCD678CEAECEE801ED0D41B2F031096CC4C8CB3E23523A4D"
"render_qa/pages/page-0071.png","191805","FAF5B5B5F88F901DA66A297CC69439829E19833C5BD17027CB7E60445DFB2A6E"
"render_qa/pages/page-0072.png","138210","A13946469388B1874DC3F19DAEAE9C24DDE97467813732DCCC0B2897AD7CA9F0"
"render_qa/pages/page-0073.png","203325","932976C3D97D896BB90E12FAB2B3B72CEFB6B535009EE7B44340751D94BB685C"
"render_qa/pages/page-0074.png","213403","976953FED93C1D9590F6C6BE1E307040FCF1014EBC82371F6957279D1E8E6C12"
"render_qa/pages/page-0075.png","179263","DF6CF495FDFBFAF4ADD72DD40F885D709F33C49DD55CC956F07E4D107190EB8C"
"render_qa/pages/page-0076.png","202982","0FD5D066F3CD2CF60DDC18BAFA6B82D7949099B5D62195A0FD43465839BF3276"
"render_qa/pages/page-0077.png","186304","19CCA36AB59C55599EE030CA1FAF745F87EE33E09B41F0EC680D9A617C22487D"
"render_qa/pages/page-0078.png","159879","9B8CB17A2AC58D4768FB3F0048BCBE7CD63D2BF0239B103FF687D66E3B749B83"
"render_qa/pages/page-0079.png","195802","9ED4800012ABCEC54599DB6486E4CF9DD2D10910A79361D8D82FB245738FE388"
"render_qa/pages/page-0080.png","185504","2BEAA0EE9CF975F818BF33F9D6B5391C4096B66AF11474DC7E56003771F735F1"
"render_qa/pages/page-0081.png","174033","259D4375565500F7B167479FC7707B4AA07DD2BCB620132431C10048D0A98D5C"
"render_qa/pages/page-0082.png","224490","018BA3CF22256E15E1CE42B05EA47D91218934309209CC1E7F5A4C7FCC30248D"
"render_qa/pages/page-0083.png","159201","8E06825B845AD4B77AEA592D7DDBC4A593D48DFD870C6497F73189933D6BEACF"
"render_qa/pages/page-0084.png","159444","209DA07D03002C73465F5CD93EF36FDFE78E5C2403F69763A09BE0A20CBD3CC5"
"render_qa/pages/page-0085.png","183436","5FD1799D4FA74902EA6AC60B0C50247534B97C66FAC67A0C51808B131F7DAF36"
"render_qa/pages/page-0086.png","167187","FE7C665D21C8975B8BA2F08431BCE7EBBF61BC610377BFB1E9D4E40D301AB088"
"render_qa/pages/page-0087.png","184724","7A9FF1B4B9A39B9C94C68CAB6376C5EA7488A1DADDA185E01E6C8C4132B33268"
"render_qa/pages/page-0088.png","183023","90DBB3908C304319027E3DC45F03E2A78D911DF9C83E5117BF71327198618CCD"
"render_qa/pages/page-0089.png","174590","F8B26F93350583337EFB5B61C03331A632E81ACF04B7D8D5C2C9F27B380B4EFE"
"render_qa/pages/page-0090.png","162805","A672893A95279B4344CB4B77A143218836CE3D49475C9ED597E958DECBFE5A61"
"render_qa/pages/page-0091.png","148216","31D7514AC906BF54C4410D9CB4891670DC74762D429771A2108D216894ABD94A"
"render_qa/pages/page-0092.png","141477","4738CA263265910FA279177C7C67FBED287EBD4F3F6B2466AF60ECE35513FE45"
"render_qa/pages/page-0093.png","153697","B0A3658F380913F13E526935E03D88153E144C5808CC6D3CED0098442695FECA"
"render_qa/pages/page-0094.png","158202","8DFB3CF2097B741EB3B22B9778E1B2F6C2BA38FF562CDE7784E40732A37F7C44"
"render_qa/pages/page-0095.png","213955","7C42D8358E4E108DC6D9D8B8AE60493317E7D5E46FE98FE854C65FAB1F96B079"
"render_qa/pages/page-0096.png","206815","B133025682A5209AA1498181635D87D08DCAD2CE9BD5D04820AFFCD25C838308"
"render_qa/pages/page-0097.png","161617","D27E0CAE18FD3DFA052060945C55921BE0194287C87E36921F282C8134856B52"
"render_qa/pages/page-0098.png","157036","018A6C6ABAD6A012C620D47C1A495DD5685ABEBA45E0675DB22B7DB43AC4E8B4"
"render_qa/pages/page-0099.png","204835","0887C7A520353571F171C6E0CF52F6981128324735771EF8BE4A262385CEB2EF"
"render_qa/pages/page-0100.png","202900","DF8D96900A388EA818F7A31C8269C6928516253D0E3E6E9427D398242EB84FC2"
"render_qa/pages/page-0101.png","240834","93439A3350A68914A3E98996E563E77548E8E06DBEA9C7D961E856BD1272C0B9"
"render_qa/pages/page-0102.png","246980","62A5C9D9B5A3AC8892D4F604878EEC9E1F8FE80BA67F47B531DE5EF57C4004ED"
"render_qa/pages/page-0103.png","200068","D5CDFEA971434CB0ED0631C669FEB5EF738FD16DA125D4DFE8D2A09EF594964B"
"render_qa/pages/page-0104.png","249336","855A9AC2EA80BA9C213852ECF651615689ABC409B5B202F3EC9624FC3BB7108C"
"render_qa/pages/page-0105.png","194478","96B76DA0AE16E201AC6A966C8E6E289B6F41ED80892042803D0C9469FC034733"
"render_qa/pages/page-0106.png","229791","39AC43022D3B4D2414B6E2CE85F1A9D9EE3A4CB521C382BC6BF0AB441D04D461"
"render_qa/pages/page-0107.png","209221","1143C7DD2EA276B3AF5F80496214D39AC3FDF01B5C225C5FDD9F63C750824241"
"render_qa/pages/page-0108.png","244222","D84ADD0803F08F8126C663E38F1AD005CDF81B949EEE0BC318885453620C1ABD"
"render_qa/pages/page-0109.png","176870","EB23B19D01997CB01BC3CAD35639538257B3375EBE22959535E3AE4C11814396"
"render_qa/pages/page-0110.png","168831","ACCC7F0FEEF33B9E24FA086710D261EC94F120F351D8930E6CF07C05CE093176"
"render_qa/pages/page-0111.png","154912","A19F598E0D6452F318D5739976D3782D18F9F5EF626E9D9E83FAC02FF3A2BF37"
"render_qa/pages/page-0112.png","187587","9472D6D0D6A30846C1A34C46B6AE205D2EB1AA7884F3905DB9522F569AE5A470"
"render_qa/pages/page-0113.png","165303","2F9D6F0CC5FC0D59EB294C287C706E46DF0DB070741D785FB143FC031D8EAABA"
"render_qa/pages/page-0114.png","133075","9AEABEAB49C54C4C358E5051587E853001C70F1375FE09BED042CBC5307E384A"
"render_qa/pages/page-0115.png","154410","8BB9BE6C7DEC599411DB99627E27EA5F166CFE9A21E055229D223FDE5928F79D"
"render_qa/pages/page-0116.png","192887","F60C79C4317DA3B4F6BA31A2ECD5BE01E38EC36FEFB1A1D61FAD192351182290"
"render_qa/pages/page-0117.png","215247","00DDA0AA0E4409B6505C4CEC5E91F854D275C9CCFAF68756FE5304B52275137E"
"render_qa/pages/page-0118.png","206074","FF5A85A999267B886D07739B506B9A595A8AAD27F5570EB19C10ADB6B0F500E6"
"render_qa/pages/page-0119.png","228492","9FA8AE394F3FA87DAB381416BBE02373ECFA0D0C1C214E7F2314D815A785D2B7"
"render_qa/pages/page-0120.png","177459","68B6D0C95350DCDAC4C0A3929A8D7AAABCFDB93D1F57EBEB83726AFD40B2FB76"
"render_qa/pages/page-0121.png","194104","EC010B047D131A3AB5B9748998ABAE186C8ED897EC6EB15DE3F4A561FB18B0F5"
"render_qa/pages/page-0122.png","190546","A873B8629BDAEC2610FA94D997E9BE71C45CF100D5A0A6B8E45BF6E16E64B678"
"render_qa/pages/page-0123.png","202708","8EF0FE3C95C20CF8F2E9C426665B47427FCB2ED3949FA42EB4517732EC1C0C23"
"render_qa/pages/page-0124.png","157471","6783E9578857BF934CFFC4888CF64248A3A11EF158806DA1BD22607E2BC0D62C"
"render_qa/pages/page-0125.png","202891","B376F4094F2481D59183940D38D3FA8CD08F223268FAB8CCA66169E0574EBCD2"
"render_qa/pages/page-0126.png","232310","E78EE842DDEEE5E3C15FB6DF9E6BF2BC9A6BAF3A5EC8E953461293330447625A"
"render_qa/pages/page-0127.png","206820","048275495413F7252EAA1FA263DB7C579D62ECC378CD4B660B0E317139FE5C67"
"render_qa/pages/page-0128.png","165736","042CA294719CCE8AA13DF7D7C674DDA6801C5920EBB4BD1DD02412D3221E79C9"
"render_qa/pages/page-0129.png","169368","BDD7CDF7EA2B919DC235215B6D90E3C63E075A596311D856A7167C294D519DEE"
"render_qa/pages/page-0130.png","148315","ECF0350ABCD4347AEDF73413EF44E2E07CDF2A5B05502467A524067603505B8C"
"render_qa/pages/page-0131.png","173949","9235C5397DD2F48C9C4F5848D0E824EBE9E8B6730659E0B01BC879597E5146CF"
"render_qa/pages/page-0132.png","187273","38590E6E7548ED02C7438AA1E06536F3E24D5A00078DD6EEC17740945F53BFD2"
"render_qa/pages/page-0133.png","157334","10D9328B92BFAD8BE34B22A32C4A856032DB0813DB526348C5B014C15DFA7428"
"render_qa/pages/page-0134.png","177848","D9EF4E9BC655C396778A266F488886DA70061D3CD887AAD7B454FF6518D00D60"
"render_qa/pages/page-0135.png","200259","0D0079CA58FE9F75EDE28EE26C3D392708F7E4F4F72A9F30AAAC1AE94E958845"
"render_qa/pages/page-0136.png","194292","3E64DB7125EC9AE84D171BBDBBDFE0737CB2130AD914F4F3AFBDB568D9EDB279"
"render_qa/pages/page-0137.png","177026","7B1D66E55800F7F8D145EBF8E1141C274B4DF0C83A3424271085B04D287996A3"
"render_qa/pages/page-0138.png","240184","294B4F7EFC20F8C86BB75901938D31E2059D8CCE76A4AF1E9D34BDB30A4B6439"
"render_qa/pages/page-0139.png","177234","36B5FD5745446FE1B6ACA4032CE76BF0143528150CC69785A34170143F4C6CC9"
"render_qa/pages/page-0140.png","153893","8C310997C3877AC7469FB15570AD2DACF0093355860D43B5DA379A71AC6585C7"
"render_qa/pages/page-0141.png","134849","BBD182FC0A56E00DB61152A9F97C440C04BA97894079F0D9095E421FC386344D"
"render_qa/pages/page-0142.png","167039","2FC07084B90264257E079F736D484F41D85B948CD45941FB6B85515B515D01A1"
"render_qa/pages/page-0143.png","222467","31970F8D013EA51ECD55BEA021758A3908CAF1CED21AB23F8B021F21A9A98A4F"
"render_qa/pages/page-0144.png","202149","41757680A1550641D6D91200973F7B4AA83ECEB6A201F1A7DA6AF072062D016A"
"render_qa/pages/page-0145.png","185287","384DE3355ED405CFB2D68CC530F24377E7D3A0A001D9951A548D0918F58910A2"
"render_qa/pages/page-0146.png","173884","E20C38999107D0207A2165F5CEFEE91272E8067772C631536A111BE38433F758"
"render_qa/pages/page-0147.png","194534","41EEE2E44FB548E4C0890F66DC141AC615712CEE1AFA42C11E463F4ADBF46658"
"render_qa/pages/page-0148.png","184987","0C8B1971365E3B713B24A1FD280505FC1D543BF84D52764ED8257E33E1CF1843"
"render_qa/pages/page-0149.png","184000","AF35172913FFD904FF0ED1A0535A8862CA95233C3BE2BD121AD38CD318AD0A60"
"render_qa/pages/page-0150.png","208211","FA41FEF55BA5360C4705458085AE3F4812F661475DFCB0BD7BB239514C2252BC"
"render_qa/pages/page-0151.png","173360","A30C13C3AA86EF312E90D43EE1D13E2EFC0A5FEDE5D91E2468AEBAFD8A743A12"
"render_qa/pages/page-0152.png","226758","F7B3BAAC90F2F8241DDAA8848AD21107F5FCBFD6F8FAB670E601256DA83264F4"
"render_qa/pages/page-0153.png","170633","44D7B74AF947F05B5853643033EBB0A9094A96AB90F5F7E4B6FFC5397FFF4D26"
"render_qa/pages/page-0154.png","131343","D61E1A9436C88CE82FB449E9EA404F304080FAB4C7491E0F11055B2AB4DE66BB"
"render_qa/pages/page-0155.png","163635","176E61F3EB86C07DF0A5433B6330C64BEB27140E59938A060155BA943BE06303"
"render_qa/pages/page-0156.png","199302","EE3DA36124B5C629CE8650CB30640EF9E52B70D0B9D83081BBCDB87EBD8C89B0"
"render_qa/pages/page-0157.png","169050","0462E8A8AAAB5F1FFDAA3DD3472211C609E4F4423BF2B4C1CBCBDBCC30B67C7C"
"render_qa/pages/page-0158.png","150998","0DFEC9E05D2BDE176347C2D40B8F5A436A066BCF2F0886AA1B211359576155DC"
"render_qa/pages/page-0159.png","149866","8F370B84EFB88D65F9BF67D0FDE853278EC1908DDCB359FBF1A8B10D9909FEEC"
"render_qa/pages/page-0160.png","159750","7A0415975769D9F7AA65FB49AC9749204DD663F1C4FE1995B93FDE869852853E"
"render_qa/pages/page-0161.png","185762","BB2B6AE6B4E6C248C381FA90105FF6CD2EFDD782C3B0621EAF446359CD773863"
"render_qa/pages/page-0162.png","208518","12926A2030676B7AE68A57994EAAB3FABBC3BCBF5CA457869FF1348C2EB801C5"
"render_qa/pages/page-0163.png","171170","E36E332885D848A2B6570F8B555042BBC8A5B25A2F37FA6279724E588DB0869E"
"render_qa/pages/page-0164.png","162527","CAF06B6622D7F21813D144BA7FF8B1874C3CB908B00F4B799D1D24AA5457BB5D"
"render_qa/pages/page-0165.png","154579","914C92E0B09A136A946EC68B04EAD231BB2CBE71E752CEA61A4A007B0EF869FA"
"render_qa/pages/page-0166.png","146346","7749030B6C1BCEC5B56EB2B8832413D53BAC6AC1869BA693F70E16BBB0FAA7F1"
"render_qa/pages/page-0167.png","138420","9B9D6D999495035483431048723DA9DF146FBA17D8631E98FCF19CBE4EC2B83D"
"render_qa/pages/page-0168.png","177479","26DF15142551BA270C7C37F997C9AB6053974ADA48B1B42FA1F81C442CB5A59F"
"render_qa/pages/page-0169.png","147804","373C976D39B5CFB5BAAD842EC572A7D955BBF56A167BE0FE1E079872BD317826"
"render_qa/pages/page-0170.png","151452","AD46261FBADCF465C7EE96A52C1D3E11AF2A467A5579523AE854B52BA797208B"
"render_qa/pages/page-0171.png","128995","555AD53DBCB94AB4347CE9711A8190E2CF512602A99CEBDFDFD11A51D6CAACEE"
"render_qa/pages/page-0172.png","133874","B9E91E215E87D19E00B852CBC9EBA386C8550A856406673ACC0FD27D93EC6568"
"render_qa/pages/page-0173.png","140932","789AAD1E38DC45828FF9678B50D17B576EEAD14DEC8C66427BB904B89649D11A"
"render_qa/pages/page-0174.png","137890","6EFB1928A2289E6C82DF4F9547A71B142FB4EC628DA28A5621E0546B6FEDDD72"
"render_qa/pages/page-0175.png","148680","4AE602CE45E7A58EDB1A15089467EE368148E4418455222D4844000BFF6C78B1"
"render_qa/pages/page-0176.png","126810","9062F6D1A5808DA8447A5F859E744C0DDBDBC02662B202810F3F288A079124B4"
"render_qa/pages/page-0177.png","145937","3C987AF60E72977900ABC4FCA1A420C43D0421B0CAD536719175D23E28966FBB"
"render_qa/pages/page-0178.png","137432","A92A58A087E8E3DA0BA980FFB42835F414A3C147E5296FC1EC7E1A31DE264FCB"
"render_qa/pages/page-0179.png","131886","A418FA1AA64B6AC7EA881D3B8DB3BE4F354CD861502B8CFC40DC7EC97A643DFF"
"render_qa/pages/page-0180.png","166690","2D6E8ACA1D554811BB672719C7151A2AC702ACB8077B02EB73C5FFB6EA5F3EAC"
"render_qa/pages/page-0181.png","155296","8C577E75676EEB3600C1A2E9EADBAB495DADC7C89A6960ABDDDC052F11EC19C5"
"render_qa/pages/page-0182.png","162132","C43CC0FE9B35AD060A3A6A3B140496159C07BD840D3EA4901662A59DB6354B29"
"render_qa/pages/page-0183.png","148349","EA9861C1B38865B6FA643C58BB83E6A06805E89F49F7581E46BA666B3B2BF908"
"render_qa/pages/page-0184.png","110616","3FC86EDC955A857109AA16ECB4E85111D2724F38491B71E446CF82EB35545178"
"render_qa/pages/page-0185.png","184070","76B5B80C9D5619C3ED39462C7799FD1B72F92C286B9C91CE960227981DC267B4"
"render_qa/pages/page-0186.png","118115","08FB49B1073B29BF439979A9197D85E8A269273D1569B7987550BB055C41786E"
"render_qa/pages/page-0187.png","126425","38007542E9051DF076E3F86AD35EF61A9F999B8F7D1C85764ADE0EA4DFFDA5AA"
"render_qa/pages/page-0188.png","167742","2C9F4B4E01119A4D822789C4FE50EA2318E032454E6D0C700853056E3D8B14B5"
"render_qa/pages/page-0189.png","182171","905F7B0D6E708CEC0770D8349BB372C06FAA7C0D5710EFD6E7981DF98F70E76C"
"render_qa/pages/page-0190.png","170829","219401B15D6EE6CC8388EE5124A80F7934FCA3FE9B9F30796E8C859A88A12729"
"render_qa/pages/page-0191.png","159654","1AD7169C79F0FDA43AF6CD1AC9E08004004C8D36D3DA7125DC9040B93461ECA0"
"render_qa/pages/page-0192.png","174645","70700F4C5C27812317872F3B9DC98A6258FA8B91EFFC709FCD148C0F8613874C"
"render_qa/pages/page-0193.png","182480","40A9B0B857E493760E589CD9F4A9014169A59C38198BFEBB8A40F361670BC96E"
"render_qa/pages/page-0194.png","124908","86E39D4C8CC9D884BA4895729C7C61A953C80A5FD476AAEB44FE48E231EDDCE8"
"render_qa/pages/page-0195.png","143440","25D2411C97465DE8C3B5B68E0ED7142CFCF6B34779C4142E53566ED1959A5E46"
"render_qa/pages/page-0196.png","171012","C87F5227D63D823D8A5C305D3418339D2657C193D8186977A316043E639014FF"
"render_qa/pages/page-0197.png","135640","8078874D4ED6FA6995731A8F77B49ACABF867C598503D8E0F04A015426DC0D92"
"render_qa/pages/page-0198.png","158978","22C5025477E4DE0BB8C61447DF5F9CADD5E54A3F15FB776118191FC2C41D4C6F"
"render_qa/pages/page-0199.png","178818","94022510CB40BB2E5A96E3E8A08A7C72CF60AA529CB7A086521F01113D819262"
"render_qa/pages/page-0200.png","166580","63A6806DF23C6569A7A3B72A9BB822D5E68FB4B26CEE090DAD0F3D813E745153"
"render_qa/pages/page-0201.png","116314","066B53D160E6CD47550ABAE2061610799762C6742B5B02985789D861533B2E1E"
"render_qa/pages/page-0202.png","150828","5394654C8A83CD4B0E8D898FBBE1DFD7CC60F669F3BF1E126980FCE38BFA9D4B"
"render_qa/pages/page-0203.png","161185","2B0B5E581B7573A80D8D8D7FE79E801F6CDE2D4AE9DB57FE169AD87D11C1CE73"
"render_qa/pages/page-0204.png","167840","C748FF056D37F6FC9FDA4A0E1D24F0225F0D9A01CAB2C7E6B318A6670477D065"
"render_qa/pages/page-0205.png","188321","88FC25DA3A504F297AB7B8FC00BCDFA08DE1B107834D10CFB0D05A5D347F25D2"
"render_qa/pages/page-0206.png","217064","6F2BA059052B68394A66E98B029F08093EBEA2C397AAF6233BCFD1DEB259D5A2"
"render_qa/pages/page-0207.png","160866","DAB94E9DBCD0129D0167A3C756236AAEE43FB01358B347AD24470736B468C279"
"render_qa/pages/page-0208.png","146145","AB88841D3BA18514D35FE0FAC03D01AEB61E01692738E9ACD4F8C04F7BB42ECA"
"render_qa/pages/page-0209.png","171769","A6C3D1299C831D5DC60C9FF613B7F0A19F8E8A93368946DE6951593952817159"
"render_qa/pages/page-0210.png","178923","5F332D0E16A674C8639FAE90C3B3693A6E4660EC6DD6009E305A3C901BAA9600"
"render_qa/pages/page-0211.png","161802","565AB8C64F5148CEBA5AB77C0577AE4FBEF2A6D59E842E7340FDF4EF67F95295"
"render_qa/pages/page-0212.png","158302","9A331334129D4E88BB0A64972E86DC0C80A8224BA00E2C579C4875B3B0A415F3"
"render_qa/pages/page-0213.png","200288","2BBBF1977BD7C782EA2353DB1FFDE49AA578DDD6974D09A20672EBCAFB0B7F94"
"render_qa/pages/page-0214.png","205574","682FDACA199FA1E77C62CE7EA62A248837A108793F0174C3959752CB80D388D7"
"render_qa/pages/page-0215.png","139617","4CC1191ABA640A1A3D4A3F18D623654F5F6B21070C7AFD24C54A1222F59BB30F"
"render_qa/pages/page-0216.png","178093","219039F795491F4A8C797007BFF9A6DEFBC1550C4FA6D1D2C5A8C479433FF847"
"render_qa/pages/page-0217.png","188308","83E377D434AC81970E9CC002A1950CAF8704D7BD62B47C776760BCE90F7A34B8"
"render_qa/pages/page-0218.png","181523","A91AC8D1BB7A3501F417CAA2EF7131417F31F2A7CC850211F3F595E24D429D91"
"render_qa/pages/page-0219.png","147355","C3C026635B834C70AA2B6E81795D3D3479D97F515AC7EC1871F0912C2DEA4535"
"render_qa/pages/page-0220.png","135261","1FF9CD0413CBC942EF0BC5B8974953EBD32E01E8150044DA89BF7F1D6954EEE8"
"render_qa/pages/page-0221.png","214406","CB0EBEC2714074DC12A1F0E488F46EAD0E72AD0B850A9A5BA773884A1087D036"
"render_qa/pages/page-0222.png","216471","5F658672E10432601EE2C7A021A006D4579CF382F78550D11BB031F41AC91C8C"
"render_qa/pages/page-0223.png","198756","50AD9841307D3C2F92F0FC7DEF09D5B8E51FBCE0161E549E66252EFC83AF1C64"
"render_qa/pages/page-0224.png","220115","BDBE778B0D8528BB6DE6853B5798ECBD7E4802650E434C718D5837E762AF05E6"
"render_qa/pages/page-0225.png","148045","B441E5C97BB869CB008622832BAC4EF93FDB811883591D24922BDD4D63C0CB04"
"render_qa/pages/page-0226.png","167937","F7C8564C2F02844EF909ED3079F2FAC66AC5CDB0B487E329BE0F1B236E14AAAD"
"render_qa/pages/page-0227.png","219743","7B0C2C4B23B347FF2616E770826F880056EDE81B7BE8B3840284B02553FE88AB"
"render_qa/pages/page-0228.png","151907","5ACE1CFE0D71B4909B87CE3284895C6F87F3F58F4989DF021CD8638CF13371D3"
"render_qa/pages/page-0229.png","160523","24464F8C4B4E63600416EC562C9EE0A3F48B341DD30465939F9D08BEC42B65C9"
"render_qa/pages/page-0230.png","165222","D3EA289EBC6BAB62916851853DCB4EEE298B06B2941E42AB8652639AC89DF98B"
"render_qa/pages/page-0231.png","150802","3F31A54A154A49F3BF058D0893C599337456FBB4DDD61F7D08B9D151E41098A5"
"render_qa/pages/page-0232.png","157641","291A5F48F6AC29913D9A27D26219AC3F3446C5433CFE06EB31AFAE0EE55650D4"
"render_qa/pages/page-0233.png","150343","631D509D660FA63187C18269FA99AC8C1B2C57598C8CB55B852B99379F7C0080"
"render_qa/pages/page-0234.png","164659","8DFA0795E10399C9633742CC101B070A6550C92638BB3C793B8FE18BABD5355E"
"render_qa/pages/page-0235.png","201100","46CF8FB54DB01C5749CB89E8B91C14A1D4FEF7282DF25DF5145CC79DBC78F0D4"
"render_qa/pages/page-0236.png","128188","765D18AF3F0C7184608AD73DE599E20C0FA60D953B8D9BC3524F1F331F552DC9"
"render_qa/pages/page-0237.png","159476","3E69C99E5FF8E5A7120C5C32190E14429E8CD0666B1F9B37E844722B68110CF2"
"render_qa/pages/page-0238.png","136887","B31C3396E827E158DB9F270DCB8C5C2D23705626D90D6FCE320FB7130BB35AFE"
"render_qa/pages/page-0239.png","150448","1379F296D2FC39E701248C081231AD5E8B49D4D3E5227FB6B77D9FD4F2DA62C2"
"render_qa/pages/page-0240.png","149648","4189905732CEF9774EE72E9B808508729CDDEF68493114FDA0E175EECE16E380"
"render_qa/pages/page-0241.png","164041","0AFB7E1DF40887FB6AFF91599A7E13B8F63E5C21A2B98C34BC2A88307996D5F5"
"render_qa/pages/page-0242.png","177578","957CAD1BAD037C34077DBD57E0CEC1CFA65F8D21B0BF6DD4260D25D4F190A3C6"
"render_qa/pages/page-0243.png","149778","CA42381998A8E97F860CC1C69447675DB68F7166411F1D67AFCE1FC465B161A6"
"render_qa/pages/page-0244.png","174842","08744E5C3E2629C20B797932B399F793E34DBDC1A70F31EF81A3ADBF19FFE203"
"render_qa/pages/page-0245.png","178584","A35F6F1F58C9E99952D3558C8D1F89CC3C60F2EC3E27C4A32972523A9F4A91F0"
"render_qa/pages/page-0246.png","156226","65C901DD3EF789FF30DC02A9BD982781E57DED9EA02998CE26E43F6E62B6971A"
"render_qa/pages/page-0247.png","159420","222DC4E7F34BACC97B5DBCDB83DD8ABD0DAB873E77D6897727C7143B2DB06F93"
"render_qa/pages/page-0248.png","148187","7A74B37AAB7510C5138977A3C427B703B341AA5762E9A640FD0A7D9AE103C52F"
"render_qa/pages/page-0249.png","129252","795562123556ABDB12BBB848B71C4287FB45B9D039FC9F3F3CCC7927F3529D4A"
"render_qa/pages/page-0250.png","196860","E8E0D4DE8F6329CC44BDB690D650862FC0AB575829CA4EE3C17A77E6786C2E79"
"render_qa/pages/page-0251.png","113609","451105307D83A90181A84B0E020BE11BFBAABEFE3D4325F7FC3CF2335CC83291"
"render_qa/pages/page-0252.png","139017","81DE2FAEF958FFE8F10610AFC91D727B9DE98BF4CA069001F3DE78FCC16D432C"
"render_qa/pages/page-0253.png","174983","20CB12767894B099E56F56BF509389F3DA53C3DB27135AFCC6CFC8D688B79CC7"
"render_qa/pages/page-0254.png","123307","2B3FEE3DA90CB99272D9183B1B1B61384B7C891C1AEAADCD2A831ED54A1E3FAA"
"render_qa/pages/page-0255.png","135878","5D38BAB874451FDD491888FCED6CABCEA0E65B4ADC616A3C751BBFD4C0D059E0"
"render_qa/pages/page-0256.png","162978","FFFE7A40553E21A36D8442A005D758BF372DAADA0D8D866314298C3F8C82A9F8"
"render_qa/pages/page-0257.png","146409","D74B918004A6739411770EB80FF8E6E020C6C8747D764A6736CACC6E3FE39C0C"
"render_qa/pages/page-0258.png","112730","FF8EF4037ACAD2E9B04EEBC5B39056857F7E75C2BCD7848A19F297E811CEB72C"
"render_qa/pages/page-0259.png","126889","D59DA1F0CEB3849F3825112E3C359468440AB17CA5A97741E9AB40E5FA2BA803"
"render_qa/pages/page-0260.png","126846","0850732E2B53B9B5B4F2819FE8D15375A245E50C8E4FB72F837C18E59B9DA664"
"render_qa/pages/page-0261.png","136681","E2F3486111691D00FBCF3C7A2DDFE2D4F6C9F6775BD51C482F952977AD342BF8"
"render_qa/pages/page-0262.png","161366","C91B780BA26F97D830DC675E4384490D0FEDD4648B5EFAF705F0D722C098F001"
"render_qa/pages/page-0263.png","186495","7D56A7CE8C14D7EF4B919DFB52EF5AD42CE61C6519F704B3D831A02BBD11947E"
"render_qa/pages/page-0264.png","166831","D1DFA48F5A5792AC465C16CCE1AB65FB2625B8DEC3C644AC6EAA81887041E4C8"
"render_qa/pages/page-0265.png","170580","1551B9FA6EF793047966344D5FB3704A9330F750D46FCEBE25CE92F3F99EA85A"
"render_qa/pages/page-0266.png","200385","D3E6DFDEA2D636AD9B881ADD20C801A98BA25C97534CB2E08A785525B2A5E379"
"render_qa/pages/page-0267.png","153401","43AD3C985EC8EC5A0C7DFC83241147ED46249920D095C15BA910D71DFE1C6517"
"render_qa/pages/page-0268.png","216591","3590B87771EF2A305BA89B8320E6AFDE41882C0EE174C69AAED9DEB4DA42948D"
"render_qa/pages/page-0269.png","201297","5449F64929EEBE0E71275D3612A038E9E3FC18EB07038A315BEFAEDF0756BCED"
"render_qa/pages/page-0270.png","156437","ADEEECB1A35725ACE1D41B2BCEF0566E448C633B79D66ED57C9E443FA79AA0F7"
"render_qa/pages/page-0271.png","209858","79337CCB3E9575063EFD15F43510491BD3858FE51B903C1DF716F19845B80F78"
"render_qa/pages/page-0272.png","167190","26F2469BBF63B8E718BCD78038D911235EAB70895BC13AC9607DD2E23561A90D"
"render_qa/pages/page-0273.png","172311","F311D8D8BA66F78DF09A7209407459D17FE4964716E03476C7BA4AF1DBC7104E"
"render_qa/pages/page-0274.png","179534","99D817F26359F75218A5EA1F671B610482C5F510E5A8D72764C6BABF0AB4C6A8"
"render_qa/pages/page-0275.png","163567","A4A39129BC1D0D430C47654F09E0F2475A269ADB17E51E41F370226DB143E127"
"render_qa/pages/page-0276.png","194605","5789B22777D8FF676393DCA21B701A213E96405628466D06A07AEE5DF2B6DACA"
"render_qa/pages/page-0277.png","157882","7CD2DD4E9D0122026DF745AB94BD5923BBF1EB6CBC20DCB0F49E036080F0D12E"
"render_qa/pages/page-0278.png","177336","A37450788C30FC29E9F94B90E63D0D670D617251AD1DB90F7A09ECB9532783E6"
"render_qa/pages/page-0279.png","163291","542E0B97FF33645035ACD7474647D5731E744FB461EEAC2F3DE1D76B88003FDB"
"render_qa/pages/page-0280.png","164888","E59A546639FA9B3CC5A0ABFBFBE15514865CF80C28AD32D14623429E0D5067E0"
"render_qa/pages/page-0281.png","188281","13591704E90E3CDF23CA06A07B12CB55F294682D9F9B797EF3D8ED01765FC55A"
"render_qa/pages/page-0282.png","158123","61EEDE64A15139571E9AF3EB1375F7D79B0D511900AF157BACF3230EBC5099F0"
"render_qa/pages/page-0283.png","151174","5DF2CA7B761EFF78E8690498834AD28E952EED0E6400AF4989FE959C861F062E"
"render_qa/pages/page-0284.png","126227","27B1330014F5C3754A2F9275C0E5DEC5BB8A2F5D31F7EBC918CB94DE898BB58A"
"render_qa/pages/page-0285.png","147326","462B4B826710B02D99DDFAA20A2F81601163A8993E70C3FAFE2F9B0AC9FC1398"
"render_qa/pages/page-0286.png","165562","0C7FFD4761AD7BA33FD253E91E517A42A28900FF4D13F3E005B4055701EDFCDB"
"render_qa/pages/page-0287.png","135050","E2F4279950C9A69EB95CAA98384B0A0C1318A8673340117C19E1565E91CF6ADC"
"render_qa/pages/page-0288.png","128680","E18946C737487F1D5D9E86DFC593EC27E5517F6A1BA76B29258C7D74D20CE26E"
"render_qa/pages/page-0289.png","102075","BE6989A090A870CF24F063E830C142F75BF147CCB96EB14B3D4C2025D29939ED"
"render_qa/pages/page-0290.png","143496","94ACAB63637364FF09BB7C06668A3D73BECB07C96FB27E36D74EB2BED9C9B0D6"
"render_qa/pages/page-0291.png","140482","61421FA4B33129F22BD07C8D2EFC215F84BF7ACAC8DFD515A1B65C793528AF79"
"render_qa/pages/page-0292.png","169573","5D78C6D8786F9E72DA9152DA09575951AD0ABD548750593D940CB5E230B1E7CC"
"render_qa/pages/page-0293.png","162853","59F07205DB8CF7A00007835BF76EB58D1E45134AA6E4293C4A9713B9AFBC844C"
"render_qa/pages/page-0294.png","180842","2A12FE43C57A66E37B223777323DCDC634864C057936F40CA9BFFDE92A4E298D"
"render_qa/pages/page-0295.png","154612","D08152B3E62ED919DE5D0A9A475A3B02C8E8BE8450FF633F5743EB3A6F7A24C4"
"render_qa/pages/page-0296.png","148926","4AC96CA586AAE10BD483002721FCED9F536B92DDA804F437A9071A55ED44D957"
"render_qa/pages/page-0297.png","107887","9CE6051E4F2CA99756E278396062E8C141B9E83677FD4741D9F6BE969A13DB6D"
"render_qa/pages/page-0298.png","189308","BD94B32FC7963571DE3865DB0A19FEEF55351BCC1F133A66890BDED40361E60B"
"render_qa/pages/page-0299.png","160709","9A86D5DE0FB78FA0C37945F723BF375A8E06CF605C20A88AE9FBE2CD3664C325"
"render_qa/pages/page-0300.png","173053","1CAE5939B7DB5DB263040C707E9DF8B259808B80D17333734F7389FD23259DCC"
"render_qa/pages/page-0301.png","225822","4B8D32ED9806A923C1034419B83C137AB2B245F4E3E0BE5D0B28CEDB54BD4A6E"
"render_qa/pages/page-0302.png","234905","C2E1A257DFFFCCF4CDFEAEDBBF66B5B23EF4178F4091954C0E027E59C6DE17F0"
"render_qa/pages/page-0303.png","190325","66B1EFA28C24F1FEE89A355330B241E6781ADE4928EB92C7800E655D4D8927FF"
"render_qa/pages/page-0304.png","198728","8A1D5BC8EE462499B664E0F5637AE5186D9CD72AEA38E7B627A3B78B9AF737C0"
"render_qa/pages/page-0305.png","175892","6BEF8F808DB0004B4F222D420CC67FA036E40A096304BDBE0EF27E4DC1B12569"
"render_qa/pages/page-0306.png","230534","D60ADA136AD633FA917D55760CFA79D9B66512D2E85019F2E20D79DB5B6732B7"
"render_qa/pages/page-0307.png","208559","CF7A17DF5EB0E30C8520612F08F253A463CBC6E082284905379364CD5A490BBF"
"render_qa/pages/page-0308.png","164443","A890B29717A7E20AFBD4217304E8B2688DA1328CBF279F2398CE7851FD99E532"
"render_qa/pages/page-0309.png","224606","36C6D346771B8EBB288542947A6AE50C6BEF00523330058391FAE6908F2CCC99"
"render_qa/pages/page-0310.png","221485","220873AAD1C183C66B935FE8D3B4E8AFE519BDD3A55A10919AC1D1EEDF68D1B8"
"render_qa/pages/page-0311.png","214233","8A48B4641635C9D4BC8F01479683A56780728EC83101AB68E5D533A35CEF2270"
"render_qa/pages/page-0312.png","204601","9D9590D9BC5D52565FCC8082D4AC3061975F04EB3F93AE6F29D427B6BF633C60"
"render_qa/pages/page-0313.png","108896","1F3A0CC05A3B1CE4BFCB5E465480D0FDB48B1057F4D69E0C8D2F28DA7D2E411C"
"render_qa/pages/page-0314.png","229840","DA27B4B97F3FEC25F2566D01A32E11BAD7604DA9819DF559FFE987A08F197882"
"render_qa/pages/page-0315.png","206713","AE642C013B51EA011314ED4C3D756B4F3A9B7D31D5461E295C1AEB8639389CDF"
"render_qa/pages/page-0316.png","145851","27F97F01CA940D82C715EDB40CB74B7F5C281347F5BBB1FEE89516F8EC3BC002"
"render_qa/pages/page-0317.png","180748","1B0B44B46429D0502B93567452B23A2553F3284998C85D9A2FA890A338AF1928"
"render_qa/pages/page-0318.png","185835","D360B6BCBA8D5AF69A5064098A060CE8D1AC5B855CC6B1F18E962F42F999E008"
"render_qa/pages/page-0319.png","177426","EF62C5254FAB3C5F3473B98A63B1E3E8B6E8FE7884773029F70FB42B0741DC4D"
"render_qa/pages/page-0320.png","132895","5933768A106C6270E1A81C9C61657F416C34E5660EC2058F6242FFF5300912DF"
"render_qa/pages/page-0321.png","125724","D334FB82707201D5CD69436E26170E432CCC1117CF71C4F89F5F3E4172CBF91F"
"render_qa/pages/page-0322.png","206859","FA43016E712860DF028E07BAA2F6E493B0A5C38E31BFC8E74D019D773A09B031"
"render_qa/pages/page-0323.png","170559","60B314277424A27311A4D4FC4084A2A5C668247064BFAAF4DE899DC565A75F5A"
"render_qa/pages/page-0324.png","191766","410F675A1D5D976150A124753C43AF29C639F88EED15100AA6391846C6FEADD5"
"render_qa/pages/page-0325.png","34771","608BA306790F3A74ED34AD9F7AB2D3DF0C53EF16B0FE6286D05F995B3126447A"
"render_qa/pages/page-0326.png","131642","C966105235027592CF70934C41F5C4FCAABAC4B2A272435BE1814D7E4E65AA85"
"render_qa/pages/page-0327.png","127578","BA9A0DC0A6D93DED41D9B51E83D8F482E6C0B966C837E39CADADDE87ADE7F8F7"
"render_qa/pages/page-0328.png","40761","5C9BD7A203E831B765CE9AA662CF987C5C1DA395232C179C6135764642BEDA76"
"render_qa/pages/page-0329.png","85071","33541C8EA09BCCA6925CE080DBEBE53BC5B8D8CAECDFC16137734E43927D4FF4"
"render_qa/pages/page-0330.png","89575","0E1323E39C12DDBA92C8FA64C8BB76FEECBA01E91830694A133D88C23DFD5AD4"
"render_qa/pages/page-0331.png","89223","F36EB4294751127F5DE54040BC38470426CB30A4D36B5A51591C97320751C04F"
"render_qa/pages/page-0332.png","103115","1D8637A27FD1294AF2E5978AEB6652775CED14379796B2E3020DFA8E76C02B6C"
"render_qa/pages/page-0333.png","110869","50CF1705358BE44D8BC580CB6C13FDD650D5E9F2779A09620EADC71E716ECBC3"
"render_qa/pages/page-0334.png","91359","C1C814662D5A2F4AF47258E1210853E1BFD7CD4822CF6F8CAB2F9CE9D692BA0C"
"render_qa/pages/page-0335.png","230987","551D1D881B44F1429EB00FFB7C57EEB786A2E85C333330FCB9EB3DBFF6DC8072"
"render_qa/pages/page-0336.png","181701","7BC6A7E31465A500AC652B38084B940B69BA2EB71D503DCF46C7DE048493E7C4"
"render_qa/pages/page-0337.png","132197","5D70A86BDE767A3EDB1AD581B900C78B52871BEB49F9E83A032D9CF0C8A7678A"
"render_qa/pages/page-0338.png","138206","B9A4CB399FCE444523AC508A8EB60FECB0BC537A5CDA25EFB6D75B5BD8FA92CA"
"render_qa/pages/page-0339.png","120349","EE94C892608121EB4E18967021EE783726291426E73E6A937BBFA69BA76A541F"
"render_qa/pages/page-0340.png","146883","2D25769A53044E5CDD7CF9A229615DE56A2C47DC6509D00291453C8E93E9C6CB"
"render_qa/pages/page-0341.png","126652","3FE57570728B5BC715BD235A774562492801D508A50625F7CD9F20F8F7AD7834"
"render_qa/pages/page-0342.png","183182","346588D81CB6B87E169E759233A54A315864ACD6928E7E5F090111ADE76DF8F0"
"render_qa/pages/page-0343.png","195539","BE05E352872606D3252DAE78ECA59B636CE45A1BEB7B4A49CF3B30250A3DD859"
"render_qa/pages/page-0344.png","222046","F7147E6F2A54A2EA5FD5ED1C24A3FEB670C4D8A4A95C2848C443E99B4BC96689"
"render_qa/pages/page-0345.png","232658","2EFB259AA4F78B935564C7EB8F023A9EAC57D2940381AEB108702506D316E167"
"render_qa/pages/page-0346.png","185833","3F67EE0BD4E765A6BA74FC491C7416B9F80923E220DB357C9A495DC1381BCC4D"
"render_qa/pages/page-0347.png","200305","E8000D4BB4279EFF8E01E9719F28B75A1DFC51E60B55FC101DEB92CFB1DC679D"
"render_qa/pages/page-0348.png","194372","99918369DF764A1139B462A1E6550F1517145FE169C2A06B0D35914DABEE715C"
"render_qa/pages/page-0349.png","215150","59F8FD8F56BD306C6D22197892406A008BB537279A51BC3E41320CD2028DDFEF"
"render_qa/pages/page-0350.png","216178","9FAC127B78E119C578AC02F52B35BF70616A13BBF25C041DD266DA0D853E9033"
"render_qa/pages/page-0351.png","185273","7282EE19D83E0217C62B1B23FCA0A933721E8873DAAFF6BF5388DD609E502704"
"render_qa/pages/page-0352.png","135214","1B8997D1197F39FCB2C9FBC3AE16CDDCF8A56B4650A0B1E13C23251F4E5BD59D"
"render_qa/pages/page-0353.png","95767","77181BE5D1DD4246933AA5BD71586611AD5C04D13CF118886AB4073EE8E01429"
"render_qa/pages/page-0354.png","107890","AA264F978344C45A7D64A0BEF00494F65B5DA2ABD6296205F13AECD5ABA88216"
"render_qa/pages/page-0355.png","139181","E0A774214D2BE22C8D14C8F93DE8BDE62CF7D725C333FF9C03192967A9490771"
"render_qa/pages/page-0356.png","183370","FF2A07462A67056E3D1981A5231BE55BF5F784DB2B20634B557D26C4FEE9FDDE"
"render_qa/pages/page-0357.png","142044","74A748CB025E2CB4661D86474BF1145355D93D94FE79BD9504B144C2C41B9F2A"
"render_qa/pages/page-0358.png","129994","8A332A81C643248C92776B7DFD07DD5F7A1AAB122F22E8168C608AAB8CD53CD3"
"render_qa/pages/page-0359.png","139319","C13CA1AEF0F6513DC74CAA4497D04040AC8E19B80689325082DBCECDBBD162BF"
"render_qa/pages/page-0360.png","170016","C0E9E2906CE7DB57CC33BD98EA298F8157A76C52040965617B464A717045181E"
"render_qa/pages/page-0361.png","161090","D864FB9B0D271ED48DE4412BB7705576DA3A0F801C87E4CD8AD566BD8F8A6FB0"
"render_qa/pages/page-0362.png","201705","FC51D7DB46E7808746B0A0CC5A7DE777EF199F4D2E11E4FAF790571EB13E18C3"
"render_qa/pages/page-0363.png","238412","0DACBA8ACB30F938F4D18B94C85F0E10FB95D5D60E48DDABF7701BCFB87A8D28"
"render_qa/pages/page-0364.png","192840","E2B4BA0C2C49B0E5476BB03FFABF8A58A8892E132AEE43DA210A23DEE534DC67"
"render_qa/pages/page-0365.png","223146","824AD35C3F3324946B2F5A90A3A6984E8E4A9A8B5D934481DBC6389152D798B1"
"render_qa/pages/page-0366.png","210763","7AC6F14659A61CF57F31697D527C3C98A9AA4C018F8DFF30A40EBC6E88DE85D0"
"render_qa/pages/page-0367.png","222573","3D201ECDF801CFE5B239C07F16E85A9FBF73283B2C777E1FF86766F38F2B7609"
"render_qa/pages/page-0368.png","233346","8A50F500D68514D0A165A0C996691DDA71571590E0BF13452CDDD8CA61D27C9B"
"render_qa/pages/page-0369.png","222607","2DE8D2D03C3CE06F755AB979DD6566CE91FCF59EB7557482D41CB161DEE9962E"
"render_qa/pages/page-0370.png","175792","1355FFBFDFF97214C173B4AD286A0F08410F644FA067A67C3A514197E81B69D2"
"render_qa/pages/page-0371.png","184783","31FD9DE6780FAC55A898E3F59918291AC8DFFFF62C9F5D0AEA27D4CE44F9E26A"
"render_qa/pages/page-0372.png","167077","F04E9F59518CC3A9DF7096C890BF71A54E7441CA64FF173F0FF14B0289E04090"
"render_qa/pages/page-0373.png","214163","F88B868C46DFF8CF13FFD5A35BB7CE5E630333750EE12B5D49528AD4E22914AC"
"render_qa/pages/page-0374.png","210985","7B72E304CA178DB75B1FF9C6C4BC5A44351B7EA6F2BE24555B3FD8DEBAF890F2"
"render_qa/pages/page-0375.png","229482","6B8F98F800674814FD5A8481767DCAB6358DE690B1680826D8FBE0F6A77CEF9A"
"render_qa/pages/page-0376.png","157899","C4B0D671FBC916AE2BFD50EB904D6A700C912E027245BE20A0378B554715099E"
"render_qa/pages/page-0377.png","160040","FDDF2D6429D691F4CB8C7B77144EA7539504842E99DE60E9DCDAC9AA0CDF8AEA"
"render_qa/pages/page-0378.png","164433","0D95D772AC21B05EC26E252996E82606A6DE22BF2CF2420CE8B6577CB620A899"
"render_qa/pages/page-0379.png","57141","514902E444A6F96B20B7592F671DDBE46D138AB7D8E8BBEFC8A9232068D5CFCC"
"render_qa/pages/page-0380.png","101557","1CA248B6C1D52900A40A696C0C76528FB386F141C0A36A3867FDB479B4BDEF98"
"render_qa/pages/page-0381.png","84840","CAAE43D3836F03EC315E300C046223C0676ABCE3B4E470004549D03FB1235103"
"SGA6_English_FullRange_Layered_WorkingReader.pdf","2565870","F8B1E15754BEB5C83CF2A47B261D6F9F907DE5B7E8A6ED4DF311C624E38C7B8E"
"SGA6_English_FullRange_Layered_WorkingReader.tex","3917","7E731468367BBC27A37BC224BBBEE3FAB37A3852FC76BB541A1AF36EF76D50F3"
"SGA6_Expose_X_idx598_607_English_SourceChecked_fragment.tex","19178","345E12F8035C1676DC1636EA8CF2E7311B5731E7A392DE8935E53EEE93EA7B4B"
"SGA6_idx532_702_and_backmatter_English_Synchronized_body.tex","106090","613006848EC8968D991FE2556AEC1B49AF29EB268FCA8C9C559DD61EF238C1A4"
"SGA6_idx608_615_English_SourceChecked_fragment.tex","15512","5EFBAE33A76AA0E8664D766F3999E669106E8559B93482EA9981111E80BB8134"
"SGA6_idx608_646_English_SourceChecked_fragment.tex","354","43673F0693B77425759CBE3BA178A90A03739345B2AD9FF973BFC1D39FA133D0"
"SGA6_idx616_624_English_SourceChecked_fragment.tex","19279","3EB894128FD05B46F1E1A3ADD101275161B0AEC85F0897EF776506FB50EA21DF"
"SGA6_idx625_635_English_SourceChecked_fragment.tex","19962","913ED757DAC117102318AFF6A5D12B3D2EBF1BDE8E3F3F4D2BE8B5C71EC4CCFA"
"SGA6_idx636_646_English_SourceChecked_fragment.tex","22876","DE5ED31B1A1D3153736C853000A0526E04B386A5711BE993228703809DF7AFAB"
"SGA6_idx647_665_English_SourceChecked_fragment.tex","31817","884F96073303409A513DAAAC7442A25350E7D4B0B08AD1D25B6604DE7467BCDE"
"SGA6_idx666_702_and_backmatter_English_SourceChecked_Draft_fragment.tex","85575","4C8CF2C44C75DCA0B5E76B6B38A5EFFAC2412CA71097FDD1E2D1054A4ADB245A"
"SGA6_sourcePDF001_525_English_Inherited_PartiallySourceSynchronized_fragment.tex","812912","3FE03C89BA0662A61607CDE80DDB24BC4683FA37C30C1DA580908CFAD186F68C"
"SGA6_tail_macro_state.tex","3943","7EB2EF408B4541FD6AE5CA295B00049601B44A789F8696D48FFEC9C4310F29F2"
"STATUS.md","909","C4944DD8C64AB449A2389389DC19CD2D556992EA7DB16BEAAB8B929C96D18179"
"validate.ps1","2102","D5A954E975BE3C9D642D1977AF7B12CDF2A36ACF2F9CCD467E7B3D55AA8D21DD"
