"File","Bytes","SHA256"
"B3_UPLOADER_READY_QUEUE_AND_DRIFT.csv","1020","8B538CA83F96D215083C73A2D51616623F6F153A506817604A697093DA4795B2"
"B3_WORKTREE_DIRTY_STATUS_ROLLUP.csv","1313","353429E51A94317F1BEC4DEEF82B8A606916CD53263D489523AED06B9013F345"
"B3_WORKTREE_DIRTY_STATUS.csv","51723","7E57854113DA47B9374C566A82FF3E91F4171D679346B7BAD886030C53DB240C"
"COMMIT_FRONTIER_96325_TO_C7FB.csv","140","746FBAA1D9D9B9503A7D25F382E060E5EFC134B39A18A7112E558ED5595E4A58"
"CREDENTIAL_PATTERN_SCAN.txt","51","3F7CAE403405C1F1923926D808BEF246EE31E368FD5634143616A1C9D3F54F8E"
"DELTA_96325_TO_C7FB_FILE_LEDGER.csv","18218","65FF92C2BE4BEC16518C5AB3DAB33EF9A34D6973026585E47DF47E47E0E7B4A9"
"DELTA_CATEGORY_COUNTS.csv","337","809E70573BF1B040DE40809E67E8594D11A758D57C58D45BFA4D0C35F064D3BE"
"DELTA_EXTENSION_COUNTS.csv","118","C381A4743EF7FDA912A1BE0D64E689706D18BA9EAEA4B958C6C8396EA0D61031"
"DELTA_ROOT_COUNTS.csv","313","ECF0614D8CC29825D7C01CE923E34D9847F6D11767AD6A68E406020BB045C61B"
"DELTA_UPLOAD_READY_OR_DRIFT_PATHS.csv","17239","BED16953137708935DBECB03E063B7933D3B19C556400BB384CF7A1192D0E24F"
"LOCAL_NOETHER_OUTPUT_FILE_LEDGER_NO_HASH.csv","1788288","6FD669DFCADD11900E82562518BB21DDAB7711EC5EEC6771DF5C8CDEAA379D27"
"LOCAL_NOETHER_OUTPUT_LANE_SUMMARY.csv","1874","95BEDB7F81953BDF4FE38AB8C254C265B9AB71AF22B59924A16F5032C5637123"
"LOCAL_OUTPUT_BODY_QUEUE_CANDIDATES_LATEST200.csv","42792","2C627D9C4DF9103941A6F4E993B1A1166EDD890EE5944EBF68E8B6D16B78F51D"
"MANIFEST.csv","2154","717B99C9B208D6FCA81745DEA685B07AEBE795C4A3DCE2A7DF61B949503E5556"
"PACKAGE_GATES_AND_SAFETY_CHECKS.csv","760","BE31DAE2830C89236371737F2CE4BC108F8F7FAFF412EA4432DA9E8A1DCFF751"
"README.md","1760","D24CD331DCAA7228580B019F816F62F9A72B46939E2157477987357A364BCDF7"
"SUMMARY.csv","534","BBB00D26B753751AF1FDF3D0EB808DCCF0A690D3666A99B2BC24B408DF811449"
"SUMMARY.json","613","7F315C8CA5E1E4DBDF53C235BAD727A0165EFB8E4E5C3F386087E74EFE60D150"
"TREE_ROOT_COUNTS_C7FB.csv","3525","125D8D88E0E0BA118851EA92657485D9915B16325B11E59ACD0AC2F9070EDE7C"
"TREE_TOTALS_C7FB.csv","224","84A5DAC693C5FF1E718220FC10E4FF3C9089159D5DB8405E72B79DF6EE540B90"
"VISIBLE_SIBLING_WAKE_AND_ROUTE_RECORD.csv","362","AFBB82138CE848D6E297DEF806FA859F3C2851279F3FCA85E3C9D61A1E208647"
