"root_name","local_path","relative_path","dest_path","bytes","sha256"
"NON_SLAVIC_CORE_49D0983C_A942_61F_BRANCH_VISIBILITY_ROUTE_20260707","C:\Users\memo_\Documents\Codex\2026-07-04\noether-non-slavic-core-lane\outputs\NON_SLAVIC_CORE_49D0983C_A942_61F_BRANCH_VISIBILITY_ROUTE_20260707\B3_HANDOFF_ROWS_49D0983C.csv","B3_HANDOFF_ROWS_49D0983C.csv","uploader-transfer/non-slavic-core-49d0983c-a942-61f-branch-visibility-route-20260707/NON_SLAVIC_CORE_49D0983C_A942_61F_BRANCH_VISIBILITY_ROUTE_20260707/B3_HANDOFF_ROWS_49D0983C.csv","417","CCAE3CD2833DA36255A7FF98502FDEFBA8195AA968D67586AF056E0835C5FEC2"
"NON_SLAVIC_CORE_49D0983C_A942_61F_BRANCH_VISIBILITY_ROUTE_20260707","C:\Users\memo_\Documents\Codex\2026-07-04\noether-non-slavic-core-lane\outputs\NON_SLAVIC_CORE_49D0983C_A942_61F_BRANCH_VISIBILITY_ROUTE_20260707\B3_HANDOFF_SENT_49D0983C.md","B3_HANDOFF_SENT_49D0983C.md","uploader-transfer/non-slavic-core-49d0983c-a942-61f-branch-visibility-route-20260707/NON_SLAVIC_CORE_49D0983C_A942_61F_BRANCH_VISIBILITY_ROUTE_20260707/B3_HANDOFF_SENT_49D0983C.md","651","4AEE2F9C218EE56702CB7EFB680E1ED69ED1FE9BC0830ACFCDB51338D108366C"
"NON_SLAVIC_CORE_49D0983C_A942_61F_BRANCH_VISIBILITY_ROUTE_20260707","C:\Users\memo_\Documents\Codex\2026-07-04\noether-non-slavic-core-lane\outputs\NON_SLAVIC_CORE_49D0983C_A942_61F_BRANCH_VISIBILITY_ROUTE_20260707\B3_PACKAGE_RETURN_ROWS_49D0983C.csv","B3_PACKAGE_RETURN_ROWS_49D0983C.csv","uploader-transfer/non-slavic-core-49d0983c-a942-61f-branch-visibility-route-20260707/NON_SLAVIC_CORE_49D0983C_A942_61F_BRANCH_VISIBILITY_ROUTE_20260707/B3_PACKAGE_RETURN_ROWS_49D0983C.csv","1461","461A8B5D4E9E7C8F904E97B9A14C9DBA44D8D107B28D703561055D67D7466597"
"NON_SLAVIC_CORE_49D0983C_A942_61F_BRANCH_VISIBILITY_ROUTE_20260707","C:\Users\memo_\Documents\Codex\2026-07-04\noether-non-slavic-core-lane\outputs\NON_SLAVIC_CORE_49D0983C_A942_61F_BRANCH_VISIBILITY_ROUTE_20260707\BRANCH_CHANGED_PATH_CATEGORY_SUMMARY_49D0983C.csv","BRANCH_CHANGED_PATH_CATEGORY_SUMMARY_49D0983C.csv","uploader-transfer/non-slavic-core-49d0983c-a942-61f-branch-visibility-route-20260707/NON_SLAVIC_CORE_49D0983C_A942_61F_BRANCH_VISIBILITY_ROUTE_20260707/BRANCH_CHANGED_PATH_CATEGORY_SUMMARY_49D0983C.csv","398","0A408C9937F6C5EF4510B2757DF0079D3DF5B849940B20515131E38ECAE3AF13"
"NON_SLAVIC_CORE_49D0983C_A942_61F_BRANCH_VISIBILITY_ROUTE_20260707","C:\Users\memo_\Documents\Codex\2026-07-04\noether-non-slavic-core-lane\outputs\NON_SLAVIC_CORE_49D0983C_A942_61F_BRANCH_VISIBILITY_ROUTE_20260707\BRANCH_COMPARE_COMMITS_61F213FA_TO_49D0983C.csv","BRANCH_COMPARE_COMMITS_61F213FA_TO_49D0983C.csv","uploader-transfer/non-slavic-core-49d0983c-a942-61f-branch-visibility-route-20260707/NON_SLAVIC_CORE_49D0983C_A942_61F_BRANCH_VISIBILITY_ROUTE_20260707/BRANCH_COMPARE_COMMITS_61F213FA_TO_49D0983C.csv","613","ED053FCDC92AC2B6A17511DDFE00B89424E5A70B10A948E9430EA16DD6F9373B"
"NON_SLAVIC_CORE_49D0983C_A942_61F_BRANCH_VISIBILITY_ROUTE_20260707","C:\Users\memo_\Documents\Codex\2026-07-04\noether-non-slavic-core-lane\outputs\NON_SLAVIC_CORE_49D0983C_A942_61F_BRANCH_VISIBILITY_ROUTE_20260707\BRANCH_COMPARE_FILES_61F213FA_TO_49D0983C.csv","BRANCH_COMPARE_FILES_61F213FA_TO_49D0983C.csv","uploader-transfer/non-slavic-core-49d0983c-a942-61f-branch-visibility-route-20260707/NON_SLAVIC_CORE_49D0983C_A942_61F_BRANCH_VISIBILITY_ROUTE_20260707/BRANCH_COMPARE_FILES_61F213FA_TO_49D0983C.csv","21287","22126EB2C063D2164BCEB057BD854A3385D32D7C457B352F7849B1760D4B2A70"
"NON_SLAVIC_CORE_49D0983C_A942_61F_BRANCH_VISIBILITY_ROUTE_20260707","C:\Users\memo_\Documents\Codex\2026-07-04\noether-non-slavic-core-lane\outputs\NON_SLAVIC_CORE_49D0983C_A942_61F_BRANCH_VISIBILITY_ROUTE_20260707\CHILD_CSV_ROW_COUNTS_49D0983C.csv","CHILD_CSV_ROW_COUNTS_49D0983C.csv","uploader-transfer/non-slavic-core-49d0983c-a942-61f-branch-visibility-route-20260707/NON_SLAVIC_CORE_49D0983C_A942_61F_BRANCH_VISIBILITY_ROUTE_20260707/CHILD_CSV_ROW_COUNTS_49D0983C.csv","61443","C254AB98D78DF5F9D69FFE3D86E3A04E9C76CCB54E43C052D567F1EB2DC5860A"
"NON_SLAVIC_CORE_49D0983C_A942_61F_BRANCH_VISIBILITY_ROUTE_20260707","C:\Users\memo_\Documents\Codex\2026-07-04\noether-non-slavic-core-lane\outputs\NON_SLAVIC_CORE_49D0983C_A942_61F_BRANCH_VISIBILITY_ROUTE_20260707\CHILD_PACKET_INVENTORY_49D0983C.csv","CHILD_PACKET_INVENTORY_49D0983C.csv","uploader-transfer/non-slavic-core-49d0983c-a942-61f-branch-visibility-route-20260707/NON_SLAVIC_CORE_49D0983C_A942_61F_BRANCH_VISIBILITY_ROUTE_20260707/CHILD_PACKET_INVENTORY_49D0983C.csv","3824","50CDA1CA04EB6783A65AD5545E710ACC74AD903D30DE1E86125EA0F71A861ACA"
"NON_SLAVIC_CORE_49D0983C_A942_61F_BRANCH_VISIBILITY_ROUTE_20260707","C:\Users\memo_\Documents\Codex\2026-07-04\noether-non-slavic-core-lane\outputs\NON_SLAVIC_CORE_49D0983C_A942_61F_BRANCH_VISIBILITY_ROUTE_20260707\EIGHT_LANE_ROUTING_ROWS_49D0983C.csv","EIGHT_LANE_ROUTING_ROWS_49D0983C.csv","uploader-transfer/non-slavic-core-49d0983c-a942-61f-branch-visibility-route-20260707/NON_SLAVIC_CORE_49D0983C_A942_61F_BRANCH_VISIBILITY_ROUTE_20260707/EIGHT_LANE_ROUTING_ROWS_49D0983C.csv","2019","39D9DAE5F1F00A9F6F2703BAA95442513FF2354D0CB8C4100CE952290ADBA519"
"NON_SLAVIC_CORE_49D0983C_A942_61F_BRANCH_VISIBILITY_ROUTE_20260707","C:\Users\memo_\Documents\Codex\2026-07-04\noether-non-slavic-core-lane\outputs\NON_SLAVIC_CORE_49D0983C_A942_61F_BRANCH_VISIBILITY_ROUTE_20260707\EXACT_BLOCKER_RECOVERY_ROWS_49D0983C.csv","EXACT_BLOCKER_RECOVERY_ROWS_49D0983C.csv","uploader-transfer/non-slavic-core-49d0983c-a942-61f-branch-visibility-route-20260707/NON_SLAVIC_CORE_49D0983C_A942_61F_BRANCH_VISIBILITY_ROUTE_20260707/EXACT_BLOCKER_RECOVERY_ROWS_49D0983C.csv","1131","DCC97F1CFAF5A20599F79A6B6EDA1096A04F2715FFFBE24FF8E51CF4A6186822"
"NON_SLAVIC_CORE_49D0983C_A942_61F_BRANCH_VISIBILITY_ROUTE_20260707","C:\Users\memo_\Documents\Codex\2026-07-04\noether-non-slavic-core-lane\outputs\NON_SLAVIC_CORE_49D0983C_A942_61F_BRANCH_VISIBILITY_ROUTE_20260707\FRONTIER_REVERIFY_49D0983C.csv","FRONTIER_REVERIFY_49D0983C.csv","uploader-transfer/non-slavic-core-49d0983c-a942-61f-branch-visibility-route-20260707/NON_SLAVIC_CORE_49D0983C_A942_61F_BRANCH_VISIBILITY_ROUTE_20260707/FRONTIER_REVERIFY_49D0983C.csv","426","2B4BEFA6D501B4591E522AB8EBBF5B5FD57806F77DC60FA493A8607100CE2ECF"
"NON_SLAVIC_CORE_49D0983C_A942_61F_BRANCH_VISIBILITY_ROUTE_20260707","C:\Users\memo_\Documents\Codex\2026-07-04\noether-non-slavic-core-lane\outputs\NON_SLAVIC_CORE_49D0983C_A942_61F_BRANCH_VISIBILITY_ROUTE_20260707\LOCAL_PACKET_VALIDATION_ROWS_49D0983C.csv","LOCAL_PACKET_VALIDATION_ROWS_49D0983C.csv","uploader-transfer/non-slavic-core-49d0983c-a942-61f-branch-visibility-route-20260707/NON_SLAVIC_CORE_49D0983C_A942_61F_BRANCH_VISIBILITY_ROUTE_20260707/LOCAL_PACKET_VALIDATION_ROWS_49D0983C.csv","4620","118EBFE68CECD5ADE83F120DED9F62333D1EABBE6CAE6061822B972B49C6D4A2"
"NON_SLAVIC_CORE_49D0983C_A942_61F_BRANCH_VISIBILITY_ROUTE_20260707","C:\Users\memo_\Documents\Codex\2026-07-04\noether-non-slavic-core-lane\outputs\NON_SLAVIC_CORE_49D0983C_A942_61F_BRANCH_VISIBILITY_ROUTE_20260707\MANIFEST_REPLAY_49D0983C.csv","MANIFEST_REPLAY_49D0983C.csv","uploader-transfer/non-slavic-core-49d0983c-a942-61f-branch-visibility-route-20260707/NON_SLAVIC_CORE_49D0983C_A942_61F_BRANCH_VISIBILITY_ROUTE_20260707/MANIFEST_REPLAY_49D0983C.csv","3490","2585A9169418BFA6E4ABC6C1CFE762AC18018B785ADC9CBC02C07D93ACE3487F"
"NON_SLAVIC_CORE_49D0983C_A942_61F_BRANCH_VISIBILITY_ROUTE_20260707","C:\Users\memo_\Documents\Codex\2026-07-04\noether-non-slavic-core-lane\outputs\NON_SLAVIC_CORE_49D0983C_A942_61F_BRANCH_VISIBILITY_ROUTE_20260707\MANIFEST.csv","MANIFEST.csv","uploader-transfer/non-slavic-core-49d0983c-a942-61f-branch-visibility-route-20260707/NON_SLAVIC_CORE_49D0983C_A942_61F_BRANCH_VISIBILITY_ROUTE_20260707/MANIFEST.csv","2737","E1B2340500681A454B28B41D0A8017B20F5A1E68C6CE0836140B8F9077E7D627"
"NON_SLAVIC_CORE_49D0983C_A942_61F_BRANCH_VISIBILITY_ROUTE_20260707","C:\Users\memo_\Documents\Codex\2026-07-04\noether-non-slavic-core-lane\outputs\NON_SLAVIC_CORE_49D0983C_A942_61F_BRANCH_VISIBILITY_ROUTE_20260707\README.md","README.md","uploader-transfer/non-slavic-core-49d0983c-a942-61f-branch-visibility-route-20260707/NON_SLAVIC_CORE_49D0983C_A942_61F_BRANCH_VISIBILITY_ROUTE_20260707/README.md","1053","3B09A8A742AB0D8C00C555CC6A090B0D0B7A3486C91576482307EE85A4B6E280"
"NON_SLAVIC_CORE_49D0983C_A942_61F_BRANCH_VISIBILITY_ROUTE_20260707","C:\Users\memo_\Documents\Codex\2026-07-04\noether-non-slavic-core-lane\outputs\NON_SLAVIC_CORE_49D0983C_A942_61F_BRANCH_VISIBILITY_ROUTE_20260707\SHA256SUMS.txt","SHA256SUMS.txt","uploader-transfer/non-slavic-core-49d0983c-a942-61f-branch-visibility-route-20260707/NON_SLAVIC_CORE_49D0983C_A942_61F_BRANCH_VISIBILITY_ROUTE_20260707/SHA256SUMS.txt","1533","24D343E249FA914AB9BE2C0931AE93CAF6273A6E8F4AB0808B51D07B434B5561"
"NON_SLAVIC_CORE_49D0983C_A942_61F_BRANCH_VISIBILITY_ROUTE_20260707","C:\Users\memo_\Documents\Codex\2026-07-04\noether-non-slavic-core-lane\outputs\NON_SLAVIC_CORE_49D0983C_A942_61F_BRANCH_VISIBILITY_ROUTE_20260707\SOURCE_USE_GAP_FABLE_ADVERSE_ROWS_49D0983C.csv","SOURCE_USE_GAP_FABLE_ADVERSE_ROWS_49D0983C.csv","uploader-transfer/non-slavic-core-49d0983c-a942-61f-branch-visibility-route-20260707/NON_SLAVIC_CORE_49D0983C_A942_61F_BRANCH_VISIBILITY_ROUTE_20260707/SOURCE_USE_GAP_FABLE_ADVERSE_ROWS_49D0983C.csv","1503","680AD0983D3ADA4473B0C60BD708129BAC0FAB252F46063E9317CAA98BF83058"
"NON_SLAVIC_CORE_49D0983C_A942_61F_BRANCH_VISIBILITY_ROUTE_20260707","C:\Users\memo_\Documents\Codex\2026-07-04\noether-non-slavic-core-lane\outputs\NON_SLAVIC_CORE_49D0983C_A942_61F_BRANCH_VISIBILITY_ROUTE_20260707\SUMMARY.json","SUMMARY.json","uploader-transfer/non-slavic-core-49d0983c-a942-61f-branch-visibility-route-20260707/NON_SLAVIC_CORE_49D0983C_A942_61F_BRANCH_VISIBILITY_ROUTE_20260707/SUMMARY.json","919","1187ACC8FB9EB79AA98778A0A08EE16B94AA39723E24F654756F77B5E6489AE5"
