path	bytes	sha256
Deligne_EN.pdf	7989948	B17782DD897697EF35F504B0F535E16231390B8661AFC2FFE3DD6ACBFF251344
Deligne_EN.tex	6909	A8296CA86397806F826C878AE60059AD442CF774981CC566356EA1E77F86BEA6
Deligne_FR.pdf	7965548	FF198AFE6ED5ABE4A772592F48FDDF35C73E7C799BAE51A7B0258CA11AF1CD21
Deligne_FR.tex	7178	98A2CDFD7D86C5C090B94E7CA27E2060ED41678F858933E8D53C29274D2DEDB8
README.md	1892	33A1A200C9D50D5F76538B18D6110EBF7D6CC7C156DEE2DE69DCF9D52E111B8E
release_receipts/CUMULATIVE_D036_BUILD_RECEIPT.json	1262	FC6D42DC96C26D34FD90BE81A7E6BDA1CC247BD82B97A11F8E3998BF0F4ED69D
release_receipts/D036_CUMULATIVE_COLD_AUDIT.json	2491	06D9E38EFBFB7A2F0C64365E6F95B3EDA45462270974F38F19047ABB62F5B783
release_receipts/PUBLIC_SURFACE_BOUNDED_IDENTITY_SANITIZATION.json	5729	5FD0D5E8F3A25EB75E0CA8CA465440B78A59B33E3D479270A709262B126E1E13
works/D001_EN.pdf	341324	FBBB612292DC9F3C94B8A4D5B984B593127C1E3E4959EBE936FA243FD5A394BD
works/D001_EN.tex	8950	0DFF9556F658DC41CCC664408CD7C63C336E1B4E0BD75AF9B0A8F47521F107B3
works/D001_FR.pdf	289081	35DC54F17E28236C56D8A48A4F23BEAB85D327786553B0C962694561D09110B4
works/D001_FR.tex	9741	C2796A57AD7DD46DB217ECB08F8C6DCF0D49070FA333F8BAB3BBB54617B7904B
works/D002_EN.pdf	106630	BDE6B832859555994F889C0CFDA7642B8D6848A1D4907503B6A52B3A0C3E2C71
works/D002_EN.tex	28099	B78354B3ED9637008A8687312EF61EB5095BA6651A1A0BC385738E202EC6F1C6
works/D002_FR.pdf	106349	6DE66CDAD91E61756EA228D48AAD413C8287A8AC2A6B825D7E3B33B90325F345
works/D002_FR.tex	29971	2EB15D430385807CBAC58CB9F67AF28C047FA63E4CB00A9DF45074672C115889
works/D003_EN.pdf	145294	90E0C6C7B1D6F856497220E3460D5D647C7C84F41DF9F7D69D015844583EFA8C
works/D003_EN.tex	52057	377AC08D5EAC741177B755C02E832C12826EF0511021CD0ACE4C0E9A856534DA
works/D003_FR.pdf	147278	0B367245786AECF831B99532E9813834F12DA763081AC183983815F0199FE427
works/D003_FR.tex	54435	6E1321052311D7ADA11F1A5C15323C540D8ACFB5C3D90330A3A4DC939ECC7319
works/D004_EN.pdf	67920	453EB5C7C31853D2D57F22AB865648E82A626737CC82457C1BA0055F8AABD6B8
works/D004_EN.tex	16149	DEBD6301310E28ADF67895F5B49225C00858A43D8863D8278D1D0E6334689688
works/D004_FR.pdf	68672	4F6F1D2F75C72B1A372ABEFF28F47EEB1D6886C8F8D4DCE6667E05AA86B9F9A2
works/D004_FR.tex	16693	FA71E16F16B4EFD2768D031B594290BA3A43A578F2F1F78012DFE5E4EAC5ABDD
works/D005_EN.pdf	233829	742209A289091657EA028F87ABCB916BA5CB1FEB65438036236EB34D1B4BAF0B
works/D005_EN.tex	123969	F7F8FB3FB6F7570C61F6AFACF4820BAD22475D658B18C3353E0D87DDA8FC592B
works/D005_FR.pdf	238882	01AEE993D3E09828F1F9BD1B5292BBC5EE95C0902D1E99F0B84E7D8C5EE7E97C
works/D005_FR.tex	133239	18B94EB5F9DB31C8AC90E6A941049B54930BF9214E08923D62D85EAEA3D06800
works/D006_EN.pdf	166962	D18ADCCD678EE8524D5F6AA4EC6E841F1A44662B2D67695127521FAE1E74B9FA
works/D006_EN.tex	70131	A9E867F490AEAB8F48092567B3D2D4CD1993F3A2287F7BBA2C3B812FCD75DF0B
works/D006_FR.pdf	169909	72D85934EE8DF38243067EA04C3FE32ED84DE07EBDE4781FA99F0F989E8A58F0
works/D006_FR.tex	73643	4985EADECE9757C4A6B3E19EB4E5029DCC6386F19157DCED7ACECBE69EB03C38
works/D007_EN.pdf	322494	950D53201413C1C88958E442DAB161E255A45B0CE317D31E8F290186206D4997
works/D007_EN.tex	43421	9170920B6B19EE6FBB051F687EA7A719412948C89E3D0CB8E8DF466DD41A6A89
works/D007_FR.pdf	326280	E2DB2A229178FBAAAC7018EF1F24096297FE7328F0AE2141FE0C6873FC5AB978
works/D007_FR.tex	44684	4E59A738ECA86C365642563D2EFB150F22E2355E95FC19B22D0D3306DAB772AC
works/D008_EN.pdf	186936	77CE316A7B9A27680C21B620050F1AB48E56C41E16D6845DCCA5E1CDB28E4597
works/D008_EN.tex	86894	AB78DFE1B0D6FEFE938FEC1D320AF92C03077A1E8851EDE84B56240A8ACBB5A1
works/D008_FR.pdf	187671	C4AD4E6291C32C5C707E8B3B2F3CD203333479270943CBA60901AE75A9EC73C7
works/D008_FR.tex	89424	C760186CBA552B83BB7B67533419B33A9EA4FB81ED6E2115735C7EFB4C46E583
works/D009_EN.pdf	332263	678E89CA796E3451A86114968E351BFB5B077F29C51A9DE2FEAE1F478AD83E48
works/D009_EN.tex	17051	55CC78C65EF80807B1B8366D6E4B36A901C6F0A6D4AB616FF8814161075B6488
works/D009_FR.pdf	318349	FC64DF272F381B1E01A6742FC2895AFA754BFCF0B2A035EB43B3EBCA165C29AB
works/D009_FR.tex	17725	5D48DA5E51A2EAD3D5562C65BF48D3A40D16EC227B31D94E87EF33196C4D3082
works/D010_EN.pdf	626728	FE5E26BD43ACCCA9662E505E61E9CFF5DE6F112424148ABC2351C09B24C6670A
works/D010_EN.tex	144899	93F07C24DBAA9792D4C22D791C1DAFFD5A3B23FC936E5DEDD361EFD07CB1C02C
works/D010_FR.pdf	638475	EFBD7BD8E449B178BAE625985D50869151166B536A04ED4F5F6A1D5178A74E20
works/D010_FR.tex	149348	A0CE6549AC8FF889A6FFE8C9BA96A35350AC2A9AF0068C094386A03BEE1CEA15
works/D011_EN.pdf	57414	986F654023E6E892712F6A3CF7B889893C21F6391F91E68E76A3EAFE65285AD5
works/D011_EN.tex	6093	A8C2FE7C7D11970278550D22797BAB8816B1D7D3CBDAAE9965F282BBE015B143
works/D011_FR.pdf	56438	77BCDA2C9168168716754858FE54AC8CAB5FE3EDCC86403C760440CCCFF35A38
works/D011_FR.tex	6228	4E8D8E9D3893A52FDC28B3A43D5E9C9C73966EAAF52A403CABDA177208C7F3E9
works/D012_EN.pdf	153093	E29BEBEA244D4CE8BF5EEED5FDD3F0C59CF0F55D3496FF9BE24FAF7040AD3083
works/D012_EN.tex	53167	C6CABB38BD12E79B7C784C9F8B03D5F782A0D854E4A67E8703507D5843945A3E
works/D012_FR.pdf	154395	7CA5936914195E0736E33C66DD04E90863F589E74CC3AEA4CE93A2AD4B97B010
works/D012_FR.tex	54995	2C80BB74B444454D7F8D811056F7FB86EE97AEAFDAC983DD76A04EDC7F63B91A
works/D014_assets/P0004-A01.png	4801	2731FD48AD481EBC68168B69F9C67AEFCBB73E990A43703BCDBF63FF85AADDC7
works/D014_assets/P0006-A01.png	5488	D4A386F77D47C4913EBAD6F97082AB9C49B3A99967F5898CAE409396AD43AF29
works/D014_assets/P0007-A01.png	8470	15EA579FE866A4B0AE48652C54FA0C933483B79D7BD6478DF963B9A7357D665C
works/D014_assets/P0009-A01.png	6996	9AB547616828CBC8CA3078109E2DB8C362267A109B0A75C627C5D85174C9672A
works/D014_assets/P0010-A01.png	3388	72B176E63861DA27CD85FBC3FE4CC6ABE01C908BBABF4FAC3794DE1B7689428B
works/D014_assets/P0024-A01.png	2767	8D2EE7F49BD122625756B2805AD782108B6114626A15247EA521C13CD82D6030
works/D014_assets/P0027-A01.png	4540	0CBAAFD3B5393D758C5D858EE422390B7CD0D092F95711AA02570BE2DACA1BCA
works/D014_EN.pdf	435319	9A95BEE7B2FB995B55E0C02E2F43DB0DE999F5D145B4BA8A32E6D84B1BB9B546
works/D014_EN.tex	116068	8D319FD930D7BE8E0E64E5C04A87A556784CBB90D26D58BB1CCD153A67DFC3C7
works/D014_FR.pdf	392528	AA3BC80C9348D18D4C2047B139E27FEA9CB4E85B0E2DF8A7856575DBFEA88D42
works/D014_FR.tex	79235	59D4FA0AA6D87B46330A9CDC76F42444ACAB734FBFABCE81AB09C6B477053BAD
works/D015_APPARATUS.md	2016	0EB6C2F9319A5374EDC52DF2A08EFAEF73BA27050173628AE334A1EA745788A6
works/D015_assets/P0002-A01_diagram_1_1_presentation.png	30397	CC32A9D293742530A2B0954A9856D28B34084871C21A9831B4FF50431C542151
works/D015_assets/P0002-A01_diagram_1_1_raw_IAS.png	6109	259B870448B884139652E145FAF295A73FE192B8941265710B2E100208C42B24
works/D015_assets/P0002-A02_diagram_1_2_presentation.png	54426	EB4B235D4DF483DC19B516AF4508B075755F892CDE97A509A4289D67C7A7290A
works/D015_assets/P0002-A02_diagram_1_2_raw_IAS.png	10248	BDFFBB4F3DCD34318333D043E7210A63B7A8C74BA8D09D5E7166E95611DCF64A
works/D015_assets/P0004-A01_cohomology_diagram_presentation.png	124173	62F8468932EACEDC4C0DC8DF189D4F939865265713C1AE51E2B959D2166A36BD
works/D015_assets/P0004-A01_cohomology_diagram_raw_IAS.png	23049	F41A3E892926FB8B19451CCB64279B08F7CE0359AD7C711FCB9A73502C00C198
works/D015_assets/P0008-A01_section_diagram_presentation.png	25918	8582012B8C27FB9CF58115D14B882C337897168C8A8AB6D52A975572F8AEA333
works/D015_assets/P0008-A01_section_diagram_raw_IAS.png	5035	FAD7E307C2B9F4CB8352DEA1902A35B65F78621A98DA278F7FE642A43AD12BE0
works/D015_assets/P0010-A01_fiber_types_presentation.png	106513	88FCA1D78D0B07A4A52C4B6ED68658C96144A39F3A480E2FFBB982F424480E8E
works/D015_assets/P0010-A01_fiber_types_raw_IAS.png	19526	E2F54B3FEEEEE04EEC3374A322AC4E995BE345B3462CF6B6D7F1325F9447EF6F
works/D015_assets/P0010-A02_specialization_diagram_3_4_presentation.png	68951	B05AF973996FC1B73A6AA4290AA6DDAB48E1F347224513D60225F444A7320692
works/D015_assets/P0010-A02_specialization_diagram_3_4_raw_IAS.png	12628	946E523D202F79B48BBB27D5A847D2DD60F22079A9ADA4C7DA79EEC7C19BB2BC
works/D015_assets/P0011-A01_leray_e2_table_presentation.png	41791	8EA7767DEB3FE24738D5244601ABCE347729400BBD6ABB425C2C9AA2CE9936E7
works/D015_assets/P0011-A01_leray_e2_table_raw_IAS.png	7868	0C725E57AF0BE6ECF03C402015DA0ECECCA071CD6157ABEF412070BB0F1A3434
works/D015_EN.pdf	834905	607E3F0EB100655151CBB830632D6555587918007BB7B76E45CC7F22F33059A2
works/D015_EN.tex	22160	9FF022FFC278BE27659C87823F83194902CF0BBB52C7E488374AB8EC7212CC49
works/D015_FR.pdf	755393	C885BD1693CEC81EB949B33E7049A28F352D1797D76AA70F565BB259508CEAD2
works/D015_FR.tex	22229	54652D76CE4C90EB853554D685420E30591A793462D3A5FDEE7418AFF213A495
works/D021_APPARATUS.pdf	133251	AECDE83C123C85DE6AC4F58D3F113EC1458285D9DB67372493C8D497ED486011
works/D021_APPARATUS.tex	43317	D26C1B12C8518C9879F54AA0C195B8021094EFAF7A8FE0E61684CB2C4209EE38
works/D021_AUTHORITY_IAS_25PP.pdf	2092474	2ACE335E3C8CC08BB8B60D756886284C4E7AECF093081DDA0DE46650800E6986
works/D021_COLD_AUDIT_RECEIPT.json	51323	C639D0EF0520EB8C938D9AE10261F900BEFCC84F37C781B1E3A34F1EDC34F8D5
works/D021_EN.pdf	203322	76E6E094B8F322368F5B4C9E3109C052C39C09DD488ADBE15A5B8FD9E1957328
works/D021_EN.tex	76608	09403F4F077B503674B3662DFAF0EB88CFB97DDC9D1A7F787A694AC0AFB5D1C3
works/D021_FR.pdf	206032	4B4FC661A45C8E220834FA4977CFA17198A5767870A4EB657EAF845CF9B8A30F
works/D021_FR.tex	79921	300BB5DB2D62EFCC825742A8E26B443F92DD79569DBF04EF0DDDBA040E336D17
works/D021_INDEPENDENT_PUBLICATION_GATE.json	2762	3BAB5E70E812C57F5B9A69AF3F4CC406CEB1F0455A43C206D794FF4F712E5425
works/D021_PUBLIC_SAFE/20_AUTHORITY_DELIGNE_D021_WEIGHT_ONE_IAS_NUMBER24_25PP.pdf	2092474	2ACE335E3C8CC08BB8B60D756886284C4E7AECF093081DDA0DE46650800E6986
works/D021_PUBLIC_SAFE/21_COMPARATOR_DELIGNE_D021_WEIGHT_ONE_COLLECTED_SPLIT_24PP.pdf	460530	3E2D6E05377BA1017EAAB113BC7523B45B56FB0C4CC108493F79EBAD39033AE8
works/D021_PUBLIC_SAFE/apparatus.ndjson	54458	F25CF3818E62D32DE63D8ABE38A0739DBB0708284BB1F59598B2152AE735787F
works/D021_PUBLIC_SAFE/asset_ledger.tsv	193	906BEBBFB59CF307E2C8F5125EF2A1C11B557AD385E67DE6A8C8A5576AAED420
works/D021_PUBLIC_SAFE/build_d021_latex.py	19382	A57EC20E06CF5B6EDC0112A3E4E2A79357CF879628695586AD472EC01B686103
works/D021_PUBLIC_SAFE/D021_BUILD_INPUTS.tsv	1454	6FEB4CE9D2127BB9B4662609E8249DCD62BE77E675B0C76331AE1B3D94762DB1
works/D021_PUBLIC_SAFE/D021_Formes_modulaires_de_poids_1_APPARATUS.pdf	133251	AECDE83C123C85DE6AC4F58D3F113EC1458285D9DB67372493C8D497ED486011
works/D021_PUBLIC_SAFE/D021_Formes_modulaires_de_poids_1_APPARATUS.tex	43317	D26C1B12C8518C9879F54AA0C195B8021094EFAF7A8FE0E61684CB2C4209EE38
works/D021_PUBLIC_SAFE/D021_Formes_modulaires_de_poids_1_FR.pdf	206032	4B4FC661A45C8E220834FA4977CFA17198A5767870A4EB657EAF845CF9B8A30F
works/D021_PUBLIC_SAFE/D021_Formes_modulaires_de_poids_1_FR.tex	79921	300BB5DB2D62EFCC825742A8E26B443F92DD79569DBF04EF0DDDBA040E336D17
works/D021_PUBLIC_SAFE/D021_LATEX_GENERATION_REPORT.json	2382	70D7EC2B13E4897F31770FE1C203D1266EFA6FE56E57B4420873609FFEAC1532
works/D021_PUBLIC_SAFE/D021_Modular_Forms_of_Weight_1_EN.pdf	203322	76E6E094B8F322368F5B4C9E3109C052C39C09DD488ADBE15A5B8FD9E1957328
works/D021_PUBLIC_SAFE/D021_Modular_Forms_of_Weight_1_EN.tex	76608	09403F4F077B503674B3662DFAF0EB88CFB97DDC9D1A7F787A694AC0AFB5D1C3
works/D021_PUBLIC_SAFE/D021_PRIOR_FAILED_GATE_TOMBSTONE.json	574	B22F521F29F48DD97C931585C8E46C102A21A012226E9110A8AA7CB10A2896EF
works/D021_PUBLIC_SAFE/D021_PRIVACY_BEARING_EVIDENCE_TOMBSTONE.json	1152	FAF6C3390E3828FF5BFC7BDE12A3F73F3194B871FEF99E3F24896F6FD51CF845
works/D021_PUBLIC_SAFE/D021_PUBLIC_SAFE_MANIFEST.tsv	2971	E15FB69A63379922DC123EE9DAF634F77807A6256D1485F30013099206D58A5B
works/D021_PUBLIC_SAFE/D021_PUBLIC_SAFE_PRIVACY_SCAN.json	195	71A9DDFB9B0AF370AD88783BEA98C89A7C13B0443BEF48D070C7925F3CF55E74
works/D021_PUBLIC_SAFE/D021_RAW_RETURNED_ZIP_INVENTORY.tsv	23742	EC7E4C3B70761AB415AD51636C6E8390A429F2AF47BC2D2A7A4344B978C5602D
works/D021_PUBLIC_SAFE/D021_REPAIR_AUDIT_RECEIPT.json	5401	21B067ECA1138D7528165458FBF13720C3BEAF2DC31F933E49B969F58A1EFB7B
works/D021_PUBLIC_SAFE/D021_ZERO_ACCEPTED_SALVAGE_INVENTORY.tsv	2336	B372E44D3C0235587C03DE03F9FEDECAE1FDF5D329585678C5FEB5529CD9EDF2
works/D021_PUBLIC_SAFE/english_standalone.ndjson	78412	794D9E372B4DD293B2972A21B8BD60C7C81DCF803EBC5FDEE4893B32718DEA3C
works/D021_PUBLIC_SAFE/PAGE_MAP.tsv	1959	54B8B316E2072A5C342CFB96B56F2BEAD988EC6C67462DE8062FB5FAB86EE67B
works/D021_PUBLIC_SAFE/source_language.ndjson	83606	A7D9FCCF8482984F90D4226177ADFFFDAC9C3A26A1C165428D2779ACE724EB9A
works/D021_REPAIR_PROGRESS.json	2715	B9B6C962F2884022AC45395E4BC4BEB1589AB1831FA2B93D18D9B3448F661978
works/D021_REPAIRED_ARTIFACTS.tsv	2747	08228FC3848CB8F8DF1998ADD00E8C5EB6B5D539016617BAA55178BF2E5BC955
works/D021_SANITIZED_PUBLIC_DERIVATIVE.zip	3094339	9B8FC853D130DE411DC395071D57028BF6E0B05D350ACC09483BF1816054E027
works/D022_PUBLIC_SAFE/assets/D022_AUTHORITY_PAGE_01_PRINTED_79_180DPI.png	578741	0318598344238D1BE1A37F734AAE9A47B29CEE5132E0CD0CA0DE5A95C5733DDC
works/D022_PUBLIC_SAFE/assets/D022_AUTHORITY_PAGE_02_PRINTED_80_180DPI.png	819747	BCF189DD7D50BA48F1822F9165E453DC78155D50566E30267CD2E7876473ECA3
works/D022_PUBLIC_SAFE/assets/D022_AUTHORITY_PAGE_03_PRINTED_81_180DPI.png	944597	FDFBA8654FE6A1C02A8D9533BB20DE9A11F53E3D39E1874475D95D1BCA8D8105
works/D022_PUBLIC_SAFE/assets/D022_AUTHORITY_PAGE_04_PRINTED_82_180DPI.png	668845	E91A3386FCF47C0AD17A7CBB7776E39B41512A40EFD68716F6F41A52280B255D
works/D022_PUBLIC_SAFE/assets/D022_AUTHORITY_PAGE_05_PRINTED_83_180DPI.png	884119	2A702153BDF42FBED824C227392EA2C671FC03C1243B5CCB010C82881EBF8C3C
works/D022_PUBLIC_SAFE/assets/D022_AUTHORITY_PAGE_06_PRINTED_84_180DPI.png	916567	7A58FC94770B935CFF1F967439B169A060AEB4ED5DB083C58D2C73905ED1DCE6
works/D022_PUBLIC_SAFE/assets/D022_AUTHORITY_PAGE_07_PRINTED_85_180DPI.png	227090	1DE0532179D0D5BB4C7905C92D9EF87FDD3D4725C48B7C1911AAA50B301E7170
works/D022_PUBLIC_SAFE/assets/D022_P082_DIAGRAMS_PRESENTATION.png	30936	471A6B183BCEDD0401BE2B4086CE3280D30554D7BAD9118681D729ABB0DBD264
works/D022_PUBLIC_SAFE/assets/D022_P082_DIAGRAMS_RAW_390DPI.png	65422	EE7FB993F67BEDADA2D47CCD54661F579BBF0D153348F98D8CBB9669AC78DCDE
works/D022_PUBLIC_SAFE/build_source/$out/D022_APPARATUS.aux	280	99C0B5A0BC4DB69FE56A03FFE0D5AD311698C4E2CE42757DA05738C4844D47C8
works/D022_PUBLIC_SAFE/build_source/$out/D022_APPARATUS.log	66744	3ABB5EF98F10CD8A9CCCB4892DF397E36A8FCF177E90E32E119F84246B65D243
works/D022_PUBLIC_SAFE/build_source/$out/D022_APPARATUS.out	0	E3B0C44298FC1C149AFBF4C8996FB92427AE41E4649B934CA495991B7852B855
works/D022_PUBLIC_SAFE/build_source/$out/D022_APPARATUS.pdf	5178274	02819FBFE578A33AE5D67F4350B85582F55CC911C7C671444BDE477C327D4A16
works/D022_PUBLIC_SAFE/build_source/$out/D022_EN.aux	280	99C0B5A0BC4DB69FE56A03FFE0D5AD311698C4E2CE42757DA05738C4844D47C8
works/D022_PUBLIC_SAFE/build_source/$out/D022_EN.log	63828	ED48E1E44AC03821A2DD8B7A7266EBD08E52B91A29E4D9ABD8C065111CFC26EE
works/D022_PUBLIC_SAFE/build_source/$out/D022_EN.out	0	E3B0C44298FC1C149AFBF4C8996FB92427AE41E4649B934CA495991B7852B855
works/D022_PUBLIC_SAFE/build_source/$out/D022_EN.pdf	129633	0DD95DF7F5A3280A65B210DD8D8B6956956DEEBD4D6E0140C43EA0BF3D803653
works/D022_PUBLIC_SAFE/build_source/$out/D022_FR.aux	279	6A0270DBE9D6D5351FBB95B944B02FDF41DDCFFE0738A103772BA15475536520
works/D022_PUBLIC_SAFE/build_source/$out/D022_FR.log	64758	7CF16763F1FBEE37159A9B6DD6487323707356342AEA2779B9CA3DBB49D7742C
works/D022_PUBLIC_SAFE/build_source/$out/D022_FR.out	0	E3B0C44298FC1C149AFBF4C8996FB92427AE41E4649B934CA495991B7852B855
works/D022_PUBLIC_SAFE/build_source/$out/D022_FR.pdf	130768	45A2BD67A4EBE5C5B82E31238833B882892698DFF9BD1138C2319F9F1301262B
works/D022_PUBLIC_SAFE/build_source/build_d022.ps1	2297	C8D05F8169CDE9CE6BA30849E62C3CC671592F6AA44C5D9590DF5FAC55707F25
works/D022_PUBLIC_SAFE/build_source/D022_APPARATUS.tex	6265	B95CA05BAA1C7CD3C7BD215CB0C6E316B47E97EB2D834848CA35401B86022801
works/D022_PUBLIC_SAFE/build_source/D022_EN.tex	9397	DBB367E579767F3339AF247AA83EE3C8080B58F8FCC525208821FD9DB8F72352
works/D022_PUBLIC_SAFE/build_source/D022_EN_P04_P07.tex	11051	3EC8466E52B501C32D93EBD84530640233D98DD835F10FD6351CFA45389133EE
works/D022_PUBLIC_SAFE/build_source/D022_FR.tex	21283	B58A4977008EFDA7A76D0A1B514ABF9646ECD263FEA8E1BB885280B565D9B60F
works/D022_PUBLIC_SAFE/build_source/D022_STYLE.tex	3088	03F6BA26E6D43A04EECFEA0FC0B07558FD126923D202DDD9A15D2C841FDBD6AF
works/D022_PUBLIC_SAFE/cold_audit/D022_COLD_AUDIT.tsv	2797	BD4F0FC5F1E7A085A3E5CAD166D66064B8C88F4F745B99D33FA7858549547403
works/D022_PUBLIC_SAFE/evidence/20_AUTHORITY_DELIGNE_D022_WEIGHTS_COHOMOLOGY_7PP_IAS_390DPI.pdf	262396	4ADB0A4D7D12F41F92E24FE4D02897CA38695237599E44AE42FB0100ABCE5A5F
works/D022_PUBLIC_SAFE/evidence/21_COMPARATOR_DELIGNE_D022_WEIGHTS_COHOMOLOGY_7PP_COLLECTED_SPLIT.pdf	186438	56DFE5A5D9CD23848ABD3296A962F998AE40AD6733F6062E2D111137F8B2816C
works/D022_PUBLIC_SAFE/evidence/30_UNTRUSTED_PRIOR_WORK_DELIGNE_D022_ZERO_ACCEPTED.zip.LOCAL_ONLY_IDENTITY.json	467	0AA95DF0C2972EEDC23E083AB583B99B296BE5A62422073594C892BF2FC27DF2
works/D022_PUBLIC_SAFE/evidence/D022_APPARATUS_RETURNED.ndjson	8181	5460C63D92548AD4E714289764968D037B91E102E4D19BBD0AFC75048DB4BEE8
works/D022_PUBLIC_SAFE/evidence/D022_CANONICAL_PAGE_TOPOLOGY.tsv	1502	01F6DD83FED642612FA4426373E0C7131D0692C5EB2E0A9B710BFF0F151FDB4F
works/D022_PUBLIC_SAFE/evidence/D022_COPY_MATTER_MAP.tsv	1604	3698E0BBBFA2BD9E0EEB69284E0DBB9A8F793D8E275A3994C57ADA02E3D9E02A
works/D022_PUBLIC_SAFE/evidence/D022_ENGLISH_RETURNED.ndjson	20443	3A98B7FCC1FABD8AF10DAFAC8577936B3696BF3E4A90F101F3C53F48743E1686
works/D022_PUBLIC_SAFE/evidence/D022_RETURNED_PAGE_MAP.tsv	4861	FE79E49FB59338BC186F43565D8269705ADEA2B42B9EB0E9E63D6F189272A75C
works/D022_PUBLIC_SAFE/evidence/D022_RETURNED_S02_COLD_AUDIT.tsv	3477	AC08D3B0981ADF2B9E501C34A508B76B117CE586D8D8FC53CF7C42D4F7DD76EF
works/D022_PUBLIC_SAFE/evidence/D022_SOURCE_LANGUAGE_RETURNED.ndjson	20686	8D73F63F7C0091125237D21BCDB199BA98FF80FE2BAAD27957EE1524517A7FC0
works/D022_PUBLIC_SAFE/evidence/D022_ZERO_ACCEPTED_DIVERGENCES.tsv	2193	F303922C88672A047467919CBFCA926D906485D802385FFC906774641C665B28
works/D022_PUBLIC_SAFE/gate/D022_CANONICAL_GATE.json	4719	460251FE599C704FC97738474A2A0A7587094F4C2D64D0944220F39BF2A3E5D0
works/D022_PUBLIC_SAFE/gate/D022_CANONICAL_MANIFEST.tsv	4393	B7DD2641868782432B597F046DBE9998A74D460496B88FBFA582F3FAC7BEDCAD
works/D022_PUBLIC_SAFE/gate/D022_PUBLIC_SAFE_INVENTORY.tsv	3378	9A4331AB7E9E9B8A4A41B0573007F3099BB4A1C97552A5D69896003F2E40387E
works/D022_PUBLIC_SAFE/outputs/D022_APPARATUS.pdf	5178279	8DDAF92E6720FF868C633C50B5EC87817C44407DFA8830D65873B011A7B1C10B
works/D022_PUBLIC_SAFE/outputs/D022_EN.pdf	129739	2DD8AD09E9672F004AE600D53A995E08C6A5CD849BD73A19337ED4F37E6323AA
works/D022_PUBLIC_SAFE/outputs/D022_FR.pdf	130874	ACBB7BF1D6B67EB7EA5781C560EA4815DF8901C880AA6309FF2589B3560D47DE
works/D025_EN.pdf	332232	1ABB2AA98E4CE57804BCBC674A582A9A0A1A000A2415AA81BB99595765E1702E
works/D025_FR.pdf	335942	949DAC10C6EBA6953FC3EBD42E0FDF7E2F9D4A151FBEDA9A812E3CB0140638A0
works/D025_INDEPENDENT_PUBLICATION_GATE.json	3087	A3C30189434BC8DA8DA9E6CCFEB1339273E46DD1CB51CFB6BDFEA18D7B60959F
works/D025_INDEPENDENT_PUBLICATION_GATE.tsv	311	346A6A9940F8DDD2BBA1ACC483B4367BE906F7C5F84D866FCB93756B52F112E8
works/D025_PUBLIC_SAFE_EVIDENCE/apparatus/ASSET_LEDGER.tsv	762	B03EC7224885DF7BE7BF3092F07F100ADFE893D2C434A47ED2F36E610CB63792
works/D025_PUBLIC_SAFE_EVIDENCE/apparatus/AUDIT_DECISIONS.tsv	1576	FC051747524E9513FF1565CCEB6889CBD102BD4B3A9624E04FFD6C92DD7EE9F9
works/D025_PUBLIC_SAFE_EVIDENCE/apparatus/AUTHORITY_TOPOLOGY.tsv	641	B2C94CBE64DAB9E0FFE98BDECFA0047099F25ADEFE530100FC4756EE882B0A2F
works/D025_PUBLIC_SAFE_EVIDENCE/apparatus/D025_APPARATUS.md	3594	8EDCE5D2F1C747E8EE4360D50950F532C5E69F5B0D42754462A96533A824E1E0
works/D025_PUBLIC_SAFE_EVIDENCE/assets/authority_crops/D025_P02_projector_definition_raw_600dpi.png	16784	47F948C838B8B682E7C5DDC8134D31B974E5BEA0617A705E251460B89376A007
works/D025_PUBLIC_SAFE_EVIDENCE/assets/presentation_derivatives/D025_P02_projector_definition_enlarged.png	222968	FD1B43523F91DD8347037279065BC53544509E41E6A96B245167FB96C1BF2084
works/D025_PUBLIC_SAFE_EVIDENCE/D025_ALL_PAGE_VISUAL_QA.tsv	522	AC6B5D00EDA103FAB930443F6E0AB6530F5A272E701B73043F09434642936AAF
works/D025_PUBLIC_SAFE_EVIDENCE/D025_AUTHORITY_IAS_3PP.pdf	125051	7F000505BFCBE3B4A440F4A7B724DB22AD5F4E9794DA04F540D7FA99D885255C
works/D025_PUBLIC_SAFE_EVIDENCE/D025_FIRST_GATE.json	2305	A93A911A708CDB13FB27D199A5A74913E3A7895CEC592240996AFC1485083163
works/D025_PUBLIC_SAFE_EVIDENCE/D025_FORMULA_AUDIT.tsv	1251	EA1D60B12DF9B85C5BA7C4F7279118206F5859CC184303A629F57C2B83E286EE
works/D025_PUBLIC_SAFE_EVIDENCE/D025_PUBLIC_SAFE_CHECKPOINT.json	1915	E9EE6317439295DCBFDEBC4020E1DEA30C03CAD29564399A875711FFBEEBEAB7
works/D025_PUBLIC_SAFE_EVIDENCE/D025_PUBLIC_SAFE_CONTAINER_MAP.tsv	2197	E4F1F63FB9EDE044698CB3664C13AC127F62F1AE4507336F6F78609F4CD9AC24
works/D025_PUBLIC_SAFE_EVIDENCE/D025_PUBLIC_SAFE_SANITIZATION_OCCURRENCES.tsv	19221	108F61A9BA33B02D52427B31C991E276BFB36158919FFECDBDEAA9A7CDC32F33
works/D025_PUBLIC_SAFE_EVIDENCE/D025_PUBLIC_SAFE_SANITIZATION_TOMBSTONES.tsv	14587	49B2E7E4FD513C5A6C10278F93B336FB2180A12BAEBE12DE73E758BCD50F426A
works/D025_PUBLIC_SAFE_EVIDENCE/D025_TRANSLATION_RECEIPT.json	701	7FC1E0F0A385C289A89D247D61E8213BABE4539D08A3EF9CC55E5B6A1D086CE7
works/D025_source/components/d025_common.tex	2398	4E93FF75D9DEC723176CA62EE9FDC7DC0E9CB45453F113778C2080506B32E1B4
works/D025_source/components/D025_EN_body.tex	10405	DDD8633C804D8F1878A467377D3694F077C7E3784839324E8845F3E8709C7424
works/D025_source/components/D025_FR_body.tex	10472	1FA0BB290235937964D51C39F66DCF5D785A81F5AFF20912829A1F4FE605E1EC
works/D025_source/DELIGNE_D025_EN.tex	669	55E07E33BA4EEBCA9DE5064962F07BDAC3DDCE94F5E425B969D49CE75D8B21BE
works/D025_source/DELIGNE_D025_FR.tex	691	8C882A4FEB1D48E97E54AE316EC39C1B768A17D7CBE8D2678E0AFF6830A28BA4
works/D026_APPARATUS.pdf	55251	1F609378F7544B3707F93D7664AB52591ECA4DC485BB9BA97991B1B40E2227E8
works/D026_APPARATUS.tex	12295	A235B6A5E8880C009EA0A0FAC6A36F3DD11467ED24E17F3B37F1643EB9AFF4AC
works/D026_EN.pdf	157369	1F6CD359EA1482F8254AD57B65321D38777E8EB35EFCCFB49227A90271997978
works/D026_EN.tex	57904	2F4F67345089334D29886362FB493EC83DE3E2325321072AB9A4E07D8345B0EC
works/D026_FR.pdf	158175	1881B512AC231BA07D5D8BACC9DED8BD036706D5B611A180D51E9E7762BD5511
works/D026_FR.tex	59639	7D97B2058336F44A7BE6B07C6BAEF7DAC8243E172B8E67E8357FED1E0F6AA271
works/D026_INDEPENDENT_PUBLICATION_GATE.json	7944	0E50722897440D25C526415C6DB572174C02F52D7A998EE092B8ACDF5F0F311D
works/D026_INDEPENDENT_PUBLICATION_GATE.tsv	3641	08327E84DA8BDD978D9425FE755EC43A5B7A0D3E1C77397089D93C7852C8D75F
works/D026_PUBLIC_SAFE/assets/ASSET_LEDGER.tsv	163	D29E458DDA7D02F04D9FE3C66597388249B6220E69C44D882FAE522ED2548E49
works/D026_PUBLIC_SAFE/built/Deligne_D026_EN.pdf	157369	1F6CD359EA1482F8254AD57B65321D38777E8EB35EFCCFB49227A90271997978
works/D026_PUBLIC_SAFE/built/Deligne_D026_FR.pdf	158175	1881B512AC231BA07D5D8BACC9DED8BD036706D5B611A180D51E9E7762BD5511
works/D026_PUBLIC_SAFE/control/coverage.tsv	4995	2F2F79A9CFA7C3FCF9BAAEBF653D5A9ECB122F3DCF46E653A165F0845ADCAA33
works/D026_PUBLIC_SAFE/control/CRITICAL_PIXEL_FACTS.tsv	320	9AF1FCD58CE4CE21A0B50883F1D3194CFAAB1C410CCF2BD1976A60E22ECA390B
works/D026_PUBLIC_SAFE/control/PAGE_MAP.tsv	6102	B308458479FC8FCBB69EA2F7BE046CF72BB452F8779C187FB870BCFEED63FDD9
works/D026_PUBLIC_SAFE/control/SESSION_PLAN.tsv	1158	EC4A6B7F202F90BB29C7FF5E5464B15030562CB4403128F2262579CB40A962B0
works/D026_PUBLIC_SAFE/editions/Deligne_D026_APPARATUS.tex	12295	A235B6A5E8880C009EA0A0FAC6A36F3DD11467ED24E17F3B37F1643EB9AFF4AC
works/D026_PUBLIC_SAFE/editions/Deligne_D026_EN.tex	57904	2F4F67345089334D29886362FB493EC83DE3E2325321072AB9A4E07D8345B0EC
works/D026_PUBLIC_SAFE/editions/Deligne_D026_FR.tex	59639	7D97B2058336F44A7BE6B07C6BAEF7DAC8243E172B8E67E8357FED1E0F6AA271
works/D026_PUBLIC_SAFE/maintenance_evidence/APPARATUS_BUILD_CHECK.json	381	89E7A1279F59A20BC6ADF0E9684D2C729653175BFECB0266ED1E3DAADCE5A914
works/D026_PUBLIC_SAFE/maintenance_evidence/COLD_AUDIT_REPORT.json	29476	62DDDC3B241396E199DC22AA74C6460AF0D23CA330E9A2EB16F722C116C1FAE5
works/D026_PUBLIC_SAFE/maintenance_evidence/FRESH_NONPATCHING_REPLAY_REPORT.json	29476	62DDDC3B241396E199DC22AA74C6460AF0D23CA330E9A2EB16F722C116C1FAE5
works/D026_PUBLIC_SAFE/maintenance_evidence/INTAKE_AND_AUTHORITY_RECEIPT.json	2017	E697D436470C43975867613A48AE858B99FA8BCF28A195B8D7B712AF79F888EE
works/D026_PUBLIC_SAFE/maintenance_evidence/MANUAL_VISUAL_COLD_AUDIT.tsv	3462	5F0219099837A863BE833F80BFE1CFBB94EAA68EFE5A29D21261222A97A78333
works/D026_PUBLIC_SAFE/maintenance_evidence/NONPATCHING_REPLAY_RECEIPT.json	12739	C309ED3C61AE864EAA2400CBD3DAE9CFC9FDBEEE8AAF73EEB7AC1B569C0B667A
works/D026_PUBLIC_SAFE/maintenance_evidence/PUBLIC_PAYLOAD_COMPONENT_SECURITY_SCAN.json	6389	33B56AB6E46B573D463A4F0F3C472D321A0879229FB62E088D4183EB8663F744
works/D026_PUBLIC_SAFE/maintenance_evidence/SANITIZED_ZERO_ACCEPTED_PRIOR_WORK_LEDGER.tsv	15590	5CD14C294701631CBAA552775CC3846DFFE7ED0709A2E7CBEEF620AE07887BFC
works/D026_PUBLIC_SAFE/maintenance_evidence/ZERO_ACCEPTED_PRESERVATION_RECEIPT.json	1160	B4D8DFC8624108975CD6B148FC5AC7E83FF3C97D4583A5805C13D6C7DFEAD314
works/D026_PUBLIC_SAFE/PACKAGE_MANIFEST.tsv	4842	8C41FFD6D836599A99DC709B2C4E3A748E005A98364528E0B321EC7502D4038A
works/D026_PUBLIC_SAFE/README.md	1857	3E95CF4D2FF58E82FE6A9FE12B21AC1C86426908D5443DB347DED22D105B8ED9
works/D026_PUBLIC_SAFE/records/apparatus.ndjson	17428	2B501D13F604AB844E20411346035FB627C4F4C13514B99FCAFC8AB2C92501DC
works/D026_PUBLIC_SAFE/records/asset_ledger.tsv	162	ADD9FE859A929B4AB4146F8FD8435321BD212EFF50F7FB2537AFB42146B5F552
works/D026_PUBLIC_SAFE/records/english_standalone.ndjson	67525	9EBB1295930885896DD557FB9D3EEBFEE536846A35F9380F580CAE23F0848BCE
works/D026_PUBLIC_SAFE/records/salvage_comparison.tsv	61731	70C76658AD38D6F73EEA19D22B2AFB04F628388C073AF299842A7835846A6EE1
works/D026_PUBLIC_SAFE/records/source_language.ndjson	73468	65D4B905B2A656312511CA5FB4277F665B39A9303AD07A00DA5BA42F2F6A8D85
works/D026_PUBLIC_SAFE/returned_audit/S02_CANON_AUDIT.tsv	2522	197969E258A381BFDE8F66F904BCEE1B318A49DC2615B2D0F74DCB7B6A8EE93D
works/D026_PUBLIC_SAFE/returned_audit/S03_CANON_AUDIT.tsv	2246	8D9FF926BBEECCF172A4EACF67A479144482455F29BA387840F718CC6CED53EA
works/D026_PUBLIC_SAFE/returned_audit/S03_COLD_AUDIT.tsv	3032	FB86399463609BFE6D630A09B447328BDEF34F42B8AE56FA9E58301EA7E6DA1D
works/D026_PUBLIC_SAFE/returned_audit/SESSION_LOG.tsv	1825	D3BE3829178F10E4F755A32B30495A18BAF250953559EF0DEE44FEE0D7FD723B
works/D026_PUBLIC_SAFE/tools/build_d026_editions.py	11454	01DA5F23359A286ADBE2C57C2223034890893B9B281B1A70E1D95023B8845DE3
works/D026_PUBLIC_SAFE/tools/cold_audit_d026.py	18317	89EDC80B71AAEF8B31FDA03AC5068CF10B0C71DD49D5D71D75507824D94DB746
works/D026_PUBLIC_SAFE/tools/nonpatching_replay_d026.py	4675	942ACF22C6A7D822F30BEE34EA9465C67EE8AA087041E10C58D56FA1E2547639
works/D026_PUBLIC_SAFE/tools/package_d026_source.py	6381	DA563ACFE2C1BA9E59045E368C56DF840CC66BD33251F9521078334790705E98
works/D026_PUBLIC_SAFE/tools/sanitize_prior_ledger.py	4835	8D476126E57D17670661B7B23A90B70382498CB216D0B415399B9C9FBF8E075A
works/D026_PUBLIC_SAFE/witnesses/authority/20_AUTHORITY_DELIGNE_D026_LOCAL_CONSTANTS_ARTIN_ORTHOGONAL_18PP_IAS_300DPI.pdf	901648	9951F00E4E8E2673ABBAFB44D28B03FA31A45E60EF03BCFE6DA0A5E102167FC6
works/D026_PUBLIC_SAFE/witnesses/comparator/21_COMPARATOR_DELIGNE_D026_LOCAL_CONSTANTS_ARTIN_ORTHOGONAL_18PP_COLLECTED_SPLIT.pdf	428680	6F0CB89BF47166EDF99048B411B24FD73CD132A01422CAB3FC42B321C1187634
works/D026_SOURCE.zip	1672532	2E75B938386D3268AB8C519CF8F7F6001B11484C79AFC1E433623D4877E91CEA
works/D026_source/ASSET_LEDGER.tsv	163	D29E458DDA7D02F04D9FE3C66597388249B6220E69C44D882FAE522ED2548E49
works/D026_source/Deligne_D026_APPARATUS.tex	12295	A235B6A5E8880C009EA0A0FAC6A36F3DD11467ED24E17F3B37F1643EB9AFF4AC
works/D026_source/Deligne_D026_EN.tex	57904	2F4F67345089334D29886362FB493EC83DE3E2325321072AB9A4E07D8345B0EC
works/D026_source/Deligne_D026_FR.tex	59639	7D97B2058336F44A7BE6B07C6BAEF7DAC8243E172B8E67E8357FED1E0F6AA271
works/D026_source/README.md	1857	3E95CF4D2FF58E82FE6A9FE12B21AC1C86426908D5443DB347DED22D105B8ED9
works/D027_APPARATUS.pdf	85635	DD1DB8DAE8FF755254B06BEE09B7D04C97F68200BC87AC0629991F736CAD2337
works/D027_APPARATUS.tex	33500	72159EAAAD4D9674A99F0EBF04F3CBD93824F30BE5955202B236617A8454B727
works/D027_EN.pdf	344126	C445D38899816E0A99FA52C9DAE333EEAB4F04AB8DE0E034773A017B065E3CDF
works/D027_EN.tex	173054	BD7DEF0DEBE310A228B8A48E74F2B90C0C5F9B2537C289EF8B6F1E3FC2EFF83F
works/D027_FR.pdf	349639	C23577760AC20486798B3D406D45550CDB028F32F729ED65EBE83FBFCC794A10
works/D027_FR.tex	182219	A6EB4CA7B84028E7358BDB5DC5794A0FACF42CCA3BB1B409410270C47F0CE428
works/D027_PUBLIC_SAFE/control/coverage.tsv	15554	C4AA8A2323B4F2C9C6F1CBF8F23649612FF743BBFBEBCE0E0B3BAC6823B08B5C
works/D027_PUBLIC_SAFE/control/PAGE_MAP.tsv	5667	DCEE1889B35A7958383C1ECC75ABAF5D70FC7928E71ECD6C8707BD7983B14941
works/D027_PUBLIC_SAFE/control/SESSION_PLAN.tsv	828	A8DD0BCDA54DB5457F8F333A39A8A8F32C2B1214D8BA69B022DCF57A570D32CE
works/D027_PUBLIC_SAFE/D027_PUBLIC_SAFE_MANIFEST.tsv	3781	21E257AFAE9BC57C66F6137338C4FD08E8CF5D3CB347F671F217898347165577
works/D027_PUBLIC_SAFE/editions/Deligne_D027_APPARATUS.pdf	85635	DD1DB8DAE8FF755254B06BEE09B7D04C97F68200BC87AC0629991F736CAD2337
works/D027_PUBLIC_SAFE/editions/Deligne_D027_APPARATUS.tex	33500	72159EAAAD4D9674A99F0EBF04F3CBD93824F30BE5955202B236617A8454B727
works/D027_PUBLIC_SAFE/editions/Deligne_D027_EN.pdf	344126	C445D38899816E0A99FA52C9DAE333EEAB4F04AB8DE0E034773A017B065E3CDF
works/D027_PUBLIC_SAFE/editions/Deligne_D027_EN.tex	173054	BD7DEF0DEBE310A228B8A48E74F2B90C0C5F9B2537C289EF8B6F1E3FC2EFF83F
works/D027_PUBLIC_SAFE/editions/Deligne_D027_FR.pdf	349639	C23577760AC20486798B3D406D45550CDB028F32F729ED65EBE83FBFCC794A10
works/D027_PUBLIC_SAFE/editions/Deligne_D027_FR.tex	182219	A6EB4CA7B84028E7358BDB5DC5794A0FACF42CCA3BB1B409410270C47F0CE428
works/D027_PUBLIC_SAFE/maintenance_evidence/D027_COLD_AUDIT_FINAL_RECEIPT.json	5004	9BFC8A10A23469EE290AEAD0C58FF8EF33E07CCAEF8B457F6C585DABFB696860
works/D027_PUBLIC_SAFE/maintenance_evidence/D027_COLD_AUDIT_FINAL_RECEIPT.sha256	101	6E738B6D8D79EA6AD20E956D8E4C55DD6B527A555638601B8E1681D7B6335467
works/D027_PUBLIC_SAFE/maintenance_evidence/D027_MANUAL_VISUAL_QA.tsv	2283	AE7DEB2496EAE564B0559FC467F3C3A9A07EDF1215812CD6D3A3215171200424
works/D027_PUBLIC_SAFE/maintenance_evidence/D027_MATH_ALIGNMENT_REVIEW.tsv	9179	190CAFFF3B870D2C89F716396E2B234B8304D896BB0156CDCBAA56975B6696ED
works/D027_PUBLIC_SAFE/maintenance_evidence/D027_MATH_ALIGNMENT_REVIEWED.tsv	18595	25305DCA14FB09B0EAEC35ACE98692C8C4BE3528D1B84BD331C62FEF16DC0013
works/D027_PUBLIC_SAFE/maintenance_evidence/D027_PUBLIC_SAFE_FIRST_NAME_CHECK.json	182	78E72C193DE434EB137CC41EE958D1275DFAB4EEFBAFF2AA17B5923FA20448E2
works/D027_PUBLIC_SAFE/maintenance_evidence/D027_PUBLIC_SAFE_PUBLICATION_GATE.json	1957	3324EC458B3B6068F24368FD4BF261DBC6E908989EE5676AE3E9D34E5A61CBDE
works/D027_PUBLIC_SAFE/maintenance_evidence/D027_PUBLIC_SAFE_SECURITY_SCAN.json	236	6FED8FC87C2AFFAC19CF1675D4540952B27F9A8587BC82C42BE2F08D8A5E53A4
works/D027_PUBLIC_SAFE/maintenance_evidence/D027_SEMANTIC_TEX_REPAIRS.json	2778	8C5A961C0B0F078A181C8946C5E4DB3D0AAFD83870C5815DBF8311A028F3D430
works/D027_PUBLIC_SAFE/maintenance_evidence/D027_SEMANTIC_TEX_REPAIRS.tsv	996	CD08CE2519475FEACCF7329A53A0FCDB749FDA20020212A74BE6083A41B464F3
works/D027_PUBLIC_SAFE/README.md	1144	4BC710062B0D9451510D99D8AB58E55AEB65B8782091C89961952BE996230C65
works/D027_PUBLIC_SAFE/records/apparatus.ndjson	41167	F8EAB11AB3CFB11DAFD423F13EADC1663B279EB8B0247764DDDAC10238DA4A01
works/D027_PUBLIC_SAFE/records/asset_ledger.tsv	139	BF42ED21B59651807528561B6101F5E709DAA85CC43BA4EB2CD4EF457E9338CE
works/D027_PUBLIC_SAFE/records/french_translation.ndjson	201231	ABD231E5E7439D74137F8FD159C5B36C933B77308BB24B41F287A8AF59E2BB69
works/D027_PUBLIC_SAFE/records/salvage_comparison.tsv	418050	0B01351CD64909677B009137EC7CE4856540EAB779EE922EBA0A8BB5DF4ACF89
works/D027_PUBLIC_SAFE/records/source_language.ndjson	191883	C35B21FFB2836BD786618CC1535777BCF733441A913451E00B89AC2814936A3D
works/D027_PUBLIC_SAFE/tools/analyze_d027_math_alignment.py	5451	EBD84D42BA85B8579A7B14F1747A3C29062F60A2EE7460385B96E48B0D5BECD8
works/D027_PUBLIC_SAFE/tools/build_d027_editions.py	17590	276824D8E7FCF005030A39C8060A5A9C74C4E18AC9BA2871CC0C1BAA0FA5B36C
works/D027_PUBLIC_SAFE/tools/cold_audit_d027_final.py	36882	D10B35F6DF85679DA918505BC3BA72CEB877D5C16FEDACCB2F0CC99A7BA5C4F8
works/D027_PUBLIC_SAFE/tools/finalize_d027_math_review.py	3312	E432762DB9341C8A65C98C77132B75F3A091CA347FE3286869FE89E78469B526
works/D027_PUBLIC_SAFE/tools/make_contact_sheets.py	2927	443DCAF1D86FB3CCFAB398ACC2B5A68256693610621BC0022491ECFA5E8EE52C
works/D027_PUBLIC_SAFE/tools/normalize_pdf_deterministic.py	1905	709862BEDACCF40AB2189C13B8C0A1B3681B0EE42D9146F2687089F50CDC89D5
works/D027_PUBLIC_SAFE/witnesses/authority/20_AUTHORITY_DELIGNE_LUSZTIG_D027_REDUCTIVE_GROUPS_JSTOR_60PP.pdf	3640869	8037B883D391A17534F2B5C7A55B9593AD6A3F5C15045EC8751BD1FFCED83BDF
works/D027_PUBLIC_SAFE/witnesses/comparator/21_COMPARATOR_DELIGNE_LUSZTIG_D027_COLLECTED_SPLIT_59PP.pdf	1140447	E1DFFB6A758C2D569BF94632DCCDCFEE1213F350F3A8F9448CA647832746B866
works/D027_PUBLIC_SAFE/witnesses/comparator/COMPARATOR_ROLE.md	356	C80AB72391B63BC3ECA24A467407FE669928619B63DBEE4F2146E57B90FF8C8D
works/D028_assets/P15-A01_authority_raw.png	1498	0B8B4D51BF1A9D1587717FB686C1DB8ACA472D8F6CC555CC751EB5AB15D6BE1C
works/D028_assets/P15-A01_presentation_2x.png	3220	2AB52E7047930AFDA2939602FD9B9B0E7004CF823B697424477739B1F127EBC4
works/D028_assets/P15-A02_authority_raw.png	3198	178371F2F678E64C108DD8C968A4FE933A71491516A9F96612A8736A2335CF74
works/D028_assets/P15-A02_presentation_2x.png	6329	7B2C5B4337DBD223C5C72625FB412EB1804BE50CD4239EF6614AA4F0E2ADDB2B
works/D028_assets/P16-A01_authority_raw.png	2135	4E412AAA43D1DBBD29F66CFB08ACE8D30F0D6EEACB38810CF6A192D40EDC35FD
works/D028_assets/P16-A01_presentation_2x.png	4388	ABA6484F93EA7705983B3BCBD9E209FE897783FF732DA8493443FA3F5F78CD42
works/D028_assets/P16-A02_authority_raw.png	2910	988E722739100BFC901EA6DACF451F3FC4CD6342ADFD5A430E5AD21437C9F8EB
works/D028_assets/P16-A02_presentation_2x.png	6075	3BF21B3296BC83AC230BB3F8663E38AC7364675736B95A171EBFBBC7373B4F54
works/D028_assets/README.md	182	479DF654D7BF95C1A1706406495827C595645614B2FC18E50FEE8AC5E846954E
works/D028_PUBLIC_SAFE/20_AUTHORITY_DELIGNE_D028_CIRCLE_DIFFEO_HERMAN_IAS_NUMBER30_23PP.pdf	753870	A1A58A397BA1D2DA9249323E6627860E9D6CD0FCE80A071EF0D91893A4E9897C
works/D028_PUBLIC_SAFE/21_COMPARATOR_DELIGNE_D028_CIRCLE_DIFFEO_HERMAN_COLLECTED_23PP.pdf	337457	023742BEFA454EFF4B13C53727B6E2A04C065D18E2A1501A30D6CD9783BA61B9
works/D028_PUBLIC_SAFE/asset_ledger.tsv	2621	F7509EA7FCCC0C3F396FBBBAD504CA8612009D363684B17D50196E3C2C7B488B
works/D028_PUBLIC_SAFE/D028_INDEPENDENT_COLD_AUDIT_FINAL.json	1566	6BAE1D7AD977036ABF8339D9F20328A12DBDF0BDC96E88052B95F1D8A8FEEF45
works/D028_PUBLIC_SAFE/Deligne_D028_APPARATUS.pdf	116178	25DC286F44676F873083F53978A3A92A68BCE52E9FB516E0EAD96DF6E70464B8
works/D028_PUBLIC_SAFE/Deligne_D028_APPARATUS.tex	20065	C86CC7E76AF47134EBF9DEE57912B80434FDEB37204B8D65D07DDFE1DD82C13D
works/D028_PUBLIC_SAFE/Deligne_D028_EN.pdf	242348	4FC7463C8C56601A30B12E46695D04D7D7B0FFE912AB9B3CED225195749AD3F3
works/D028_PUBLIC_SAFE/Deligne_D028_EN.tex	44608	6832FF489603E318D446E5A059FC463BCA216FB19B2E055589A1FC4B95261C0A
works/D028_PUBLIC_SAFE/Deligne_D028_FR.pdf	243052	A551041E8FA4622C8DF33E9F4931B8E240A09377CAAAF01148960A65AEB319C5
works/D028_PUBLIC_SAFE/Deligne_D028_FR.tex	45729	AACBA553130250F3144201B5E7C294F779E82AA24DB5BA8B085C70742563DD6D
works/D028_PUBLIC_SAFE/fault_replay.tsv	4037	079920670E0E65ED4044D171C65B87A624DC022F41883BAF9D88E2893AB72377
works/D028_PUBLIC_SAFE/GOVERNING_INSTRUCTIONS.md	4591	500825A18E04801521B93EE8F046C98783052357F3DE853FA45E36B7364BC82F
works/D029_PUBLIC_SAFE/20_AUTHORITY_DELIGNE_D029_CENTRAL_EXTENSIONS_ARITHMETIC_GROUPS_6PP_IAS_290DPI.pdf	276955	CC9759F6D12980328126AF4CE6B5ACA8309FEC24D9ADC5F43A0D9FC88992C125
works/D029_PUBLIC_SAFE/21_COMPARATOR_DELIGNE_D029_CENTRAL_EXTENSIONS_ARITHMETIC_GROUPS_6PP_COLLECTED_SPLIT.pdf	155400	94194945C6514025CAB62F2BD6A471C00384173BB096600087929629D97F5C92
works/D029_PUBLIC_SAFE/asset_ledger.tsv	162	ADD9FE859A929B4AB4146F8FD8435321BD212EFF50F7FB2537AFB42146B5F552
works/D029_PUBLIC_SAFE/CHECKPOINT.json	3854	41E5B796DD0ACBCEC4B0A17DC8A4D85A7B935C78680B421B204EFC1D909F5FA6
works/D029_PUBLIC_SAFE/D029_APPARATUS.pdf	29521	69FB36032427DB15814E3F80F031E5BD67841ADC80557829219B08ADECB7990E
works/D029_PUBLIC_SAFE/D029_APPARATUS.tex	7722	310AE09CD25F4FB95513527673DB7FD794CA91D7A53B5DC37AD6536BA469E057
works/D029_PUBLIC_SAFE/D029_EN.pdf	51397	5C1478E2B42AFBC915AAFF7FE30F623BAD1D2D239D44C6A0F776176B5B7F9D0A
works/D029_PUBLIC_SAFE/D029_EN.tex	29208	D8D444489FC9D165F01DB577353D421CE4B3DB79A9B444D5DA238962AA0F2164
works/D029_PUBLIC_SAFE/D029_FR.pdf	51574	09C734F97F89EB2611F287DDC7612EE2B2B8BB844B08DA3F090E8971C1DF7D59
works/D029_PUBLIC_SAFE/D029_FR.tex	29769	C4C72C741671EA48EF2D95A717013B4682E1129D6DD30103DCC6AB9D17669465
works/D029_PUBLIC_SAFE/D029_INDEPENDENT_COLD_AUDIT_FINAL.json	1351	F048D1C014DA964B42E6F143252772ADB48BFB37DFE1505A892EAEFF2A1DAFA1
works/D029_PUBLIC_SAFE/DETERMINISM.tsv	933	D18099C1E6C1E820F6C1AE1D1027B61ACFDA34542625523F16F3678160C5CA3C
works/D029_PUBLIC_SAFE/GOVERNING_INSTRUCTIONS.md	4885	0531AD6E23A21B0ABB0FB1327090D19C649DCA9BE6D7A49C1F50EC862B48E206
works/D029_PUBLIC_SAFE/MANIFEST.tsv	8365	8FEF6CB002DFF95408049D9E423DA9B0C7F0953963AFE4ED610B7D144CBCC63F
works/D029_PUBLIC_SAFE/QA_SUMMARY.json	4445	32F89990A3537847C209C34B10C20D15D57D7B9324199BE569D50559998530A0
works/D030_PUBLIC_SAFE/assets/P07-A01_diagram_1_3_1_authority_raw.png	25901	4DB161893339B5781D6A7F1636A4C682354CB06A5A50912688538AB037978DA9
works/D030_PUBLIC_SAFE/assets/P07-A01_diagram_1_3_1_presentation.png	189620	222B3D1A4B351A59C88B1829F75D197616078965EB053F30BCB847B0908C7818
works/D030_PUBLIC_SAFE/D030_APPARATUS.pdf	98345	58A139E9FAA6C84A9B36C6EA6938CA061C57646FC7760BCCAD8E09117453AA00
works/D030_PUBLIC_SAFE/D030_APPARATUS.tex	31073	351CCB226709951BE1D53C108B5BFE0F46A495DA23DCC0B8DC946BBA5B1ACAA7
works/D030_PUBLIC_SAFE/D030_AUTHORITY_IAS_34PP.pdf	1376642	6CFACB0F8742314FB9FAEB3585159BDC13C3FF6E93686E3FE0A23AD775E8B574
works/D030_PUBLIC_SAFE/D030_CANONICAL_GATE.json	1014	F3205D506991CE6FE5C19903BF1654C0333D5125B043B89A1CCE13558F584833
works/D030_PUBLIC_SAFE/D030_CANONICAL_MANIFEST.tsv	1289	7BE6AA4FDDBD1613372724749F3560C5B0DFEC635EF1F4195AC1BFC0B8767FD2
works/D030_PUBLIC_SAFE/D030_COMPARATOR_COMPARISON_ONLY_34PP.pdf	1009663	30C125672931928F18E6CBC1930DB1BC2920DDA1685A68C3578F2D8E2B9158A4
works/D030_PUBLIC_SAFE/D030_EN.pdf	490513	0EF16571F2E0D14DF226E0D00CD52EB616E3E99E825E9C8F6408F65CEC50DC6A
works/D030_PUBLIC_SAFE/D030_EN.tex	175256	CE26702B2E3AFDD15F248C45C7C9835243CFC8F510782470FB3EE73947A049FB
works/D030_PUBLIC_SAFE/D030_PAGE_TOPOLOGY.tsv	15532	AEC2ACBA2F90F0241FEB93CF9FAA72069DB291CD167910D7B91322A9543F12B5
works/D030_PUBLIC_SAFE/D030_PUBLIC_SAFE_INVENTORY.tsv	2132	D6E6CA19535F87789C14A9065EF6DCDBA4BADE36E885C9990D6DA80F0140DE7F
works/D030_PUBLIC_SAFE/D030_SOURCE_FR.pdf	495391	5D45B414D00AA582D6422B84C320DA96C2BC4066AFBD9A55EFF63241CAD9DCB5
works/D030_PUBLIC_SAFE/D030_SOURCE_FR.tex	181567	4FB627E8045232B6E6A6A9C0BF5E55663F2E5D3B60C9FE9B3F7EC1203CA33D7E
works/D030_PUBLIC_SAFE/D030_SOURCE_INPUT_MANIFEST.tsv	982	9C3B1948581E2C4C4888E8901789C41733E7E4E0C2C917C0E33FF0E6D1486E2C
works/D030_PUBLIC_SAFE/D030_SOURCE_PACKAGE.zip	396780	6D77976EC74E82BA497F525B0CE44AB3EFAD45644BF0E8F56145550571154CD1
works/D034_PUBLIC_SAFE/audit/cold_audit_result.json	12884	D263D72B24BF6679CFA072D04794FC504F8DD9A44A9F902C0D1A77F5E036441C
works/D034_PUBLIC_SAFE/audit/cold_candidate_post_manifest.tsv	8506	A6869BB42D3D0A0933A9A699C7A1F220C8B38020A4A00D445E481575813779F6
works/D034_PUBLIC_SAFE/audit/cold_candidate_pre_manifest.tsv	8506	A6869BB42D3D0A0933A9A699C7A1F220C8B38020A4A00D445E481575813779F6
works/D034_PUBLIC_SAFE/audit/D034_apparatus_contact.png	923157	50091A3E35006447CAE08549DAAC7CF53E73A3B5F70F2A486184C8EA1410F4E9
works/D034_PUBLIC_SAFE/audit/D034_authority_contact.png	6962378	AC6283A6A9583D20A233931CD9CE3925BDE6E2D29B28C40DCE3CAD96CAB7E077
works/D034_PUBLIC_SAFE/audit/D034_english_contact.png	1624092	336F2E54C21032924DB6A76404396A6060DC147A0376D0C712D3C3F529E33103
works/D034_PUBLIC_SAFE/audit/D034_french_contact.png	1674117	7E8B17F8DCA12AC651591BED4A6DE9E1227F01594D84EC5F3CFDA91D74448AFD
works/D034_PUBLIC_SAFE/audit/mathematical_literality_checks.tsv	4454	D87DABEAAC5F1EADCFA362342E26B06FE51C7F81C04664404B4BC4CF027A7A03
works/D034_PUBLIC_SAFE/audit/pagewise_visual_qa.tsv	7686	CEAD21509D66403B10FCBF4CD686483E837F0BC703D31C33BF64033496AB1009
works/D034_PUBLIC_SAFE/audit/renders/apparatus/page-1.png	559387	26F0894D163E081533BBEA174F6EA1FB8E0D61EE8CD909128B715383BA9C4D71
works/D034_PUBLIC_SAFE/audit/renders/apparatus/page-2.png	357736	3938E564DFAD51A136713AABDFA382E393961317C560111D5004E1FB375F839A
works/D034_PUBLIC_SAFE/audit/renders/authority/page-01.png	130489	C2175DE67F66EA5B39ED27DE688DDA249FD2A5E7778D1EF2539318ECAF34F0FD
works/D034_PUBLIC_SAFE/audit/renders/authority/page-02.png	82420	BF92751A294AA654ECBB89CABBCE2051D734BDD99C008C606BE23BB11E706A4D
works/D034_PUBLIC_SAFE/audit/renders/authority/page-03.png	131075	17891EFE8977FB876647C4BED1B9E40778F3CF31A03D77BEF9322B9FE59D1EF0
works/D034_PUBLIC_SAFE/audit/renders/authority/page-04.png	125194	E0390AE5AEB6D9D3369ACACB77097AA73496C60EEB24AAE233DA44853382E1C8
works/D034_PUBLIC_SAFE/audit/renders/authority/page-05.png	133855	B446C606C2919C12EAF76FAF1A042F9FA89A33484668F9F7A4BB04E2574F4F6A
works/D034_PUBLIC_SAFE/audit/renders/authority/page-06.png	132515	043D6269B57E42150EB052284DAA091353F5885A6643F6F2E870BE5BE56E2912
works/D034_PUBLIC_SAFE/audit/renders/authority/page-07.png	131182	3E8A92897CDEDBC50D623B9555BACD24003A7844AC49A95C372DCED8174F81F2
works/D034_PUBLIC_SAFE/audit/renders/authority/page-08.png	118421	84B4FFAD9B12B582C2EA4F6FE6BFC32C344475E025E4862B7BCE14B75654CCF9
works/D034_PUBLIC_SAFE/audit/renders/authority/page-09.png	146147	51977856DBDE28A689C9079D4E1262BAD0E8E7B0EC8713370C33A11506636D0D
works/D034_PUBLIC_SAFE/audit/renders/authority/page-10.png	140853	8F432232E88BB0F7A65F6EBE0277A710438EDE4C6FDE39DE93F5A230F2807F5C
works/D034_PUBLIC_SAFE/audit/renders/authority/page-11.png	123434	AF88BA76386BB3E819D4445431318A4E829E4171164E1022ABE5AF237DAAE07C
works/D034_PUBLIC_SAFE/audit/renders/authority/page-12.png	84405	F5E48156E7F930C1A5A0097D771A7BE23B3F4258A7B902AEFAF1D6410A3304E5
works/D034_PUBLIC_SAFE/audit/renders/english/page-01.png	128218	BC24F1880DB3CFA197F2D7F1F43F69195A3350B59FB8A91D7F0667AAADB65221
works/D034_PUBLIC_SAFE/audit/renders/english/page-02.png	201001	3E6EB409EE36C41BD9C329A812DDFD267F260EF013A97DEA2027A1627B42D27E
works/D034_PUBLIC_SAFE/audit/renders/english/page-03.png	210632	BE261942071B70A8C7AEC385B2364CECB8B04A35ABE523AA7D082C3EFF6D0AAF
works/D034_PUBLIC_SAFE/audit/renders/english/page-04.png	232125	23C87735A3F128C8E239DEE4DD7607A59C3B1F8FD4D08EE28739E1AB99627D78
works/D034_PUBLIC_SAFE/audit/renders/english/page-05.png	207917	43686BA0AF0DC5B4DFE92617F1F53E824A1CB4B035159322FC202CBCD61C6B8A
works/D034_PUBLIC_SAFE/audit/renders/english/page-06.png	217025	800C6C2D642444E3784C521765F75BECEC84D55D05CD6F851E2B590CE17C8329
works/D034_PUBLIC_SAFE/audit/renders/english/page-07.png	184413	7B26C6A47FF743E9AD5A3A8E8F9E4D9FBFCD17F829EEB8B049AFD05928A36A43
works/D034_PUBLIC_SAFE/audit/renders/english/page-08.png	226302	5A8DFFF7055817ED1279524E9DC0AA1F8A0E36311265BD1ABEE6D1D9B909E683
works/D034_PUBLIC_SAFE/audit/renders/english/page-09.png	215197	E199D6501B5C812EA7D9A430FF3849A20AE1D4E9CAE00F59DEA612C80C6B8521
works/D034_PUBLIC_SAFE/audit/renders/english/page-10.png	203840	877B1B07B60C882FC150BDA8E017AB11ACFAABC8D44C3DAC72B0513507E5EEE7
works/D034_PUBLIC_SAFE/audit/renders/english/page-11.png	135264	8239B16B0699FDA6ACC31CD5D7FC419767C27A43CAAA64781FCE94FAD7A950F8
works/D034_PUBLIC_SAFE/audit/renders/french/page-01.png	130988	8D2CF5D0866A0665F07628DE018C7D18CEF7E0181026F7368F76BFB783DB5D71
works/D034_PUBLIC_SAFE/audit/renders/french/page-02.png	208877	8015D6CF86A05C59E9E492D94112D5363191404BF95C2B073F6966A7342FE743
works/D034_PUBLIC_SAFE/audit/renders/french/page-03.png	211824	E1D19B16D8350ED9EDE84A8AE41BA4E376D68C74671CD7FA60A9EDC19A9F50DB
works/D034_PUBLIC_SAFE/audit/renders/french/page-04.png	236619	91B9B55F76811FAAE4AAA591B79306A9A55354B5E14C894E0C9AFC60759C004D
works/D034_PUBLIC_SAFE/audit/renders/french/page-05.png	205968	96101C30CD892A835DE0C43B7E98316136CB8445DEB535871EDEF8AE018D3F0B
works/D034_PUBLIC_SAFE/audit/renders/french/page-06.png	212223	DD300ADD028E8160E6CD495FAAAB0F1F052E2EF1B7B7F1338DCEA8F9AA41EB63
works/D034_PUBLIC_SAFE/audit/renders/french/page-07.png	189036	4C06A099BA213E88D8CA239F811AC3E7EB25086AB9FC32A3665F3469BA920DA4
works/D034_PUBLIC_SAFE/audit/renders/french/page-08.png	235473	741C03DF4794501DB84F2AA93FF094E544BCDF024A6713E627B4E8FFD7C78C76
works/D034_PUBLIC_SAFE/audit/renders/french/page-09.png	225059	323B6F9F8BF8D1B7DAA4114B3329EBE2DD00FC1FD27DE237EF8D8EB3B944B397
works/D034_PUBLIC_SAFE/audit/renders/french/page-10.png	201452	5B6909001C380C5F531F27483F400BCA5518C82D774222189479693116B2B620
works/D034_PUBLIC_SAFE/audit/renders/french/page-11.png	137676	8F9CF556E5C5C4D01D5D1D264464A206C1DFB5D8CC070351B09C27BA38B01DBC
works/D034_PUBLIC_SAFE/authority_topology.json	2616	E5E10F2973A84417102365CFE50442A117BA39EE4219CB8C29A1843984C34DAD
works/D034_PUBLIC_SAFE/build/A/D034_english_translation.aux	151	EC3AE4B2E983F772277B42646511BBD64058D51904390825B7B95E628E5693F3
works/D034_PUBLIC_SAFE/build/A/D034_english_translation.log	23670	CD0818CAFA78B47E18043A5B3A3628369C6164B968583863ADE2BE39A2732632
works/D034_PUBLIC_SAFE/build/A/D034_english_translation.pdf	333371	0B48A39C60DF940FF1F20255B52862259B3D84B805D4264A121DB27D84BE751B
works/D034_PUBLIC_SAFE/build/A/D034_english_translation.tex	24169	C3DC24521E4F8F4BF40C1126E83D669337774A9C9097A2D8F959523496D6D486
works/D034_PUBLIC_SAFE/build/A/D034_french_diplomatic.aux	230	27DAA9577E01B7D883DB2A55A41EFF291F8AD8AFD0E699DEC119FCE7FC47921A
works/D034_PUBLIC_SAFE/build/A/D034_french_diplomatic.log	24328	825A2DAC95E1EF854FCA6C5A3D5BDC46FEC327F3D7EDB6EBC52ECEC4A3839EB5
works/D034_PUBLIC_SAFE/build/A/D034_french_diplomatic.pdf	337839	6377C1608282DB1BA6253E00F40BAF58B61CA0C33A0468A0EA6D832CED479FA5
works/D034_PUBLIC_SAFE/build/A/D034_french_diplomatic.tex	25202	5AF35D34E78FA359D9E64C41BEFC2E413644406995F185C5A07E7333CED19FB9
works/D034_PUBLIC_SAFE/build/A/D034_restrained_apparatus.aux	150	B20D1F52C309BE2E7FDC31ACF1DFCBA69124C8F56D04BF191DD9D934ACA2EF49
works/D034_PUBLIC_SAFE/build/A/D034_restrained_apparatus.log	22503	1155570109EAE6A9C2BF882C193DEDBE835F63B885195DB4C8C7733EC08297D7
works/D034_PUBLIC_SAFE/build/A/D034_restrained_apparatus.pdf	153242	A0F7B98AAE187898D61017483B724E3109E271E04D992A73C3AC702CC974A84D
works/D034_PUBLIC_SAFE/build/A/D034_restrained_apparatus.tex	9125	CAA132E0C5973D576C44434F5EDFC4CD2E066E4DA49411183B77E1CBD417A9CC
works/D034_PUBLIC_SAFE/build/B/D034_english_translation.aux	151	EC3AE4B2E983F772277B42646511BBD64058D51904390825B7B95E628E5693F3
works/D034_PUBLIC_SAFE/build/B/D034_english_translation.log	23655	2307DC3DD18E3FB373B451898ADD738326C2D91FF89388830257DFCCF75605F7
works/D034_PUBLIC_SAFE/build/B/D034_english_translation.pdf	333371	0B48A39C60DF940FF1F20255B52862259B3D84B805D4264A121DB27D84BE751B
works/D034_PUBLIC_SAFE/build/B/D034_english_translation.tex	24169	C3DC24521E4F8F4BF40C1126E83D669337774A9C9097A2D8F959523496D6D486
works/D034_PUBLIC_SAFE/build/B/D034_french_diplomatic.aux	230	27DAA9577E01B7D883DB2A55A41EFF291F8AD8AFD0E699DEC119FCE7FC47921A
works/D034_PUBLIC_SAFE/build/B/D034_french_diplomatic.log	24314	1BBE15524FBA5CB4EB0B1BE6BE31EDDB0B6A3AEC377F3B221C28BD33EC546AD9
works/D034_PUBLIC_SAFE/build/B/D034_french_diplomatic.pdf	337839	6377C1608282DB1BA6253E00F40BAF58B61CA0C33A0468A0EA6D832CED479FA5
works/D034_PUBLIC_SAFE/build/B/D034_french_diplomatic.tex	25202	5AF35D34E78FA359D9E64C41BEFC2E413644406995F185C5A07E7333CED19FB9
works/D034_PUBLIC_SAFE/build/B/D034_restrained_apparatus.aux	150	B20D1F52C309BE2E7FDC31ACF1DFCBA69124C8F56D04BF191DD9D934ACA2EF49
works/D034_PUBLIC_SAFE/build/B/D034_restrained_apparatus.log	22487	10F1C91755D4669BC6D964D6AC99F1F8643FB71A1F86731A38F5A886C079D935
works/D034_PUBLIC_SAFE/build/B/D034_restrained_apparatus.pdf	153242	A0F7B98AAE187898D61017483B724E3109E271E04D992A73C3AC702CC974A84D
works/D034_PUBLIC_SAFE/build/B/D034_restrained_apparatus.tex	9125	CAA132E0C5973D576C44434F5EDFC4CD2E066E4DA49411183B77E1CBD417A9CC
works/D034_PUBLIC_SAFE/build/DETERMINISTIC_BUILD_RECEIPT.json	2563	3043FFB2A0B61F156D6DF3E16665C1279B4D2358147B678F57561649E49E0F9C
works/D034_PUBLIC_SAFE/FINAL_GATE_RECEIPT.json	5924	28414EB41A0969BF7A74387651977E0CAE3488BC48A3D00268E9456F0EE4A881
works/D034_PUBLIC_SAFE/FINAL_GATE_RECEIPT.sha256	90	DE650141FBBEEF09271D4BC117EC13CCF02321C991B60C456956C50239EEFB52
works/D034_PUBLIC_SAFE/manifests/CANONICAL_FINAL_MANIFEST.tsv	9216	D392391FCCB1FF40C3A4F6B39D1A1EE71D299913711BB834E2546DA15C51A2C8
works/D034_PUBLIC_SAFE/manifests/CANONICAL_PRE_GATE_MANIFEST.tsv	9001	06B4A44864C7ACBF16121A40003399384714EABAEC6BA92A1FA2D41FB128F7FB
works/D034_PUBLIC_SAFE/manifests/INHERITED_ZERO_ACCEPTED_MANIFEST.tsv	5244	2B5924E854DE9D01BB56A789B7C93D58EC7469D5C71B9A5F2E1A11729135DE74
works/D034_PUBLIC_SAFE/pdf/D034_english_translation.pdf	333371	0B48A39C60DF940FF1F20255B52862259B3D84B805D4264A121DB27D84BE751B
works/D034_PUBLIC_SAFE/pdf/D034_french_diplomatic.pdf	337839	6377C1608282DB1BA6253E00F40BAF58B61CA0C33A0468A0EA6D832CED479FA5
works/D034_PUBLIC_SAFE/pdf/D034_restrained_apparatus.pdf	153242	A0F7B98AAE187898D61017483B724E3109E271E04D992A73C3AC702CC974A84D
works/D034_PUBLIC_SAFE/README.md	1590	4A216963B040D280358984F80F9194F450FCC260206C6050C9A4004371BD721A
works/D034_PUBLIC_SAFE/source/D034_english_translation.md	23903	1AC66BA7D3C5040B969B52EEDE9F960E41C9B83C7750AF0B01B4096A46771B1D
works/D034_PUBLIC_SAFE/source/D034_english_translation.tex	24169	C3DC24521E4F8F4BF40C1126E83D669337774A9C9097A2D8F959523496D6D486
works/D034_PUBLIC_SAFE/source/D034_french_diplomatic.md	24952	92263388F4278828C4B906410646ED3255C7631DB2292C01C7828F5A77F688EC
works/D034_PUBLIC_SAFE/source/D034_french_diplomatic.tex	25202	5AF35D34E78FA359D9E64C41BEFC2E413644406995F185C5A07E7333CED19FB9
works/D034_PUBLIC_SAFE/source/D034_restrained_apparatus.md	7548	27A89A4343F9401A79BD3C1653994CE17E2CBFE4CC37C302BEFE184B538BBDBD
works/D034_PUBLIC_SAFE/source/D034_restrained_apparatus.tex	9125	CAA132E0C5973D576C44434F5EDFC4CD2E066E4DA49411183B77E1CBD417A9CC
works/D034_PUBLIC_SAFE/source/D034_restrained_apparatus.tsv	7044	D7505A2E79694943F0F8DC5F97C34702037ECC268AE3E7023F518661E2D0D887
works/D034_PUBLIC_SAFE/tools/corpus_gate.py	14733	584058FEF0AAA75FD18B7856861340811FEB1CAFBAEE9BA07E027CCDF25FAED0
works/D035_PUBLIC_SAFE/audit/CANONICAL_GATE.json	11326	A91E5D5785ED98917A582961596E0559C02D64F62B0A53C6F0E5C8113E8E87DC
works/D035_PUBLIC_SAFE/audit/CANONICAL_MANIFEST.tsv	1715	94FEA541C0E8F6AF9BDF29A04CC12667568041F025AB2A031CD0F2E9C80F1826
works/D035_PUBLIC_SAFE/audit/FRESH_COLD_AUDIT.json	1668	7A548865FE56882BD04CD38E387765E01B6EB1050D7AF0163DA700E0903F3D66
works/D035_PUBLIC_SAFE/audit/PUBLIC_SAFE_INVENTORY.tsv	1583	3514C20A2698DF7D0B363C47B96D63E63FD611474ABFCFA6B11001E4B3636948
works/D035_PUBLIC_SAFE/audit/SOURCE_GENERATION_RECEIPT.json	930	DA123C6356E38FE83236A95BDF02645B24C3D81603D5429CA5793D86A5C11709
works/D035_PUBLIC_SAFE/audit/VISUAL_INSPECTION_RECEIPT.json	1992	26C02B83E5862372AF845C76881865FF76B7F02278D522001673CA489A935056
works/D035_PUBLIC_SAFE/audit/VISUAL_METRICS.json	30154	FE0725F81969C180720F0F811B64CD5BB9E86A243379CD225370D41446A536CA
works/D035_PUBLIC_SAFE/build_source/__pycache__/build_d035_canonical.cpython-313.pyc.LOCAL_ONLY_IDENTITY.json	391	2038B37E3A6CD73300440E9B12352B54C3F010A98DDA6520C086BF77E579C850
works/D035_PUBLIC_SAFE/build_source/audit_d035_canonical.py	18213	B425B04882FE89B4238CE10388BE642EDD6B4D27FE1CC04971DB31EEEF59009F
works/D035_PUBLIC_SAFE/build_source/build_d035_canonical.py	18059	1F495DC56D3D1E7AC442754EF27A17E229762A500C542AB7583ACAF82550CFFD
works/D035_PUBLIC_SAFE/build_source/make_d035_contact_sheets.py	3847	730A75820096555BB24D1406C9AB009EE21095E05460AE0A5256B5AA39DC9845
works/D035_PUBLIC_SAFE/D035_APPARATUS.pdf	93860	F09D794DC403456BCB2C03F2B4E81A9477BFBDBD0E2A1ABB35A6DB52A29A550A
works/D035_PUBLIC_SAFE/D035_APPARATUS.tex	27276	325F013EE39672CAE631321686FBDC6F3213AC4B63E9B4ABB80215CF672A0F00
works/D035_PUBLIC_SAFE/D035_EN.pdf	187845	E202510EC8C5A8AFD8DFC0E36DD5793826ECB0AC5C041ED1C237C17878AC474E
works/D035_PUBLIC_SAFE/D035_EN.tex	100246	9E903C6FD1E495DEF7F4DC58757F70674D919C8B497DD3E6BBA6D6457865BB69
works/D035_PUBLIC_SAFE/D035_FR.pdf	190358	78B429E53939903E7E43AAD9D33F8EC005B96B3A34DA74A3D0AE33704C121510
works/D035_PUBLIC_SAFE/D035_FR.tex	104035	9435C0736CA7AD2AFA747E25A4351BC4CACAF95BCB1E2693688712FF4B0CAB5D
works/D035_PUBLIC_SAFE/witness/D035_AUTHORITY_34PP.pdf	1511172	B65B39804DA147575D15CEFD37A681D586F500BEF3421CB27928D4F1550B2C0F
works/D035_PUBLIC_SAFE/witness/D035_COMPARATOR_ONLY_34PP.pdf	669855	58BBD3292082B126F8C96BD74B3F1455360831F389D1C150E534FFCDE9170D9A
works/D035_PUBLIC_SAFE/witness/D035_IMAGE_FALLBACKS.zip	9050736	B53D53A43E4D5EB3B1C12EB6E458BDAF2928A1758B2801B8170222AAD4C0E3B9
works/D035_PUBLIC_SAFE/witness/D035_ZERO_ACCEPTED_DIAGRAM_WITNESSES.zip	19843113	542174B82F6944E63A57A4D43F2CFCF771F95C82B9D239F576D20E0B9D50021F
works/D035_PUBLIC_SAFE/witness/D035_ZERO_ACCEPTED_PRIOR_WORK.zip.LOCAL_ONLY_IDENTITY.json	444	92B344FC8F397E5BC7BE38E87D832044D61A2E8BD24CD78680F015A2FCA028E8
works/D036_PUBLIC_SAFE/20_AUTHORITY_DELIGNE_D036_NUMBER39_10PP.pdf	543285	278125A52E24555349D7A7B56A5EE828FF2BC1952F752969B20E7BDD8228A74D
works/D036_PUBLIC_SAFE/assets/P08-A01_authority_three_stage_compactification.png	8128	C56F8E1A1003E8E3ABAF50C10EBBBCE52D960C46EA26777EB316F40776FED0BC
works/D036_PUBLIC_SAFE/assets/P08-A01_three_stage_compactification_present.png	8613	BF331BCDCE96F1A631DCBB5A16129096AD37A59A5F3F52015BC4C16B1C998100
works/D036_PUBLIC_SAFE/assets/P09-A01_authority_local_perpendicular.png	779	6F1994A6F4BEB872F06FDD0FE4A55FE86D715CD75AD53ACB6AC1EDF3837DE615
works/D036_PUBLIC_SAFE/assets/P09-A01_local_perpendicular_present.png	19026	36BE2EC8B6C37C83B63D8092E5DCA699F5F5C2BD108530A552665A28C891CFF5
works/D036_PUBLIC_SAFE/build_d036_canonical.py	10120	8E213AA290FAFC7F0F76B8F4F7E9F772BE0D463AD1C453C6AEB4AB7726E3241E
works/D036_PUBLIC_SAFE/BUILD_RECEIPT.json	1270	1FC738F9A89B90E6C9060C29E41A405E00F7B1B449C259614E04AFC2575CBC93
works/D036_PUBLIC_SAFE/cold_audit_d036.py	9558	48FAB2391BB0867E7FB58BAB73918BCDDADF2B1F2016492FBB1DA0E5401F0D26
works/D036_PUBLIC_SAFE/comparison/21_COMPARATOR_DELIGNE_D036_COLLECTED_10PP.pdf	239449	C44DE745E64EDF60DAECF02D635A1889A1A86051788B6618247D2A96BF189E03
works/D036_PUBLIC_SAFE/control/CANDIDATE_STRUCTURE_AND_REPLAY_HAZARD_LEDGER.tsv	2445	E7CB3AA614C6988DE79E0D3A1F015DF0F52339D420DEBDDA0C3442466D63734E
works/D036_PUBLIC_SAFE/control/D036_DIAGRAM_SELECTION_INVENTORY.tsv	9767	618DF9BCC3C7D881F6EC76B7861C076035A225E73B24D6E75C1BF9B4E48E5E0B
works/D036_PUBLIC_SAFE/control/PAGE_MAP.tsv	2946	F644265DBF3159E42C7E1DE62CD9BBB76CE0083466673CD05483E6E6A503B06A
works/D036_PUBLIC_SAFE/control/SALVAGE_PROVENANCE_LEDGER.tsv	1045	6583D1929DED5E25B623059032BCF4FF2D42B4888843D67D0BFABA7BFD027D60
works/D036_PUBLIC_SAFE/coverage/coverage.tsv	4391	3AB7D2C5EE89C8387024D322886B209A97C1FEBFD1F6EDEF15A1382CB9199E53
works/D036_PUBLIC_SAFE/D036_APPARATUS.pdf	56276	A00FA6B21BA710316C47342029210D233C6D747C8E4C6849B912B75D4933011B
works/D036_PUBLIC_SAFE/D036_APPARATUS.tex	10019	6D7D04EBBE54FF59B7633E00C4A7B342731E54E255CC20B94BC55FD9B52F611B
works/D036_PUBLIC_SAFE/D036_COLD_AUDIT.json	7520	A9046FBB7ABC3FDA0DA4A4B62B9BDB0A64FFDED0F48D841BC38F20C5F5D1F41C
works/D036_PUBLIC_SAFE/D036_EN.pdf	87475	3D678FF9F6259F0147135A581ECD33DC16B60323747EC6FBD8828025D248A8CF
works/D036_PUBLIC_SAFE/D036_EN.tex	37182	BFE095C49D3252B5917315953AAF569A10F8D6F60BACD42F8FB3C3904925B777
works/D036_PUBLIC_SAFE/D036_FR.pdf	88549	AF8BAE906185B24BFCE455336F34317AA625B0D2E5696B3F2B44132092AB9BC4
works/D036_PUBLIC_SAFE/D036_FR.tex	38281	2C845AE7BAF2DC8FCA4AF43D70A971218982030CD3C43E37065A7063758EE071
works/D036_PUBLIC_SAFE/D036_INDEPENDENT_SECOND_REVIEW.json	1905	08512B56DF43AFAC0D6A5FEEE65107E3F6ECDC0CF1125552559D2FAF28E91141
works/D036_PUBLIC_SAFE/edition/apparatus.ndjson	10437	C86230213A7CCA0BA329452228963105DF6235E373B382EBAFEBD368A83B797D
works/D036_PUBLIC_SAFE/edition/asset_ledger.tsv	1356	C0E6ED95786749B0523B0895D9EFFE28CAEAC5457DD919A4D6CBC1C4BBC7147A
works/D036_PUBLIC_SAFE/edition/candidate_comparison.tsv	4812	E0F979E9ACA393191E34DD7B75FF76BEA8D2A1DA355F81C43602354A9B79E101
works/D036_PUBLIC_SAFE/edition/diagram_locator_review.tsv	5764	C501F5EA76040C0A37A880B5080B11D76FF4CD18697147987CDB6E73B8186141
works/D036_PUBLIC_SAFE/edition/english_translation.ndjson	28772	EC47417A832BC8150DD23BE04B5F6461113085C548AD490CFFF58057E4936EAD
works/D036_PUBLIC_SAFE/edition/fault_replay.tsv	2156	C6E3EE71045BD3EF68EA19812B60F3AF3415FE5635258850FFE2D7880CC987DB
works/D036_PUBLIC_SAFE/edition/source_french.ndjson	29867	4A80795A81ED69B67D4432AA28FAA126ECB1D42A93E5838092953C15AD8686A9
works/D036_PUBLIC_SAFE/edition/translation_alignment.tsv	2793	E32D8E91A36235A2F9C9CA9D19DA4C72B731EC6585F57CB676158A6054941B0E
works/D036_PUBLIC_SAFE/WORK_IDENTITY.json	1431	0CBF7D5D99A9231D9BB794D342D2D7BC93A1F1CD0105CA6D8C8E942805AA8E0E
works/D038_PUBLIC_SAFE/audit/COLD_AUDIT.json	7165	2BADE757C597371B75B56E7D8D4489CFA889B03BE78AF637E269676A8FE457AD
works/D038_PUBLIC_SAFE/audit/COLD_AUDIT_PAGES.tsv	19764	29B9571D88EC0209A0AF9AF2909CB85D51176AA83F3EC518EE18DDF66ABE6846
works/D038_PUBLIC_SAFE/audit/CONTACT_SHEET_INVENTORY.tsv	2339	8119572A8B6C57718D40BDB1CF8778E733B788D98852D65DB751C72871856E27
works/D038_PUBLIC_SAFE/audit/RENDER_PAGE_METRICS.tsv	28207	61A5EEB8ABFFE92E37091F4A60B0942DBFF52E926D7778DC62F16FB4792500E8
works/D038_PUBLIC_SAFE/audit/RENDER_QA_PROGRAMMATIC.json	679	6724A10958CA33937A8BD11486A0BE3704B87F283CD5206565D50ABC9674E227
works/D038_PUBLIC_SAFE/audit/VISUAL_INSPECTION_RECEIPT.json	8011	892DB1020A3ADBEEDFBA930F1E0D6FE75E6C40E85DE3DC37954BF4F1E6141C86
works/D038_PUBLIC_SAFE/authority/20_AUTHORITY_DELIGNE_D038_NUMBER37_58PP.pdf	2288101	07B0FEA2D9A674C6DD4894E1A97A617C5DDBB6BDC2CB190DDBBC8F7A77856FD0
works/D038_PUBLIC_SAFE/candidate/assets/authority_pages/p001.png	26695	A43B48958006B19FD59CDF3608031505E3091E44D1915524211BE12E20615A59
works/D038_PUBLIC_SAFE/candidate/assets/authority_pages/p002.png	67072	4B1DF95773FE725546A6E38CE234A7B5761DD42E411283A392C89CA18E6F144D
works/D038_PUBLIC_SAFE/candidate/assets/authority_pages/p003.png	70003	BBB96F5512590FE8D50E449CB5FFD0D41EFCB66E577EC114B8464A94BE466DCA
works/D038_PUBLIC_SAFE/candidate/assets/authority_pages/p004.png	51442	DDA6F67C0EA8AE28E2094FDB9ED691396A3EDD3DEB094A2FEBD7F0580F938586
works/D038_PUBLIC_SAFE/candidate/assets/authority_pages/p005.png	55663	3362AB0EE4DE0A288A630881637FEFB51B47DD2724D27721C2A4F1E5E495EBA3
works/D038_PUBLIC_SAFE/candidate/assets/authority_pages/p006.png	53209	BEC06913DE8E0B88AABF8B9B6FE2742F6C7A5DBF1EA7B5CFF7E4D988E4FB09F9
works/D038_PUBLIC_SAFE/candidate/assets/authority_pages/p007.png	38528	2D5A93D726BE2FEA82D380DD29A3A6503E1EF21CD446BDA805FD945ACDE3C3E7
works/D038_PUBLIC_SAFE/candidate/assets/authority_pages/p008.png	53773	92F80E99947E31DBCA7C75176AEABE87CDEB022D5DF782998469A877C92AB4D4
works/D038_PUBLIC_SAFE/candidate/assets/authority_pages/p009.png	62869	13AA21F5CD8CBA2C9F6C029CB79A9DC9F05B1E52C2AAA17E4E9D55BFCD4E043B
works/D038_PUBLIC_SAFE/candidate/assets/authority_pages/p010.png	54487	9366E9F0E1E2AE87603958BAF1A3EB738674731BE8C5D7682E78494068178D64
works/D038_PUBLIC_SAFE/candidate/assets/authority_pages/p011.png	64601	E466E136DA4587029A67B9F2E1D95DB82D21F9DE144C6A6993CD5621C46E44CD
works/D038_PUBLIC_SAFE/candidate/assets/authority_pages/p012.png	55027	8DBC98CCA34991D8B702826DAFC2EA67CB3ABDEF1003FE51782320387E0BC7FA
works/D038_PUBLIC_SAFE/candidate/assets/authority_pages/p013.png	61011	986B4B58C3F15F54319A4EC60CE96BDAF33729EB677951A01277E96AC341A1D9
works/D038_PUBLIC_SAFE/candidate/assets/authority_pages/p014.png	61672	5C4DBD61BB2631E57E94BF0A05C8A9A41BB070D5DF6DFF496A9059FAC350366E
works/D038_PUBLIC_SAFE/candidate/assets/authority_pages/p015.png	51447	6C80F9C365E84C5E381FA7A8260A89318C13822FA66BCC8B1CA7F47B92FB97DB
works/D038_PUBLIC_SAFE/candidate/assets/authority_pages/p016.png	60921	2FFD96C90AB072269ED854201CEC02D404A45BD08B4F6658A683F9095404B1E8
works/D038_PUBLIC_SAFE/candidate/assets/authority_pages/p017.png	54821	605247414EDA84467C1E3C03B9A9C41CEFDCBF6E9CD2B90CDE2D4F58BFCF5FD3
works/D038_PUBLIC_SAFE/candidate/assets/authority_pages/p018.png	52878	44F6B6C69DBFD645042CCB32238DFBE265BFEFD41202F61372CD277BF2181EC0
works/D038_PUBLIC_SAFE/candidate/assets/authority_pages/p019.png	53406	DF03676C61418D82BC79565811317FBF51B9FDF590E258DB53C9A4DD0C5E786D
works/D038_PUBLIC_SAFE/candidate/assets/authority_pages/p020.png	52649	0586E00C0B1537550DFEA75A890B090409EE004478CA1F11AB01F870FE306793
works/D038_PUBLIC_SAFE/candidate/assets/authority_pages/p021.png	47869	311F25BD1E305CE70C2DC7305E666ABC9838C62759386B53935D900AB84CB8FD
works/D038_PUBLIC_SAFE/candidate/assets/authority_pages/p022.png	50958	8DBDE26F85773BD5997C8A2D218D335F7E67963DD9301347DA1C1E79E5CF3659
works/D038_PUBLIC_SAFE/candidate/assets/authority_pages/p023.png	52717	A213D0586333304C0413EE4F504DCF4D87515562E0E32C51D8152E745C7B1547
works/D038_PUBLIC_SAFE/candidate/assets/authority_pages/p024.png	51374	2F9B0E15525E7D48F2FF05A52DE681FE488D37C9FDF925F0D6C29E1CEA992E09
works/D038_PUBLIC_SAFE/candidate/assets/authority_pages/p025.png	55389	CF738B80C733F07F7CE57CC66486E3A36BC12806FB7C38124D37F1C0CEE93C17
works/D038_PUBLIC_SAFE/candidate/assets/authority_pages/p026.png	48088	CC519797AC7790A9E89CA355B18D112877D8E709E8188337563EA0C711496494
works/D038_PUBLIC_SAFE/candidate/assets/authority_pages/p027.png	65398	24CB923B1200A5C85EC666866C2083AD8B05DA3941AD471F750AC6C4A0529DD5
works/D038_PUBLIC_SAFE/candidate/assets/authority_pages/p028.png	58000	E02EA69BBA81C4B9344FA85455A42581305515E5E91889FFAD9E599EB8619788
works/D038_PUBLIC_SAFE/candidate/assets/authority_pages/p029.png	50455	11EBF5763EB979DD88EBD27049BB61124AB51CC4042AE7168F77A0EB618B7545
works/D038_PUBLIC_SAFE/candidate/assets/authority_pages/p030.png	44201	C085BD548ADB221B82AC52E5A3C34318961AA0BD988D0AB6542816D258CB8926
works/D038_PUBLIC_SAFE/candidate/assets/authority_pages/p031.png	47601	BA0B9A7F71A2F624D1AB57107959EDDAC3D7CA80C30936B93677B6694CD05C1B
works/D038_PUBLIC_SAFE/candidate/assets/authority_pages/p032.png	62976	BA96818286F00FC559B425BAF21CE03B3E4D6482B4A3AB7D046E8CB3455F56F9
works/D038_PUBLIC_SAFE/candidate/assets/authority_pages/p033.png	66537	3B793176F0EED50D112B314DFCDF184D72697E0D080732C7F378A916FFBA0C9B
works/D038_PUBLIC_SAFE/candidate/assets/authority_pages/p034.png	51917	B378EC239E86CBAC5D1F858F058550C0C711321248884F61E859CD2465E65D8E
works/D038_PUBLIC_SAFE/candidate/assets/authority_pages/p035.png	50947	04A5E67FC9F47BAFED0D83054BD6400F08D66658C9A2BC2D64A452919C8AE8DB
works/D038_PUBLIC_SAFE/candidate/assets/authority_pages/p036.png	62143	6E454E5EC6E8197B791AAAA472246EC605FCBD7E1F27BA836ADBFF6E9FB42BF9
works/D038_PUBLIC_SAFE/candidate/assets/authority_pages/p037.png	59392	EA54334773ADA2702804A3B96F0989E5DA4A65470276C70647269342BD82C46D
works/D038_PUBLIC_SAFE/candidate/assets/authority_pages/p038.png	58996	D322119B6B8B16DEEF859BA673BC8AF97C3B7F801642FF934BBBEBFA544AF92E
works/D038_PUBLIC_SAFE/candidate/assets/authority_pages/p039.png	46619	DFA1EDD7AECEB414C4B7543A2048D5CCC1110CF692C6626C93EAF944A5366038
works/D038_PUBLIC_SAFE/candidate/assets/authority_pages/p040.png	55802	6A0F5D8563E391768CBB4D18D0541B4A613E5137761302E0400F74F9F99200C4
works/D038_PUBLIC_SAFE/candidate/assets/authority_pages/p041.png	49830	E59EEDBA9FF0972B5C05CBE4A69C1D91C1DC9DB5296D69C0D71FE6CA1136F52B
works/D038_PUBLIC_SAFE/candidate/assets/authority_pages/p042.png	56790	7C3BA4A4B88D94A89B6B37121DB8C4D25D613373CE42030BA10F66B446D8EA90
works/D038_PUBLIC_SAFE/candidate/assets/authority_pages/p043.png	58087	DA04E6A1507D089AD9005F2C17A955C271929FBDC5134EC311DE60333605CE4D
works/D038_PUBLIC_SAFE/candidate/assets/authority_pages/p044.png	58318	A5D94A21D3DAFB5FF982D0D9ABF39A96FA6A411E3AC7323DB14C01CB2B20484F
works/D038_PUBLIC_SAFE/candidate/assets/authority_pages/p045.png	49498	CFCA0D70F72E11F9D350DADFEECEEE4C8D95217EC420AFDDA5DCEC05594BF565
works/D038_PUBLIC_SAFE/candidate/assets/authority_pages/p046.png	56741	1C2D56D51A6738A7183E5C3C3091425A74CB05C5BE334459CDFD18414B76DFFE
works/D038_PUBLIC_SAFE/candidate/assets/authority_pages/p047.png	63311	40F7007E414A4556A04C8F24F6C288E9E78540C15C3A471535AFEF7051A3C69E
works/D038_PUBLIC_SAFE/candidate/assets/authority_pages/p048.png	27839	643B85EA5E7A5AC6B45E345E1B8F8A262C0C9B423CE199452C6232445DA7F1B8
works/D038_PUBLIC_SAFE/candidate/assets/authority_pages/p049.png	43153	C8F487A598ED77B1EAED50B7EFACC0B792C84B8BCC14C7AC34363E371D29FC35
works/D038_PUBLIC_SAFE/candidate/assets/authority_pages/p050.png	56514	5D94AC44078559382505D77D911895235517F855C60DF640FB0DDF055BA9070A
works/D038_PUBLIC_SAFE/candidate/assets/authority_pages/p051.png	40136	28704E9FA1730F8730EED0330BFCA46DBBBFEB48FDC9D0048A6C9D9381501C30
works/D038_PUBLIC_SAFE/candidate/assets/authority_pages/p052.png	43606	3DF60D96FBABAEDB880B0DB071F6BD8241DE05F0423BDC8ECEC3A5C11F476B90
works/D038_PUBLIC_SAFE/candidate/assets/authority_pages/p053.png	42667	EE24E3F042A1DF8CCC4E6BAD59CAFE0D969A36C78C174887427B173AC076D030
works/D038_PUBLIC_SAFE/candidate/assets/authority_pages/p054.png	40182	316126817E4AF66A80FFC16F5D073806243F11806550BDA59A56AF428198D630
works/D038_PUBLIC_SAFE/candidate/assets/authority_pages/p055.png	47369	6EF85513598BEAB400F0472726EB6FE0D265F087862A847F5442DA4653C0E55F
works/D038_PUBLIC_SAFE/candidate/assets/authority_pages/p056.png	55507	8880FA4CE3B21341B9DE6B411F65CED2C06B887B843BD46F8561C5C1DF5BB232
works/D038_PUBLIC_SAFE/candidate/assets/authority_pages/p057.png	47581	0D26ECF70ACC3D6331AFCFAA69E6C87FC1DE9C1F853C839C5FD4CAFD9A5CE4E5
works/D038_PUBLIC_SAFE/candidate/assets/authority_pages/p058.png	18024	4D0CF31FF07BA6CF28FFACB686A5505E4A45A5FD04FA684A7A327AC0B1AE73F3
works/D038_PUBLIC_SAFE/candidate/CONTENT_MAP.tsv	40252	0D0E197D542D0B0970D87F52535816CD8EF8CE15A5372D5526F56D12FE98A5F5
works/D038_PUBLIC_SAFE/candidate/D038_ENGLISH_CANONICAL.pdf	366544	E8796011E3D59B5A6AB5A30C08C0054296AAEB62032E98CA88272AE382CA596C
works/D038_PUBLIC_SAFE/candidate/D038_ENGLISH_CANONICAL.tex	207117	BAE50B82D60B57C21CB381F2E43D425E383C9C9FE199F8068E6C075EF2167AFC
works/D038_PUBLIC_SAFE/candidate/D038_RESTRAINED_APPARATUS.pdf	216285	81FA71558CBEAC92D457EA29C52F5D422FD0644C9D14597B25FC2AC5F8C0DC8A
works/D038_PUBLIC_SAFE/candidate/D038_RESTRAINED_APPARATUS.tex	102047	233C01C22AA82ACAD31CBC41B3F8FAE6937C4147F07B86EF6D786C3B4185E51F
works/D038_PUBLIC_SAFE/candidate/D038_SOURCE_LANGUAGE_CANONICAL.pdf	374006	95CC5FBD7B97911BF1FE8707C02D9E5AB3AFC58563801A1C03BAEDD309D096E9
works/D038_PUBLIC_SAFE/candidate/D038_SOURCE_LANGUAGE_CANONICAL.tex	210680	45CE5F35407A1414379F219AF79E7B833D691A4D8E2C5ECABBAC13A7CD3C36C6
works/D038_PUBLIC_SAFE/candidate/IMAGE_FALLBACK_MANIFEST.tsv	9294	60C97AE0F2B4D799DAABA68864654BC36811009AB03ED8A85F7B7E85A500621E
works/D038_PUBLIC_SAFE/manifests/BUILD_RECEIPT.json	2344	994D13467C0230AEAEBFE7D93DE3B8BDA953D13EFB791D798D14F965898D4678
works/D038_PUBLIC_SAFE/manifests/CANDIDATE_MANIFEST.tsv	6485	A63DF34B69C80C3E675C97C01946CF7DD4646EBFCD0E2D376912C83DCC72290A
works/D038_PUBLIC_SAFE/manifests/FREEZE_RECEIPT.json	450	40A3A33CD53048D7E76028663DB46779881ABFED5DD79EB5116D849EE776C1B5
works/D038_PUBLIC_SAFE/manifests/FROZEN_CANDIDATE_MANIFEST.tsv	7453	93FBF5E1D1102973F310C60E097086ECD8F017D18E4936AE20303E9F319C83DE
works/D038_PUBLIC_SAFE/manifests/GENERATION_RECEIPT.json	2033	2BC4FC8F6A87D3FD2DFC748C26B16235716B86008421545349C7F5EFB14692B3
works/D038_PUBLIC_SAFE/manifests/NORMALIZATION_REPRODUCIBILITY.json	1302	D2A6B804702DE466D3F81A7EE3267F385F7C4BDAF13467DEA38688D30BE9E133
works/D038_PUBLIC_SAFE/PUBLIC_SAFE_INVENTORY.tsv	13141	F7EA417EFFA21DF043DDC48825544601EC19A14F1D26C2E4DD6392BB59460670
works/D038_PUBLIC_SAFE/TERMINAL_INTEGRATION_RECEIPT.json	5044	9EC2F0EF2E4DC04389A4EB8749D4DC2433D735245022EE93EA10BD7FA855B4EE
works/D038_PUBLIC_SAFE/tools/build_canonical.py	36444	571E840276F2928D0472B057B11055EEEE2E24A9D946425A992A586B5B06C673
works/D038_PUBLIC_SAFE/tools/build_pdfs.py	5638	C3CF375132279FCCDDAC3241E64C2BD3E978601703E65337651D024A776148BD
works/D038_PUBLIC_SAFE/tools/freeze_candidate.py	2795	F0B64939B73F0FD8C1F527FB5DC82275F551354F03938E42F04EA8B66D283541
works/D038_PUBLIC_SAFE/tools/independent_cold_audit.py	40472	F36A8B2BD682280CE3E778C6345B755F476923ECD3B6AA883AA40F08373C100B
works/D038_PUBLIC_SAFE/tools/independent_packet_audit.py	17540	15B90A102F1C2F82301AE04883ED9CC63A40625804A393E0E3D69D56F80662B0
works/D038_PUBLIC_SAFE/tools/make_formula_triads.py	2353	E8BD57AD7A19517AF53887640D82733D9587653ED5B0C4C9F801D3B8DB75EB8D
works/D038_PUBLIC_SAFE/tools/render_frozen_candidate.py	7028	1BEBD89C4502C04D77EE61A6E5EFAA20A5BB24CE8F2BEA4C52A802C4647FADBE
works/D038_PUBLIC_SAFE/tools/reproduce_candidate.py	5883	8BA9C1E21D9D2359DD86F9CCB9AB81915D0EB6F472C34D47885271D8AC8FBF7D
works/D039_PUBLIC_SAFE/authority/D039_AUTHORITY_NUMBER36_22PP.pdf	910610	CAEA4D901D59143B5A005ADBFF0B6BB3B7A854EC9CC57C25ADCDE15EBBF26D79
works/D039_PUBLIC_SAFE/authority/D039_COMPARATOR_ONLY_COLLECTED_22PP.pdf	387093	974579AD0096CD427A0F9E8BFCA718873F9BA7D75E043F393F09CCC4EE2E8D6F
works/D039_PUBLIC_SAFE/output/assets/source_pages/lossless/p01.png	42719	74FF38A78A0F44EFDD638CF91F7A6C444F7CF64B00F9A6288D534CAD6B506DBA
works/D039_PUBLIC_SAFE/output/assets/source_pages/lossless/p02.png	44435	40BB58860CB2E2229FAA786E1FC618018A47C1ACF9904AA6179452E9A68E33AB
works/D039_PUBLIC_SAFE/output/assets/source_pages/lossless/p03.png	52829	F617B75F27D8AC4F8833C7D9B47962080CB721CE56B1B05A2AFD32EC6916C4D7
works/D039_PUBLIC_SAFE/output/assets/source_pages/lossless/p04.png	58424	FDA49730F8523EB014B9EAA4A1EDF19D26A0EC65BA338CC80F951D45B18A9FEA
works/D039_PUBLIC_SAFE/output/assets/source_pages/lossless/p05.png	61991	224FF2C7FABFF903F59EAFEF30DCF984DF938619B664A26CCA67A9CAAAE8D6EF
works/D039_PUBLIC_SAFE/output/assets/source_pages/lossless/p06.png	62368	15AFA77A191814508D969E187FD61E7BD00D9667039ABB8B467BFF33B7EA58A7
works/D039_PUBLIC_SAFE/output/assets/source_pages/lossless/p07.png	61274	A3FE950FB694FB99C2649DF1400C95AC4F5734562824E9B7E25F6E4F86AE45BE
works/D039_PUBLIC_SAFE/output/assets/source_pages/lossless/p08.png	63513	50B8C3017CAC8E2AC5A0D0376CAC04DC1ACA9BBF86E2B8954AB744EF0E0BF8C4
works/D039_PUBLIC_SAFE/output/assets/source_pages/lossless/p09.png	54190	8CD0406AAA8629084F4422A5CA0C85060E485128E1974F582F8D0BAA97F829D9
works/D039_PUBLIC_SAFE/output/assets/source_pages/lossless/p10.png	57279	304C8988D10B65819D1DADB1CE82609BA7169FC7C1E54C349BA8CD68F3ED5A74
works/D039_PUBLIC_SAFE/output/assets/source_pages/lossless/p11.png	54045	9C66E3F76CF676BD12CD848C7D84B0EA8659D1D47BA6235A7807985DB73E28A8
works/D039_PUBLIC_SAFE/output/assets/source_pages/lossless/p12.png	50687	605DECB5BCF668F9C49B0D2B5DB31AA0681AE712A76C7F366F31280DB6B8D971
works/D039_PUBLIC_SAFE/output/assets/source_pages/lossless/p13.png	63716	C8A66F6D4EC739786F7A3B67B3BB3B187165B374776A9FB60740D10DD80F42F8
works/D039_PUBLIC_SAFE/output/assets/source_pages/lossless/p14.png	50143	5EE39B92933DBB6C18E1D9925103872C05C819CEA8E036586689207947C4A468
works/D039_PUBLIC_SAFE/output/assets/source_pages/lossless/p15.png	52835	3C92577CF61BAA5BE65DB9C2D9C8C77C8D368704960680D9AF7925EC97D4F0C4
works/D039_PUBLIC_SAFE/output/assets/source_pages/lossless/p16.png	46605	8056D7C5ADAC22BC66F598584E417D657A156096B4C2407687E36B5E39F0D2E3
works/D039_PUBLIC_SAFE/output/assets/source_pages/lossless/p17.png	52015	B18D407FBCBD746580CA7223F3E10141A6B35E3E29A93E32F1D69DB0B1625AC2
works/D039_PUBLIC_SAFE/output/assets/source_pages/lossless/p18.png	63266	8FC695DEC20AE3E5FE779A4619AE0B539F4338FFF95339442213F979D9D53870
works/D039_PUBLIC_SAFE/output/assets/source_pages/lossless/p19.png	40479	023FB9E68E0FAF1885AE3642104E400A17670045C1182D5B95D2A6F014BE7F88
works/D039_PUBLIC_SAFE/output/assets/source_pages/lossless/p20.png	60238	FB50A36A099887D299901F7EF78664415D4CD03F900000349C58860B8EACFD31
works/D039_PUBLIC_SAFE/output/assets/source_pages/lossless/p21.png	60464	FF2E54AA4594F8124B3803CB754BDD4D65BA82F674B8FFB4B3BE357C76ADAB78
works/D039_PUBLIC_SAFE/output/assets/source_pages/lossless/p22.png	65828	BD98338B7C82A56B15763F8DF1FD3A5A6219565F28597381E08FDFDFA56B98AA
works/D039_PUBLIC_SAFE/output/assets/source_pages/presentation/p01.png	62257	BEB999EB0BFEA157FA70106A5BB710DA60DB03E644D94998C780F6A7C8D675C3
works/D039_PUBLIC_SAFE/output/assets/source_pages/presentation/p02.png	63423	2514AECECDF734656C0EE0E0DCF35989BCD929646B680B82E523789A91870A03
works/D039_PUBLIC_SAFE/output/assets/source_pages/presentation/p03.png	75066	C96CCC2B5CD2B1B50AAA0E0C08816FD234189554A7295AE5E6F8FB08C40BA107
works/D039_PUBLIC_SAFE/output/assets/source_pages/presentation/p04.png	82101	CC3ED7F3B8024CAA93627D2EA18C60A69F7839D2FD9F9B2E3E8AF859C44766BB
works/D039_PUBLIC_SAFE/output/assets/source_pages/presentation/p05.png	86670	8BD6869DE5947BC9CAD143CF9CC6B207A23FE954A738D1119D94B0E6A622FA62
works/D039_PUBLIC_SAFE/output/assets/source_pages/presentation/p06.png	88109	2F575F5AEB1EF32A659184B31197F6906474386106EA8F1EA53204F0FC58E487
works/D039_PUBLIC_SAFE/output/assets/source_pages/presentation/p07.png	85621	48E7F80E428BAC700FEAD2B4C8602F6AAB1E84F52D45588F7EC1B2FA4659B48F
works/D039_PUBLIC_SAFE/output/assets/source_pages/presentation/p08.png	88532	BB04C9F905D847F5C9E90FA767A1078DC9A9D5722461ED4A375AFF3305736027
works/D039_PUBLIC_SAFE/output/assets/source_pages/presentation/p09.png	76725	B20069B972C642F257EE02DADC395612560D735879508EE5678402D7DC581B61
works/D039_PUBLIC_SAFE/output/assets/source_pages/presentation/p10.png	80037	E446C50BE7181A1B5D1CB79AE9DDF600126BB1E01E50908D441467C487412409
works/D039_PUBLIC_SAFE/output/assets/source_pages/presentation/p11.png	76276	91F6CEF24D9B844EA8EC9CA5A982181FE5319D803C40A70ED8EA63B71BDB0F5F
works/D039_PUBLIC_SAFE/output/assets/source_pages/presentation/p12.png	71488	474F5535416E4FA75FD3C613F6775216C36A9BD54A05E5FEA9510F00836394F1
works/D039_PUBLIC_SAFE/output/assets/source_pages/presentation/p13.png	88306	58CF8F08DEE2CEC1DE59BD99255593AD25CC5068BEA33AE6B9F12E269C1B45B1
works/D039_PUBLIC_SAFE/output/assets/source_pages/presentation/p14.png	70551	D6F8F5665A11923150D86FC6E57F7792D48151BB8BA816032980E36453683E7B
works/D039_PUBLIC_SAFE/output/assets/source_pages/presentation/p15.png	73718	46FD4CEB3EC306CFED35CFE63FD4DA628113618B7CDEE2EB4441955F2271795F
works/D039_PUBLIC_SAFE/output/assets/source_pages/presentation/p16.png	65970	0C35AB6049F8440FA79799F7D2A5D9B2C2C2D49150EC5F60D5C21D8C087C3A61
works/D039_PUBLIC_SAFE/output/assets/source_pages/presentation/p17.png	73929	6275C1D60A2C5F0D8F13F3302FB30FCCD2D9DB3233EF9841B78B737873BBC130
works/D039_PUBLIC_SAFE/output/assets/source_pages/presentation/p18.png	87758	6FAE95FB08949EB309855A985DDB6FAB4F4D6A89FF3D0CD6022B0BACEEEB30F4
works/D039_PUBLIC_SAFE/output/assets/source_pages/presentation/p19.png	57818	5076EA5E449CBDCF4CB1936C1B60B373636A301A35A6FB1AFE3879495D274E4A
works/D039_PUBLIC_SAFE/output/assets/source_pages/presentation/p20.png	84157	FDBA6D04B98780A98BE300AED17085066753F0FE08C905419E4018CFEBA6D29E
works/D039_PUBLIC_SAFE/output/assets/source_pages/presentation/p21.png	86054	3D621CAF8E2FD2D0F938D911FBDF25CC0A1B42ADC66D61CDE9A39AFF5499BDE5
works/D039_PUBLIC_SAFE/output/assets/source_pages/presentation/p22.png	93537	DEF9D6DACFF81D2D7228C9C2CE1A51F38040C3F552848227736F881DBD1DE5B0
works/D039_PUBLIC_SAFE/output/build_receipt.json	8948	AFD192A292E31D5542739E71F188E84094014569E83DCD15448F28A06BC9E168
works/D039_PUBLIC_SAFE/output/copy_matter.tsv	422	84F5CEC87B616A3EFB6294730F27123CD98420DA3CD1B1E95C10DA096234E6E6
works/D039_PUBLIC_SAFE/output/page_map.tsv	6015	8DE5CDA4DEB377C72CFC5656287BF943E97A69C99051E238782291A95EBB627B
works/D039_PUBLIC_SAFE/output/pdf/D039_english_standalone.pdf	339640	229FF188A363F59DFE02C7A29BAEC791A46F30FCF2B81F855C8BA98693F18743
works/D039_PUBLIC_SAFE/output/pdf/D039_restrained_apparatus.pdf	142868	3C7F8295E095494CB9E3851CD02A43DB7119825237A269FE3CCA34352D00548A
works/D039_PUBLIC_SAFE/output/pdf/D039_source_language_normalized.pdf	421309	8956B4C58AF9BEE6883C16CEAB7CA50217194A68F90C6EDBECD8007A5EBD64AE
works/D039_PUBLIC_SAFE/output/source_image_fallback.tsv	10402	2660B0DE5A916801748F744F5796F507E6CFCAF2B8BC9B59ACDC5DE09431C5C4
works/D039_PUBLIC_SAFE/output/tex/D039_english_standalone.tex	46443	09856A59D1E7CDE505DBC2D896C1BCBD0EA4E756B89B5C0C9991417B1A13855C
works/D039_PUBLIC_SAFE/output/tex/D039_restrained_apparatus.tex	20557	4EBEE798BEC04C332DB3EAABFAE478BBBC2778AD877B3E051722EC37D43BFC90
works/D039_PUBLIC_SAFE/output/tex/D039_source_language_normalized.tex	49650	9B55F41A4983747FF82748679F564ED274910FC95AD3A6609DBE178D3A09390F
works/D039_PUBLIC_SAFE/PUBLIC_SAFE_INVENTORY.tsv	7348	BBBE9A6BC62D700638EECDFB9CB0F3B55A1F3C6A9494E571EC30AB80F10DC9DE
works/D039_PUBLIC_SAFE/qa/asset_parity.tsv	3312	F4B6293F97BD5EF98D89FC90D5D07C64A7C182D2512579E2E4DF137DA12846C4
works/D039_PUBLIC_SAFE/qa/authority_page_identity.tsv	2380	632B0D65EE5BE5D34DFA27B7F927F3ADDBFF782903DF8F987FBF279C6CB9F92E
works/D039_PUBLIC_SAFE/qa/build_receipt.json	988	64C8302819E9E4EF552647C9EFBCF0AD6F8393BDBCB06D45A60C3668A7A86467
works/D039_PUBLIC_SAFE/qa/final_independent_gate_receipt.json	2671	0AD8A8830EBCCAEE8320791B745AD4184AB6D13D88358DB1CAC62B82C5CEF8B2
works/D039_PUBLIC_SAFE/qa/final_independent_gate_receipt.sha256	102	D5E0E385C439F95C2A572D75ACB8F827D825B6E4AD3DD99341C89D166A4EB155
works/D039_PUBLIC_SAFE/qa/formula_page_parity.tsv	935	24C0AD25E3F7CCD27B3F294B558CB48D1C9655987081B127651BA3492A7D51BE
works/D039_PUBLIC_SAFE/qa/manifest.tsv	5853	A8F9808EC42B8E716C718FF40B6416371EE241C82C08A4E60A0CEE0BF8C96592
works/D039_PUBLIC_SAFE/qa/normalization_checks.tsv	2570	AD902D1F44FFDA468412764C350979451CB359445D3EA535FC291DE1214BB568
works/D039_PUBLIC_SAFE/qa/qa_report.json	1784	37F91079566D0F95421B41C8E5A67114BA7CD7C4F3A0CF488BF3D4403BFB9264
works/D039_PUBLIC_SAFE/qa/renders/apparatus/D039_restrained_apparatus-01.png	118219	A1D84C916EFB2711DADEA6465D1B7322B0C0FD0655BF39EA54C3664E35BB5F5F
works/D039_PUBLIC_SAFE/qa/renders/apparatus/D039_restrained_apparatus-02.png	116066	407F1DF85B4462D4BD2F83716AF1B3DBE13800280A6670BA16BB0F599A1E6D3B
works/D039_PUBLIC_SAFE/qa/renders/apparatus/D039_restrained_apparatus-03.png	113318	B29A61B34A4B866F05F2C9505E7D69A70C15D1042D010843252D17EE62A0C57E
works/D039_PUBLIC_SAFE/qa/renders/apparatus/D039_restrained_apparatus-04.png	96745	322AC7ED8CB485ACA89EF1B6C1D4EE02A4B68BC709F6C86D84C5EAF3BDBE595D
works/D039_PUBLIC_SAFE/qa/renders/apparatus/D039_restrained_apparatus-05.png	111194	D1B3E1E6520357CCCCF991744FBD359F3DAC46A13D9A0783DA21AFAEB3DF4698
works/D039_PUBLIC_SAFE/qa/renders/apparatus/D039_restrained_apparatus-06.png	118083	00DAFAA9EC7BA06CA290A4B7445EBDAA59D06ED60AE3F0084F5C2B5CF76F46D7
works/D039_PUBLIC_SAFE/qa/renders/apparatus/D039_restrained_apparatus-07.png	121293	7F3C7D7833200BEAB4047EC74D6FB3BEA5BB33066D790FAB3A1F22F992AF4326
works/D039_PUBLIC_SAFE/qa/renders/apparatus/D039_restrained_apparatus-08.png	152390	8853ED96DF0C3B3451F23F1987447577B4FD657878310FA2F935B20D796DDD0C
works/D039_PUBLIC_SAFE/qa/renders/apparatus/D039_restrained_apparatus-09.png	100691	94C7A9212AEFD352F841DF84B69170FD2FD35C15519B143076F02838FC8E1DC4
works/D039_PUBLIC_SAFE/qa/renders/apparatus/D039_restrained_apparatus-10.png	101528	021D2C59DE51CCF8D82784FE7F15DD58B90F48F0DC63EF42AC0B783B7D5D4367
works/D039_PUBLIC_SAFE/qa/renders/apparatus/D039_restrained_apparatus-11.png	106936	6389EBAFF3EEC2CACD44054FECAEFE7446F1A3F8E42269F79B32A8A6E44D6C7E
works/D039_PUBLIC_SAFE/qa/renders/apparatus/D039_restrained_apparatus-12.png	129352	99E66FDDD517A5025A75AABA6B3A32F83CFCD02D69354E5BACB8D41CC0918AE5
works/D039_PUBLIC_SAFE/qa/renders/apparatus/D039_restrained_apparatus-13.png	115888	72BCF7E3DB7F4D4665B5CB67AC0600D4C68C0B9FCDC02C68D4DBC3FD9594E291
works/D039_PUBLIC_SAFE/qa/renders/apparatus/D039_restrained_apparatus-14.png	127594	F9585D8C89E727CE833985C3BB8F119F29A3DFC15F9D40378DC0BB46FDE51A82
works/D039_PUBLIC_SAFE/qa/renders/apparatus/D039_restrained_apparatus-15.png	117549	98C3958D4D0A018E89E8179264C01742F0D7B66AB5B76D6944ACF090952FA5AB
works/D039_PUBLIC_SAFE/qa/renders/apparatus/D039_restrained_apparatus-16.png	105856	63D01B734B6373068907B584B86732744D4361CB884AD36200BE315800F13D3B
works/D039_PUBLIC_SAFE/qa/renders/apparatus/D039_restrained_apparatus-17.png	121452	1330220E6F2D67B9AE3106ED9C7AF6ED6B3983EEE621453D5934B366DE218506
works/D039_PUBLIC_SAFE/qa/renders/apparatus/D039_restrained_apparatus-18.png	129578	45C83210F984870945FC187E2B5DA7DEBDE440C0AF90130E027F045F7C9682A1
works/D039_PUBLIC_SAFE/qa/renders/apparatus/D039_restrained_apparatus-19.png	99478	A9421770FCA0FCD3992495381BFA4A65535E5A9BD986B6BB0A0AE4CE94B7BFCC
works/D039_PUBLIC_SAFE/qa/renders/apparatus/D039_restrained_apparatus-20.png	117543	9F58A5AE648BE6D660FCD1FCA5E1E4C24F378F4ECBAE43BBDC2F611D52BB6D2D
works/D039_PUBLIC_SAFE/qa/renders/apparatus/D039_restrained_apparatus-21.png	139610	41008257B56520022A92572B8960847008BCC20C8E07677E27CCF32EC2948E38
works/D039_PUBLIC_SAFE/qa/renders/apparatus/D039_restrained_apparatus-22.png	172007	0A1E4B25290564557717047F1D12CB76B53E80FFF15DE1645342E82188D68613
works/D039_PUBLIC_SAFE/qa/renders/apparatus_contact_sheet_large.png	497857	14E25D7BF1B3746F54CB373C81534088FA4A1EBB59DDA0E1932B5E9A275C7275
works/D039_PUBLIC_SAFE/qa/renders/english/D039_english_standalone-01.png	157804	775989AE5301A5AB23868695E0DB138CE4BE6B04539761444C68997C64AC6C09
works/D039_PUBLIC_SAFE/qa/renders/english/D039_english_standalone-02.png	189486	DACD6C80C8A6B5D4E302F07471B6E11970224BFFE76352335CC930A0200A16C7
works/D039_PUBLIC_SAFE/qa/renders/english/D039_english_standalone-03.png	205023	9FCE392BF38589029572F01159F09A5AC35AD95654E8366E1C110BDF4F59EBAC
works/D039_PUBLIC_SAFE/qa/renders/english/D039_english_standalone-04.png	223992	FF7E0FB4E8E7C8BA94517F6BBB2A2F7F28968F717C33B911E9755545C93BAF86
works/D039_PUBLIC_SAFE/qa/renders/english/D039_english_standalone-05.png	229062	44FC2F1DFDBF4B4A9F498E125E5F35F0F4243BF19B0F1914C55FBC45EA15AF7E
works/D039_PUBLIC_SAFE/qa/renders/english/D039_english_standalone-06.png	236307	CC3DE9E739C9AFFAB16F6C6E0CEC00DEAEB04E51760B6264456F6E3BDE12E0E1
works/D039_PUBLIC_SAFE/qa/renders/english/D039_english_standalone-07.png	228771	89E64853A8D5D4235489AD5F0922B75571AE8ADFB72DE1BFFC73234FCF9D5899
works/D039_PUBLIC_SAFE/qa/renders/english/D039_english_standalone-08.png	256045	EBB072779371042AF18197820C5FFB38321B4BE0CE87E7CDDCB149AB787F58EE
works/D039_PUBLIC_SAFE/qa/renders/english/D039_english_standalone-09.png	202872	E9AAFCB9E0AB2DD3C6131D2CE842554271B92DF967B3637275D2E1DE5F3364EB
works/D039_PUBLIC_SAFE/qa/renders/english/D039_english_standalone-10.png	221250	7CD097FF184ACB03022F8C25E006213FB41DFB57949971B836B628555618C258
works/D039_PUBLIC_SAFE/qa/renders/english/D039_english_standalone-11.png	204518	0358C80CDCD16717E8DCB4DFB646CF7E6B8DA52B9D723CAB0C28A3445D95E9D9
works/D039_PUBLIC_SAFE/qa/renders/english/D039_english_standalone-12.png	195059	DD92690EAD4ED39080AD42E40892CC5C20233C2F8DC4D3E8430709159E06BF79
works/D039_PUBLIC_SAFE/qa/renders/english/D039_english_standalone-13.png	249286	8E57EA408AD32051D76925C0092BC27DABF161D5242898DD96025A91686BAFD3
works/D039_PUBLIC_SAFE/qa/renders/english/D039_english_standalone-14.png	227004	1EBFFF19A8B35A12559B42323C43B07481035831D424FB8A375DA6F33784CE62
works/D039_PUBLIC_SAFE/qa/renders/english/D039_english_standalone-15.png	205441	9EEA586E794599F1F2AD93DBF385901891EEFCF6ADDD842F253730D4F2EBD93E
works/D039_PUBLIC_SAFE/qa/renders/english/D039_english_standalone-16.png	183124	EC42FA540A2EBAD10E44FBD70C4EA04CAC828530E430D5D977DA1A7E46E12A0F
works/D039_PUBLIC_SAFE/qa/renders/english/D039_english_standalone-17.png	196792	01F9EBCBDC9BEBE79C526519CBFA6B6A70C4B6132D7F18EA1CF5DC42B70D5EBD
works/D039_PUBLIC_SAFE/qa/renders/english/D039_english_standalone-18.png	246397	0E0DCFC5109D4F47C8394AB3190BC1B335C6FB14B6D71FD6551887D59B564F6B
works/D039_PUBLIC_SAFE/qa/renders/english/D039_english_standalone-19.png	191785	01AA4B8B552844C9C617B6F78402A48826F7A4909A6F2A00B84755EB3E6D7556
works/D039_PUBLIC_SAFE/qa/renders/english/D039_english_standalone-20.png	236228	EDB6819FD4826036218BF5E6A1DFF958E6E5E694330BFBF4F60F2D4DF6A7FFA1
works/D039_PUBLIC_SAFE/qa/renders/english/D039_english_standalone-21.png	235803	C1ECF8D6A74D9D259CBE4A59A926CC7A271C90149BA75A23600A928614423806
works/D039_PUBLIC_SAFE/qa/renders/english/D039_english_standalone-22.png	312686	C9D97E8CA9461AA25BAAE49ED5146B491197BC25C6682CE5BA0C9EBE4951BD0F
works/D039_PUBLIC_SAFE/qa/renders/english_contact_sheet_large.png	1937674	4BBCA49544C1C8F31D5002080EF713E5E64C4C3E076D59E90DFE46CAB0734416
works/D039_PUBLIC_SAFE/qa/renders/source_language/D039_source_language_normalized-01.png	138832	8F2A71FC7CFDA324EF196CD03D9549F400A2088B5D21243A693943B414B0F48D
works/D039_PUBLIC_SAFE/qa/renders/source_language/D039_source_language_normalized-02.png	162137	2037CF5D1D684E5A6D1F7A2D12D152290566F020D787FD50351CA1FD519E53F3
works/D039_PUBLIC_SAFE/qa/renders/source_language/D039_source_language_normalized-03.png	185568	1460BAA8E5937973B3F6EE8556A2C0C11FB22457387755C739F1C56061A02FA2
works/D039_PUBLIC_SAFE/qa/renders/source_language/D039_source_language_normalized-04.png	192555	B334764BEFB53FC2E7BFA17DF005ACA19988E3649FFD2600D371A43A2BAD24C7
works/D039_PUBLIC_SAFE/qa/renders/source_language/D039_source_language_normalized-05.png	209140	406D5D4B9360F027416F0719FC8BE102318EB9203486EC0B6B68223F5AF9005E
works/D039_PUBLIC_SAFE/qa/renders/source_language/D039_source_language_normalized-06.png	212625	E824DF8D8F073846DF4E5369DE137423D9A9577EDF669DABB13DB541209A1EDE
works/D039_PUBLIC_SAFE/qa/renders/source_language/D039_source_language_normalized-07.png	205430	6F034EAC253566BDAFB57A2BC6D85026EDA969230A6102AF49AE3CFFA2499274
works/D039_PUBLIC_SAFE/qa/renders/source_language/D039_source_language_normalized-08.png	215609	BA0616F53B0E69D8AA17C6B41AB88516CCEBD2EFFE7D30AE683D4A1342F4E7B3
works/D039_PUBLIC_SAFE/qa/renders/source_language/D039_source_language_normalized-09.png	179633	25BCA733DBB978AFB62509C6E1611C3F6D3B1381BCE5DD447C10375751BDF485
works/D039_PUBLIC_SAFE/qa/renders/source_language/D039_source_language_normalized-10.png	196948	B7F31A4FD0DBCBF1A6820006B88AF442ACB6C2A20C40ACE7C71A12CFF8F01D05
works/D039_PUBLIC_SAFE/qa/renders/source_language/D039_source_language_normalized-11.png	185719	90A4D30BDBFA658D4143CB3193FC8B72B6070141402BA5E451485B2C4590FEB8
works/D039_PUBLIC_SAFE/qa/renders/source_language/D039_source_language_normalized-12.png	171763	384CD3974002C47C9EA12C7ACDFB28A1653BA40E1CF29AE0607E9167C89DFDCD
works/D039_PUBLIC_SAFE/qa/renders/source_language/D039_source_language_normalized-13.png	214229	7E75751D48F100F52B5F00CC643BF40A455B82C4D1BC5C704589857AD4037AE5
works/D039_PUBLIC_SAFE/qa/renders/source_language/D039_source_language_normalized-14.png	180257	CB20A0FA9B2F63BE92163118832F19EBA4C344A0530EF588DE85EA3B60AF0CFC
works/D039_PUBLIC_SAFE/qa/renders/source_language/D039_source_language_normalized-15.png	175559	CB445BB92AD17B6A7AC3118AE7A8C9BA850E6117F6305EED79280AC3E68F12AD
works/D039_PUBLIC_SAFE/qa/renders/source_language/D039_source_language_normalized-16.png	165521	C5E9A277EF4F452753752699A342309B9BE9CE7D14A0D6559FD57DE78A6DF812
works/D039_PUBLIC_SAFE/qa/renders/source_language/D039_source_language_normalized-17.png	182444	2E31F9C5CC3960293B59DA96CE98C840FEE8B4EF8ACF01EEBFBD0FFB8B105CAE
works/D039_PUBLIC_SAFE/qa/renders/source_language/D039_source_language_normalized-18.png	219085	63160D970AF89ECF97A3079855CE0476DB12745BA3ED235D34499C3D292DEA51
works/D039_PUBLIC_SAFE/qa/renders/source_language/D039_source_language_normalized-19.png	179086	AE94656FE784E5B980003B847CC2B9A1DEFA609873BA5E88D47E6491E0551D67
works/D039_PUBLIC_SAFE/qa/renders/source_language/D039_source_language_normalized-20.png	204136	CEB6F7800E198FEA3AB49A62F7669F0586DDC5400D49F733614C735CD82D2EF1
works/D039_PUBLIC_SAFE/qa/renders/source_language/D039_source_language_normalized-21.png	224223	5460C06B72EED11783AB06BF5C58CC00E3B437E595480B7CB4C5F71E573E6B47
works/D039_PUBLIC_SAFE/qa/renders/source_language/D039_source_language_normalized-22.png	257996	795C76D4E6622545B07AFBAC8015D6534E056E683C7286D54AA37C3C4F9A65D7
works/D039_PUBLIC_SAFE/qa/renders/source_language_contact_sheet_large.png	1613923	75D4CA346126EA6EB92FA9CC1E32F44773840079E62CAF9706825997F3DE03E0
works/D039_PUBLIC_SAFE/qa/translation_critical_checks.tsv	1872	FB5D773DDDCE9FDB257E986A4EB693D7B1CD58A577C44248420710D249285BDE
works/D039_PUBLIC_SAFE/qa/visual_page_qa.tsv	5551	C9ACE1AFC7AE07CEFE6AA99473060CC46703F537493D56CA6A61F0EE149A5476
works/D039_PUBLIC_SAFE/WORKLOG.md	5232	E3AFA7DACED6517D3CA7378D6BE7A8035C3582D98B4D28EC0283DA10BE45E756
works/D040_PUBLIC_SAFE/assets/D040_p006_diagram_authority_400dpi.png	9939	B932DC7CB4ADB6790BD47C7F731914E38AC45426C7248A3F4490BD4D2DE4285F
works/D040_PUBLIC_SAFE/D040_APPARATUS.pdf	323952	B9F580C49CFC804699D3C0FA42AE170704A07F0B4AAE4C11E3205DBCD4AC38B9
works/D040_PUBLIC_SAFE/D040_APPARATUS.tex	8969	C7E48BF23D76BC90B9E2C5EFEB83CB2AE152C059557303877E7B12530F9E5398
works/D040_PUBLIC_SAFE/D040_AUTHORITY.pdf	349015	9AFE305B3C00EED7B4E8FAD7BFF7A59F70509DDB51D726C8D95ED0F9408AF144
works/D040_PUBLIC_SAFE/D040_CANONICAL_GATE.json	3943	BC045314593DF5A199CBA8FBC1A43D2D60CD4DA3024DEFDCC581D1CD95A2C7BC
works/D040_PUBLIC_SAFE/D040_COMPARATOR_ONLY.pdf	218978	40C45C95B816FE1B9AFCE25695852419C5705326658897A07ABE49D5FAEDDDD2
works/D040_PUBLIC_SAFE/D040_EN.pdf	98612	5E92B88D3D1642F49D628DCCBB279FBF7FAD2944FC724F3254C58ECAB7A2BEDD
works/D040_PUBLIC_SAFE/D040_EN.tex	23060	6F4954F91F8C87EB44F0618840A979A6EEB01DB6C4EE6FC3768ED8DE9E398FDB
works/D040_PUBLIC_SAFE/D040_FR.pdf	96131	6ECAE1A48FC6A6D74CCCEDCE3A21551D12D60A39CF23018E7062DACBC5D66042
works/D040_PUBLIC_SAFE/D040_FR.tex	24581	908CD6A78863144975D90F5DF5EAB05B60B9FB434710FD4E1D5756D2E80B3E83
works/D040_PUBLIC_SAFE/D040_SOURCE_EN.pdf	98777	5812D353EB1510218913947EB6258DC1D39B527684119F8624E4EF3AC4EC305A
works/D040_PUBLIC_SAFE/D040_SOURCE_EN.tex	418	F161A8FF806B5E7792CDB6CA5384145890F5EDFE0FBD340D8953ECA182BA3A02
works/D043_PUBLIC_SAFE/assets/D043_ADDRESS.png	10306	1F3ABE057C234E4927FC26F3C3643937A77478F1797FC36A7CF50CD7727DC0F4
works/D043_PUBLIC_SAFE/assets/D043_BIBLIOGRAPHY.png	39017	B0AB79209F2B7C49327E0098FD2754DC41A1DDC9F7700CE8908331FC9E67B28D
works/D043_PUBLIC_SAFE/assets/D043_DIAGRAM.png	17969	CCA25D5EC3E328B310B71A2B657326A69F8280A56827AA1A471A7FDFFAD5249C
works/D043_PUBLIC_SAFE/assets/D043_FIELD_MEMBERSHIP.png	15651	5CCA798ED2352C04CDC4F565CD38F1222A80BAFD0F0E44158160760E30CB7F38
works/D043_PUBLIC_SAFE/D043_APPARATUS.pdf	261277	095E510026478455291F314431AC1C420D88847F358D13AD8D3E10510CE6414E
works/D043_PUBLIC_SAFE/D043_APPARATUS.tex	8051	914E61CB9F6C6467D9DCD7C46F319EED2AF965FEC5C34FC5C3CA946575C7AB95
works/D043_PUBLIC_SAFE/D043_AUTHORITY.pdf	401568	6312B2B7281723208434455BB590018ECD3542501EF603890B3F1D6283E4A4F0
works/D043_PUBLIC_SAFE/D043_CANONICAL_GATE.json	2799	F7E5554D16B7E3DA3AF1C4C176842D476EE02940C30EEC63C414F55DFF2ACEBC
works/D043_PUBLIC_SAFE/D043_COMPARATOR_ONLY.pdf	191523	0DE0F61137E037B70E04A26648DD6A55E06185BE0AABCA45D48476CE51FE945B
works/D043_PUBLIC_SAFE/D043_CORRECTIONS_LEDGER.tsv	735	CDDDD4E328D1BAFF96276E9C379F2A2443617A816D42DED9DB371C579478C580
works/D043_PUBLIC_SAFE/D043_EN.pdf	210465	FE146969A7D425A81330EED83E8B4428E0FD1B3FD9AFE9D31DE4D8501A44F89B
works/D043_PUBLIC_SAFE/D043_EN.tex	14202	E9B7081431B222303F7981C5E2D58B681E410DA90F9224598A29C249CDBE6CAE
works/D043_PUBLIC_SAFE/D043_FR.pdf	215130	F9E694CBB2357E50041929ABF321C8D490CD2D90B9B7271B64BB5F3823926169
works/D043_PUBLIC_SAFE/D043_FR.tex	14977	3F7099F720C14C43627BFAD5C33110A10F0512BC3AF1F950B95C18022EBB4DA3
works/D043_PUBLIC_SAFE/D043_FRESH_COLD_AUDIT.json	4109	A67362AEFE0C32C832429216063D14D168D05C32F0C162A1B1568C60EE775497
works/D043_PUBLIC_SAFE/D043_SOURCE_EN.pdf	210456	B5D3C8EFAD79978EF52B3D1B8434ADD00F501989EC059334FD6BA49985C8BEBB
works/D043_PUBLIC_SAFE/D043_SOURCE_EN.tex	14193	6FBCC821BF587567540631A870C17B365F5F3D30CCD98E29D0BFF98777E97D4E
works/D043_PUBLIC_SAFE/D043_ZERO_ACCEPTED_MULTIPLICITY_NOTE.json	790	3E85310B4095C2D20BE2C0F4B59F6651EE1B7D28BACE5E088A9A67752C1E01DD
