"apparatus_id","paper","source_page_or_locus","classification","source_reading","controlled_reading","german_diplomatic_ruling","translation_editorial_ruling","status","authority","evidence","reported_by","adjudicated_by","notes"
"SE-20260718-P04-PRINT-001","P04","printed p118, Study citation","original-print bibliographic error","Transactions of the American Math. Society, Bd. 1 [1909]","Transactions of the American Mathematical Society 10 (1909), pp. 1-49","Preserve source reading Bd. 1 in the German body; no silent emendation.","A reader translation may print vol. 10 only with an explicit note that the original prints vol. 1.","resolved_source_error_documented","Original p118 plus zbMATH/historical bibliographic controls","Original PDF SHA256 D7F7CE6D4B311FFD968ED47DC9C1478CFFCF9F446A86BF90263E0C9D1B41C9EF; local p118 image SHA256 5717B7A71078CFBF4E8C2488C06D899EFC4B3B6B29A8B506A1A87528B0C3C245; https://zbmath.org/authors/?q=Study%2C+Eduard&s=0","English/Germanic manager delegation","LocalCodex 2026-07-18","Do not confuse a source error with a transcription error."
"SE-20260718-P25-META-001","P25","editorial header; article printed pp116-120","publication-year metadata conflict","Current German source line: J. Ber. d. DMV 33 (1924), S. 116-120","GDZ and EUDML catalog volume 33 as 1925; JFM-derived Noether bibliography records the article as 1924","Retain 1924 in the German body because it is the source/editorial reading and has independent bibliographic support.","Do not silently choose a year; retain 1924 with a disclosed 1925 catalog-volume note where bibliographic normalization is offered.","held_dual_catalog_convention_no_body_patch","GDZ PPN37721857X_0033; EUDML doc/145684; JFM 50.0071.02-derived Noether bibliography","Article PDF SHA256 0C5FE4E6735636A34C8DD34D16969C5A1E1659523F8840A9B8428F1A70D8E219; https://eudml.org/doc/145684; https://gdz.sub.uni-goettingen.de/id/PPN37721857X?page=3","Japanese P25 lane delegation","LocalCodex 2026-07-18","The five printed article pages themselves show no publication year."
"SE-20260718-P04-PRINT-002","P04","printed p129, repeated product factor in prose after identity (16)","apparent original-print mathematical omission","The prose jumps from a^{(i+1)} directly to a^{(rho)} without continuation dots.","Displayed identity (16) on the same page gives a^{(i+1)}...a^{(rho)} and controls the intended repeated factor.","Preserve the source-literal omission in the German body; do not silently insert the ellipsis.","A reader translation may supply the continuation ellipsis only with an explicit editorial/source-adverse note.","resolved_source_omission_documented_body_preserved","Original p129 prose and displayed identity (16) on the same page","Original article PDF SHA256 D7F7CE6D4B311FFD968ED47DC9C1478CFFCF9F446A86BF90263E0C9D1B41C9EF; p129 full SHA256 31308717D2E33D0336B750AC3B84BAD4143E6CB0865D2BB904E19E83B2DCC2DD; focused crop SHA256 317659687D11D91CDC414E1F57FC124EF8308DC0E8644F2231BCE8C812B6CFC4","English/Germanic manager delegation","LocalCodex 2026-07-18 independent visual check","This is not an R823-only defect. R823 faithfully reproduces the printed omission."
"SE-20260718-P04-PRINT-R823-003","P04","printed p132, four-case partition","original-print duplicated boundary versus editorial disjointness normalization","Print gives tau >= sigma in both cases 3 and 4.","R823 gives tau > sigma in case 3 and tau >= sigma in case 4, making the cases disjoint.","Retain the R823 partition in the current editable German and preserve the printed reading here.","Translations may follow the disjoint R823 partition only with a durable adverse-source record.","resolved_editorial_delta_documented_body_preserved","Original p132 and current R823","P04_p132_case_partition_source.png; current German lines 3844-3855","English/Germanic manager delegation","LocalCodex 2026-07-18 independent visual check","Not classified as an R823 transcription defect."
"SE-20260718-P04-PRINT-R823-004","P04","printed p135, equation (35)","coordinated original-print/R823 mathematical editorial delta","Print uses alpha in both component positions and has R_(rho1+sigma1-alpha) without terminal -lambda.","R823 uses lambda in both component positions and R_(rho1+sigma1-alpha-lambda).","Retain the coherent R823 reading in the current editable German; preserve all three print differences here.","Dependent translations following R823 must disclose or cross-reference the print reading.","resolved_editorial_delta_documented_body_preserved","Original p135 and current R823","Equation-35 crop SHA256 661A6006C42E6D3035D228A0492E0E7A0FA6F3AD54ED4D0B8FD798C5CD7AA3A8; alert SHA256 575858ED2D73BD9AC5D97A923B8200CF8014C26E357E56AD3440747D1E6BA0B5","English/Germanic manager delegation","LocalCodex 2026-07-18 independent visual check","The coordinated structure makes accidental OCR drift unlikely; no silent reversion to print."
"SE-20260718-P04-PRINT-R823-005","P04","printed p137, prose after equation (38)","original-print/R823 mathematical editorial delta","Print says kogrediente Faltung vom Defekt alpha.","R823 says Defekt rho, coherent with the outer exponent and range in (38).","Retain R823 rho in the current editable German and record print alpha here.","Dependent translations following rho must disclose or cross-reference print alpha.","resolved_editorial_delta_documented_body_preserved","Original p137 and current R823","Crop SHA256 18C29763A189B1C1F4C7DE171AA7FD073D9DD4FBD2E74FE9D78FA29A00C35BC3; addendum SHA256 D6B15E5077AA6C7B14975250B369450F3917E9ABB7D2D497294635568BF3F992","English/Germanic manager delegation","LocalCodex 2026-07-18 independent visual check","Not automatically classified as a source mathematical error."
"SE-20260718-P04-PRINT-R823-006","P04","printed p137, linear-form condition after equation (39)","original-print/R823 notation normalization","Print uses the identity sign between the two matrix-product expressions.","R823 uses ordinary equality.","Retain R823 equality in the current editable German and record the printed identity sign here.","Dependent translations should disclose or cross-reference the sign delta.","resolved_editorial_delta_documented_body_preserved","Original p137 and current R823","Crop SHA256 18C29763A189B1C1F4C7DE171AA7FD073D9DD4FBD2E74FE9D78FA29A00C35BC3; addendum SHA256 71FF1A5B3C5C93BC3461795DCB2CD132A27628C0B043C311B0955E3BFB91ED2F","English/Germanic manager delegation","LocalCodex 2026-07-18 independent visual check","Semantic equivalence is not asserted in every formalism; this is a controlled editorial ruling."
"SE-20260718-P39-PRINT-001","P39","printed p190, footnote 3 Hasse citation","confirmed original-print bibliographic error","Transac, 134 (1932)","Transactions of the American Mathematical Society 34 (1932), pp. 171-214","Preserve printed 134 in the diplomatic German body; do not silently emend.","A reader edition may print 34 only with explicit notice that the original prints 134.","resolved_source_error_documented_body_preserved","Original p190 plus official AMS volume index","P39 crop SHA256 7EBE6C6914C6D340519877BCC857A14144D95F29C4712D134B3FFFF5660CFD17; https://www.ams.org/journals/tran/1936-040-03/tran-40-3-print-matter.pdf","Chinese manager delegation","LocalCodex 2026-07-18 independent visual and bibliographic check","The print is unambiguous; AMS identifies volume 34."
"N04-S08-SRCDEF-001","P04","printed p150, Section 8 prose after equation (69)","R823 lexical word-boundary transcription defect","Schlußform","R823 had Schluß form","Repair the editable German body to the source compound Schlußform.","Translations already conveying final form as one semantic unit need no wording churn; retain the source-defect record for rebases.","resolved_r823_transcription_defect_body_repaired","Original Crelle p150","Full page SHA256 75D42A82969071ACF412F4B7503936B30251B1B8A8A2E53FA175990744B3BD88; crop SHA256 93611127F049BB0E4E6C3B03B92B6C90F1A28C12EA7729831F8EEA3020C9008F; alert SHA256 9505D6A1724936E8D0DA968172AB88E50003BF082816C66DCEB12EED5F0CA477","English/Germanic manager delegation","LocalCodex 2026-07-19 independent visual check","Exact lexical repair; no formula change."
"N04-S08-SRCDEF-002","P04","printed p151, Section 8 paragraph after equation (70)","R823 lexical word-boundary transcription defect","Schlußausdrücke","R823 had Schluß ausdrücke","Repair the editable German body to the source compound Schlußausdrücke.","Translations already conveying final expressions as one semantic unit need no wording churn; retain the source-defect record for rebases.","resolved_r823_transcription_defect_body_repaired","Original Crelle p151","Full page SHA256 5681647DBCC60FF8AF7F22A0C68410016FEDB5054EB0B971BC69155E0109FF13; crop SHA256 F55728882CBA8E1CC651BE963405CBFEFFD076BA63CD423FF4FC60E3D30997CF; alert SHA256 9505D6A1724936E8D0DA968172AB88E50003BF082816C66DCEB12EED5F0CA477","English/Germanic manager delegation","LocalCodex 2026-07-19 independent visual check","Exact lexical repair; no formula change."
"N04-S08-SRCDEF-003","P04","printed p150, Section 8 first sequence in the dual construction after equation (69)","substantive R823 mathematical sign/range transcription defect","T^{rho+1},...,T^{rho+lambda-1}","R823 had T^{rho-1},...,T^{rho-lambda+1}","Repair the editable German first dual sequence to the source's ascending exponents; retain the separate following descending sequence unchanged.","Dependent translations must preserve the ascending first sequence and not regularize both sequences into the same direction.","resolved_r823_transcription_defect_body_repaired","Original Crelle p150","Full page SHA256 75D42A82969071ACF412F4B7503936B30251B1B8A8A2E53FA175990744B3BD88; crop SHA256 D9F7BA3723EF31D35BF158B417AE4FDEAD1EF7F657E705891C78D4482ED7DC17; alert SHA256 6BEAE2793DEA5AA477D3E3F74DB108D386C2C9483BE228269A0F83BC9534FD09","English/Germanic manager delegation","LocalCodex 2026-07-19 independent visual check","Mathematical source repair; the opposite direction of the neighboring sequence is source-real."
"N04-S08-SRCDEF-004","P04","printed p148, Section 8 prose before equation (66)","R823 lexical/grammatical case transcription defect","mit den beiden Reihen","R823 had mit der beiden Reihen","Repair the editable German body to the source's dative plural phrase mit den beiden Reihen.","Translations already conveying with the two rows need no wording churn; retain the source-defect record for rebases.","resolved_r823_transcription_defect_body_repaired","Original Crelle p148","Full page SHA256 25F1B9D53323BEF5B7B417DAFA3634ED12F83941A31629010A1DAB0090D91C81; crop SHA256 B225CFD1AE00A3D204A04342FAC314A6546CF553306E430333DAED266807718A; alert SHA256 440FB6092695D0BE79088C7BD18BB76348BD45CD6B45EC8577E8A5F99D2A5B01","English/Germanic manager delegation","LocalCodex 2026-07-19 independent visual check","Exact grammatical repair; no formula change at this locus."
"N04-S08-SRCDEF-005","P04","printed p150, Section 8 vanishing relation after equation (69)","substantive R823 mathematical-index transcription defect","q''_{n-rho-1}","R823-derived body had q''_{n-lambda-1}","Repair the editable German body to q''_{n-rho-1}.","Dependent translations must use the source rho index and retain this source-defect record for rebases.","resolved_r823_transcription_defect_body_repaired","Original Crelle p150","Source page SHA256 9B9FE7BB7CEC674F887EF812CFB8A74461308441498C3BBBBD2C481DD597A773; focused crop SHA256 8FCC3EBBFF86E2142CF4D8C8E14766F03178D334AF9EF7574B0889247A329559; Web correction P04-150-02","Web Pro Paper 4 p144-154 independent source audit","LocalCodex 2026-07-19 independent source/render check","Mathematical source repair. The neighboring q-prime subscript lambda-1 remains source-correct and was not changed."
"SE-20260719-TAIL-KAPFERER-001","tail/Kapferer","collected p767, equation (3)","probable original-print mathematical recurrence-index error","first two rows end x K_1 and x K_2; general row ends x K_(r+1)","recurrence and following prose imply first two rows should end x K_2 and x K_3","Preserve the printed K_1/K_2 in the German body; do not silently emend.","A reader translation may print K_2/K_3 only with an explicit original-print note.","resolved_source_error_candidate_documented_body_preserved","IA-derived collected-volume page 767","tail-57.png; collected_p767_eq3_650dpi_2x.png","LocalCodex independent complete-page audit","LocalCodex 2026-07-19","Existing logbook already noted the literal source reading but had not given it a dedicated source-error apparatus row."
"SE-20260719-TAIL-KAPFERER-002","tail/Kapferer","collected p771, second identity in proof of (5)","probable original-print mathematical subscript omission","(f(0,y):y^(g_i))g_i","indexed recurrence context implies (f_i(0,y):y^(g_i))g_i","Preserve source-literal f(0,y) in the German body; do not silently add i.","A reader translation may restore f_i only with an explicit original-print note.","resolved_source_error_candidate_documented_body_preserved","IA-derived collected-volume page 771","tail-61.png; collected_p771_f_i_identity_650dpi_2x.png","LocalCodex independent complete-page audit","LocalCodex 2026-07-19","The print is unambiguous at enlarged scale; classification remains probable because f could conceivably be local shorthand."
"SE-20260719-TAIL-SCHUR-001","tail/Schur","collected p747, Schur determinant formula","probable original-print mathematical denominator error","alpha_ij^(k)n = delta_ik delta_kj / delta_ik","the determinant equation immediately above structurally controls denominator delta_ij","Preserve source-literal delta_ik in the German body; do not silently emend.","A reader edition may use delta_ij only with an explicit original-print note.","resolved_source_error_candidate_documented_body_preserved","IA-derived collected-volume page 747","02_source/tail_p747_764/dense_crops_1300dpi/p747_determinant_formula_1300dpi.png","LocalCodex independent complete-page audit","LocalCodex 2026-07-19","The source is unambiguous at 1300 dpi; the classification is probable because the surrounding determinant identity determines the expected denominator."
"SE-20260719-TAIL-SCHUR-002","tail/Schur","collected p748, homomorphism chain","probable original-print mathematical superscript omission","second alpha_ij in the chain has no superscript (k)","corresponding first and final alpha occurrences carry superscript (k)","Preserve the source-literal missing superscript in the German body; do not silently emend.","A reader edition may restore superscript (k) only with an explicit original-print note.","resolved_source_error_candidate_documented_body_preserved","IA-derived collected-volume page 748","02_source/tail_p747_764/dense_crops_1300dpi/p748_homomorphy_formula_1300dpi.png","LocalCodex independent complete-page audit","LocalCodex 2026-07-19","The omission is exact in the print and survives the diplomatic body."
"P04F-144-01","P04","printed p144; p144 source strip 2 / formula (54)","R823/current-head mathematical or symbol transcription defect","Restored the source double-line glyph \rho\leqq n.","Formula (54) used \rho\le n.","Repair the editable German body to the original-print reading.","Dependent translations must preserve the corrected distinction and retain this source-defect record for rebases.","resolved_transcription_defect_body_repaired","Original Crelle source pages, 600-dpi full-page images","P04 deep-followup confirmed-fix ledger; p144 source strip 2 / formula (54)","Web Pro deep-math follow-up","LocalCodex 2026-07-19 independent source/diff/render check","Merged by localized diff; exact bounded extract survives the current head."
"P04F-144-02","P04","printed p144; p144 source strip 3; exact sentence after (56.)","R823/current-head mathematical or symbol transcription defect","Restored source p_sigma and xi^(1),...,xi^(sigma) for the individual rows being substituted.","Procedure sentence incorrectly kept the terminal p_rho / xi^(rho) family.","Repair the editable German body to the original-print reading.","Dependent translations must preserve the corrected distinction and retain this source-defect record for rebases.","resolved_transcription_defect_body_repaired","Original Crelle source pages, 600-dpi full-page images","P04 deep-followup confirmed-fix ledger; p144 source strip 3; exact sentence after (56.)","Web Pro deep-math follow-up","LocalCodex 2026-07-19 independent source/diff/render check","Merged by localized diff; exact bounded extract survives the current head."
"P04F-145-01","P04","printed p145; p145 source strip 1, opening continuation","R823/current-head mathematical or symbol transcription defect","Restored source rho \geqq sigma.","rho >= sigma used a single-line greater-or-equal glyph.","Repair the editable German body to the original-print reading.","Dependent translations must preserve the corrected distinction and retain this source-defect record for rebases.","resolved_transcription_defect_body_repaired","Original Crelle source pages, 600-dpi full-page images","P04 deep-followup confirmed-fix ledger; p145 source strip 1, opening continuation","Web Pro deep-math follow-up","LocalCodex 2026-07-19 independent source/diff/render check","Merged by localized diff; exact bounded extract survives the current head."
"P04F-147-01","P04","printed p147; p147 source strip 1 / formula (62.)","R823/current-head mathematical or symbol transcription defect","Restored \sigma_1\geqq\sigma_2 and \tau_1\geqq\tau_2.","Both bounds in (62.) used \ge.","Repair the editable German body to the original-print reading.","Dependent translations must preserve the corrected distinction and retain this source-defect record for rebases.","resolved_transcription_defect_body_repaired","Original Crelle source pages, 600-dpi full-page images","P04 deep-followup confirmed-fix ledger; p147 source strip 1 / formula (62.)","Web Pro deep-math follow-up","LocalCodex 2026-07-19 independent source/diff/render check","Merged by localized diff; exact bounded extract survives the current head."
"P04F-148-01","P04","printed p148; p148 source strips 1-2, relation chain after (65.)","R823/current-head omitted prose or punctuation defect","Restored the printed connective “wo” before y~q... .","The first relation jumped directly from the epsilon term to y~q... .","Repair the editable German body to the original-print reading.","Dependent translations must preserve the corrected distinction and retain this source-defect record for rebases.","resolved_transcription_defect_body_repaired","Original Crelle source pages, 600-dpi full-page images","P04 deep-followup confirmed-fix ledger; p148 source strips 1-2, relation chain after (65.)","Web Pro deep-math follow-up","LocalCodex 2026-07-19 independent source/diff/render check","Merged by localized diff; exact bounded extract survives the current head."
"P04F-149-01","P04","printed p149; p149 source strips 1-2","R823/current-head omitted prose or punctuation defect","Restored source “wo” before R_lambda~q... .","The first dual relation lacked the printed connective before R_lambda~q... .","Repair the editable German body to the original-print reading.","Dependent translations must preserve the corrected distinction and retain this source-defect record for rebases.","resolved_transcription_defect_body_repaired","Original Crelle source pages, 600-dpi full-page images","P04 deep-followup confirmed-fix ledger; p149 source strips 1-2","Web Pro deep-math follow-up","LocalCodex 2026-07-19 independent source/diff/render check","Merged by localized diff; exact bounded extract survives the current head."
"P04F-150-01","P04","printed p150; p150 source strip 3","R823/current-head omitted prose or punctuation defect","Restored source “wo” before R_lambda~q... .","The equivalence display lacked the printed connective before R_lambda~q... .","Repair the editable German body to the original-print reading.","Dependent translations must preserve the corrected distinction and retain this source-defect record for rebases.","resolved_transcription_defect_body_repaired","Original Crelle source pages, 600-dpi full-page images","P04 deep-followup confirmed-fix ledger; p150 source strip 3","Web Pro deep-math follow-up","LocalCodex 2026-07-19 independent source/diff/render check","Merged by localized diff; exact bounded extract survives the current head."
"P04F-152-01","P04","printed p152; p152 source strip 3, item 1)","R823/current-head mathematical or symbol transcription defect","Restored source beta_rho \geqq alpha_rho.","The higher-form definition used beta_rho >= alpha_rho with a single-line glyph.","Repair the editable German body to the original-print reading.","Dependent translations must preserve the corrected distinction and retain this source-defect record for rebases.","resolved_transcription_defect_body_repaired","Original Crelle source pages, 600-dpi full-page images","P04 deep-followup confirmed-fix ledger; p152 source strip 3, item 1)","Web Pro deep-math follow-up","LocalCodex 2026-07-19 independent source/diff/render check","Merged by localized diff; exact bounded extract survives the current head."
"N04-S09-SRCDEF-001","P04","p152 line 4478","R823 print-formatting or note-apparatus transcription defect","emphasis on Formenreihe, invarianten, and in der Anordnung nach hoeheren Formen","emphasis omitted","Restore the original-print formatting/apparatus in the editable German body.","Preserve semantic emphasis and note identity where the target format permits; retain the adverse record for rebases.","resolved_r823_transcription_defect_body_repaired","Original Crelle pp152-154; manager alert BEDF1E7C...; Web deep-followup source pages","20260719_Noether_Paper04_section09_R823_print_formatting_and_note_identity_defects_CODEX_ALERT.md; Web P04 deep-followup page audit and source/output renders","English/Germanic manager; custody accepted by LocalCodex","LocalCodex 2026-07-19 after Web bounded repair, exact-span comparison, source check, and render QA","The immutable intake initially recorded pending custody. This successor record documents later verified incorporation."
"N04-S09-SRCDEF-002","P04","p152 line 4480","R823 print-formatting or note-apparatus transcription defect","emphasis on hoehere Form","emphasis omitted","Restore the original-print formatting/apparatus in the editable German body.","Preserve semantic emphasis and note identity where the target format permits; retain the adverse record for rebases.","resolved_r823_transcription_defect_body_repaired","Original Crelle pp152-154; manager alert BEDF1E7C...; Web deep-followup source pages","20260719_Noether_Paper04_section09_R823_print_formatting_and_note_identity_defects_CODEX_ALERT.md; Web P04 deep-followup page audit and source/output renders","English/Germanic manager; custody accepted by LocalCodex","LocalCodex 2026-07-19 after Web bounded repair, exact-span comparison, source check, and render QA","The immutable intake initially recorded pending custody. This successor record documents later verified incorporation."
"N04-S09-SRCDEF-003","P04","p152 line 4483","R823 print-formatting or note-apparatus transcription defect","emphasis on weniger","emphasis omitted","Restore the original-print formatting/apparatus in the editable German body.","Preserve semantic emphasis and note identity where the target format permits; retain the adverse record for rebases.","resolved_r823_transcription_defect_body_repaired","Original Crelle pp152-154; manager alert BEDF1E7C...; Web deep-followup source pages","20260719_Noether_Paper04_section09_R823_print_formatting_and_note_identity_defects_CODEX_ALERT.md; Web P04 deep-followup page audit and source/output renders","English/Germanic manager; custody accepted by LocalCodex","LocalCodex 2026-07-19 after Web bounded repair, exact-span comparison, source check, and render QA","The immutable intake initially recorded pending custody. This successor record documents later verified incorporation."
"N04-S09-SRCDEF-004","P04","p152 line 4483","R823 print-formatting or note-apparatus transcription defect","Danach wird z. B.:","colon omitted","Restore the original-print formatting/apparatus in the editable German body.","Preserve semantic emphasis and note identity where the target format permits; retain the adverse record for rebases.","resolved_r823_transcription_defect_body_repaired","Original Crelle pp152-154; manager alert BEDF1E7C...; Web deep-followup source pages","20260719_Noether_Paper04_section09_R823_print_formatting_and_note_identity_defects_CODEX_ALERT.md; Web P04 deep-followup page audit and source/output renders","English/Germanic manager; custody accepted by LocalCodex","LocalCodex 2026-07-19 after Web bounded repair, exact-span comparison, source check, and render QA","The immutable intake initially recorded pending custody. This successor record documents later verified incorporation."
"N04-S09-SRCDEF-005","P04","p153 line 4490","R823 print-formatting or note-apparatus transcription defect","emphasis on reduzibel and Reduzent","emphasis omitted","Restore the original-print formatting/apparatus in the editable German body.","Preserve semantic emphasis and note identity where the target format permits; retain the adverse record for rebases.","resolved_r823_transcription_defect_body_repaired","Original Crelle pp152-154; manager alert BEDF1E7C...; Web deep-followup source pages","20260719_Noether_Paper04_section09_R823_print_formatting_and_note_identity_defects_CODEX_ALERT.md; Web P04 deep-followup page audit and source/output renders","English/Germanic manager; custody accepted by LocalCodex","LocalCodex 2026-07-19 after Web bounded repair, exact-span comparison, source check, and render QA","The immutable intake initially recorded pending custody. This successor record documents later verified incorporation."
"N04-S09-SRCDEF-006","P04","p153 line 4492","R823 print-formatting or note-apparatus transcription defect","complete Satz IX statement emphasized","only Satz IX label emphasized","Restore the original-print formatting/apparatus in the editable German body.","Preserve semantic emphasis and note identity where the target format permits; retain the adverse record for rebases.","resolved_r823_transcription_defect_body_repaired","Original Crelle pp152-154; manager alert BEDF1E7C...; Web deep-followup source pages","20260719_Noether_Paper04_section09_R823_print_formatting_and_note_identity_defects_CODEX_ALERT.md; Web P04 deep-followup page audit and source/output renders","English/Germanic manager; custody accepted by LocalCodex","LocalCodex 2026-07-19 after Web bounded repair, exact-span comparison, source check, and render QA","The immutable intake initially recorded pending custody. This successor record documents later verified incorporation."
"N04-S09-SRCDEF-007","P04","p154 note","R823 print-formatting or note-apparatus transcription defect","Study emphasized","emphasis omitted","Restore the original-print formatting/apparatus in the editable German body.","Preserve semantic emphasis and note identity where the target format permits; retain the adverse record for rebases.","resolved_r823_transcription_defect_body_repaired","Original Crelle pp152-154; manager alert BEDF1E7C...; Web deep-followup source pages","20260719_Noether_Paper04_section09_R823_print_formatting_and_note_identity_defects_CODEX_ALERT.md; Web P04 deep-followup page audit and source/output renders","English/Germanic manager; custody accepted by LocalCodex","LocalCodex 2026-07-19 after Web bounded repair, exact-span comparison, source check, and render QA","The immutable intake initially recorded pending custody. This successor record documents later verified incorporation."
"N04-S09-SRCDEF-008","P04","p154 note","R823 print-formatting or note-apparatus transcription defect","Study, a. a. O., II.","comma after O. omitted","Restore the original-print formatting/apparatus in the editable German body.","Preserve semantic emphasis and note identity where the target format permits; retain the adverse record for rebases.","resolved_r823_transcription_defect_body_repaired","Original Crelle pp152-154; manager alert BEDF1E7C...; Web deep-followup source pages","20260719_Noether_Paper04_section09_R823_print_formatting_and_note_identity_defects_CODEX_ALERT.md; Web P04 deep-followup page audit and source/output renders","English/Germanic manager; custody accepted by LocalCodex","LocalCodex 2026-07-19 after Web bounded repair, exact-span comparison, source check, and render QA","The immutable intake initially recorded pending custody. This successor record documents later verified incorporation."
"N04-S09-SRCDEF-009","P04","p154 note","R823 print-formatting or note-apparatus transcription defect","page-local note identity *)","generic footnote identity","Restore the original-print formatting/apparatus in the editable German body.","Preserve semantic emphasis and note identity where the target format permits; retain the adverse record for rebases.","resolved_r823_transcription_defect_body_repaired","Original Crelle pp152-154; manager alert BEDF1E7C...; Web deep-followup source pages","20260719_Noether_Paper04_section09_R823_print_formatting_and_note_identity_defects_CODEX_ALERT.md; Web P04 deep-followup page audit and source/output renders","English/Germanic manager; custody accepted by LocalCodex","LocalCodex 2026-07-19 after Web bounded repair, exact-span comparison, source check, and render QA","The immutable intake initially recorded pending custody. This successor record documents later verified incorporation."
"N04-S09-SRCDEF-010","P04","p152 line 4482","R823 print-formatting or note-apparatus transcription defect","**) note call before semicolon","note call moved after semicolon","Restore the original-print formatting/apparatus in the editable German body.","Preserve semantic emphasis and note identity where the target format permits; retain the adverse record for rebases.","resolved_r823_transcription_defect_body_repaired","Original Crelle pp152-154; manager alert BEDF1E7C...; Web deep-followup source pages","20260719_Noether_Paper04_section09_R823_print_formatting_and_note_identity_defects_CODEX_ALERT.md; Web P04 deep-followup page audit and source/output renders","English/Germanic manager; custody accepted by LocalCodex","LocalCodex 2026-07-19 after Web bounded repair, exact-span comparison, source check, and render QA","The immutable intake initially recorded pending custody. This successor record documents later verified incorporation."
"N04-S09-SRCDEF-011","P04","p154 line 4494","R823 print-formatting or note-apparatus transcription defect","*) note call before period","note call moved after period","Restore the original-print formatting/apparatus in the editable German body.","Preserve semantic emphasis and note identity where the target format permits; retain the adverse record for rebases.","resolved_r823_transcription_defect_body_repaired","Original Crelle pp152-154; manager alert BEDF1E7C...; Web deep-followup source pages","20260719_Noether_Paper04_section09_R823_print_formatting_and_note_identity_defects_CODEX_ALERT.md; Web P04 deep-followup page audit and source/output renders","English/Germanic manager; custody accepted by LocalCodex","LocalCodex 2026-07-19 after Web bounded repair, exact-span comparison, source check, and render QA","The immutable intake initially recorded pending custody. This successor record documents later verified incorporation."
"N04-S09-SRCDEF-012","P04","p152 criteria","R823 print-formatting or note-apparatus transcription defect","criteria labels 1), 2), 3)","uncustomized labels 1., 2., 3.","Restore the original-print formatting/apparatus in the editable German body.","Preserve semantic emphasis and note identity where the target format permits; retain the adverse record for rebases.","resolved_r823_transcription_defect_body_repaired","Original Crelle pp152-154; manager alert BEDF1E7C...; Web deep-followup source pages","20260719_Noether_Paper04_section09_R823_print_formatting_and_note_identity_defects_CODEX_ALERT.md; Web P04 deep-followup page audit and source/output renders","English/Germanic manager; custody accepted by LocalCodex","LocalCodex 2026-07-19 after Web bounded repair, exact-span comparison, source check, and render QA","The immutable intake initially recorded pending custody. This successor record documents later verified incorporation."
"N05-P316-R823-SPERRDRUCK-001","P05","printed p316; inherited R823 line 4523; successor line 4508","R823_formatting_source_transcription_defect","three continuous Sperrdruck spans with exact source endpoints","same wording/math/punctuation with three controlled \emph spans","restore source Sperrdruck only","preserve emphasis or disclose equivalent target convention","resolved_in_authenticated_german_successor","GDZ native 600 ppi p316; complete article cutout","P05_printed_p316_GDZ600.jpg; P05_p316_confirmed_fixes.csv; exact diff; rendered p67","English/Germanic manager","LocalCodex independent source check and rendered integration","Prior complete-page audit missed this typography; current-head audit supersedes that no-mismatch ruling at this locus."
"LC-P02-028-001","P02","printed p28","inherited German transcription/layout defect: omitted schema continuation structure","matching upper and lower continuation stars; fifth continuation column; terminal row t_sigma^2(sigma tau x)^nu restored","upper continuation marker only; four effective continuation columns; terminal source row absent","Repair the editable German body to the original-print reading and structure.","Dependent translations must use the repaired structure/symbol and retain the defect record for rebases.","resolved_transcription_defect_body_repaired","Original Paper 2 scan; full page plus enlarged strips","full_650dpi/noether_paper02_printed_p028_650dpi.png; strips_1000dpi/noether_paper02_p028_slice1of3_1000dpi.png through slice3of3; output pp5-6","LocalCodex direct complete-page audit","LocalCodex 2026-07-19 source, build, and render check","high: the printed schema encodes continuation and membership relations"
"LC-P02-029-001","P02","printed p29","inherited German transcription/layout defect: flattened exceptional diagonal schema","two source-like diagonal arrays separated by centered bzw.","two exceptional diagonal families flattened into an ambiguous run","Repair the editable German body to the original-print reading and structure.","Dependent translations must use the repaired structure/symbol and retain the defect record for rebases.","resolved_transcription_defect_body_repaired","Original Paper 2 scan; full page plus enlarged strips","full p029 plus all three 1000dpi strips; output p6","LocalCodex direct complete-page audit","LocalCodex 2026-07-19 source, build, and render check","medium: preserves the source's two alternative indexed families"
"LC-P02-029-002","P02","printed p29","inherited German transcription/layout defect: lost prime on coefficient family","C'_{pr\varrho}","C_{pr\varrho}","Repair the editable German body to the original-print reading and structure.","Dependent translations must use the repaired structure/symbol and retain the defect record for rebases.","resolved_transcription_defect_body_repaired","Original Paper 2 scan; full page plus enlarged strips","p029 strip3 1000dpi; output p6 footnote","LocalCodex direct complete-page audit","LocalCodex 2026-07-19 source, build, and render check","high: changes the named coefficient family"
"LC-P02-029-003","P02","printed p29","inherited German transcription/layout defect: formula and apparatus fidelity","source multiplication dot, bold/italic heading structure, and page-local *)/**) identities restored","formula (I) lost an explicit multiplication dot; section title and page-local note identities normalized","Repair the editable German body to the original-print reading and structure.","Dependent translations must use the repaired structure/symbol and retain the defect record for rebases.","resolved_transcription_defect_body_repaired","Original Paper 2 scan; full page plus enlarged strips","full p029 plus all three strips; output p6","LocalCodex direct complete-page audit","LocalCodex 2026-07-19 source, build, and render check","medium: formula grouping plus source apparatus"
"LC-P02-030-001","P02","printed p30","inherited German transcription/layout defect: formula and note-apparatus fidelity","source dot and page-local Gordan *) marker at the source locus restored","first polar formula lost its centered multiplication dot; Gordan note was detached from its source call","Repair the editable German body to the original-print reading and structure.","Dependent translations must use the repaired structure/symbol and retain the defect record for rebases.","resolved_transcription_defect_body_repaired","Original Paper 2 scan; full page plus enlarged strips","full p030 plus all three strips; output p7","LocalCodex direct complete-page audit","LocalCodex 2026-07-19 source, build, and render check","medium: product notation and note identity"
"LC-P02-031-001","P02","printed p31","inherited German transcription/layout defect: dense multiplication-dot family normalized away","all source-visible centered multiplication dots restored throughout formula (II) and its lead-in/continuation","explicit centered products around c_{r\varrho}, v_x^r, u_x, coefficient sums, and v_x^{r-1} were printed without their source dots","Repair the editable German body to the original-print reading and structure.","Dependent translations must use the repaired structure/symbol and retain the defect record for rebases.","resolved_transcription_defect_body_repaired","Original Paper 2 scan; full page plus enlarged strips","full p031 plus all three strips; output pp7-8","LocalCodex direct complete-page audit","LocalCodex 2026-07-19 source, build, and render check","medium-high: preserves factor boundaries in a dense recurrence"
"LC-P02-032-001","P02","printed p32","inherited German transcription/layout defect: formula, heading, and apparatus fidelity","source dots, heading hierarchy, note identities, and label typography restored","formula (III) product dots, section-heading hierarchy, page-local note identities, and upright Definition/Satz labels were normalized","Repair the editable German body to the original-print reading and structure.","Dependent translations must use the repaired structure/symbol and retain the defect record for rebases.","resolved_transcription_defect_body_repaired","Original Paper 2 scan; full page plus enlarged strips","full p032 plus all three strips; output p8","LocalCodex direct complete-page audit","LocalCodex 2026-07-19 source, build, and render check","medium: formula grouping and structural source fidelity"
"LC-P02-033-001","P02","printed p33","inherited German transcription/layout defect: wrong exponent","a_eta^3","a_eta^4","Repair the editable German body to the original-print reading and structure.","Dependent translations must use the repaired structure/symbol and retain the defect record for rebases.","resolved_transcription_defect_body_repaired","Original Paper 2 scan; full page plus enlarged strips","strips_1000dpi/noether_paper02_p033_slice3of3_1000dpi.png; output pp8-9","LocalCodex direct complete-page audit","LocalCodex 2026-07-19 source, build, and render check","high: changes the degree of the displayed invariant factor"
"LC-P02-033-002","P02","printed p33","inherited German transcription/layout defect: prose and apparatus fidelity","source *)/**) identities, bold Beweis, and source emphasis restored","source note markers, bold Beweis label, and first doppelte Reduktion emphasis absent","Repair the editable German body to the original-print reading and structure.","Dependent translations must use the repaired structure/symbol and retain the defect record for rebases.","resolved_transcription_defect_body_repaired","Original Paper 2 scan; full page plus enlarged strips","full p033 plus all three strips; output pp8-9","LocalCodex direct complete-page audit","LocalCodex 2026-07-19 source, build, and render check","low mathematical force; high provenance value"
"LC-P02-034-001","P02","printed p34","inherited German transcription/layout defect: dense product and emphasis fidelity","all source-visible dots, emphasis, and page-local *) identity restored","explicit centered dots in six product loci and source emphasis on nichtlinearen/Glied were absent; source note identity normalized","Repair the editable German body to the original-print reading and structure.","Dependent translations must use the repaired structure/symbol and retain the defect record for rebases.","resolved_transcription_defect_body_repaired","Original Paper 2 scan; full page plus enlarged strips","full p034 plus all three strips; output pp9-10","LocalCodex direct complete-page audit","LocalCodex 2026-07-19 source, build, and render check","medium: preserves product boundaries in two displayed identities"
"W04-P04-001","P04","printed p126; P04_p126_source_native.jpg","R823/current-head source transcription defect: inequality equality-stroke fidelity","\sigma\geqq\tau","\sigma\geq\tau","Repair the editable German body to the original-print reading.","Dependent translations must preserve the corrected distinction; do not inherit the superseded German reading.","resolved_transcription_defect_body_repaired","Original Crelle Paper 4 source pages; Web independent full-page audit; LocalCodex bounded merge and spot-adjudication","P04_p126_source_native.jpg; Web_P04_p118_143_confirmed_fixes.csv","Web Pro current-head audit","LocalCodex 2026-07-19 content-survival, source, build, and render check","The source uses the double-stroke non-strict sign in the Defekt-der-Faltung sentence."
"W04-P04-002","P04","printed p129; P04_p129_source_native.jpg","R823/current-head source transcription defect: inequality endpoint glyph","\rho\leqq n","\rho\leq n","Repair the editable German body to the original-print reading.","Dependent translations must preserve the corrected distinction; do not inherit the superseded German reading.","resolved_transcription_defect_body_repaired","Original Crelle Paper 4 source pages; Web independent full-page audit; LocalCodex bounded merge and spot-adjudication","P04_p129_source_native.jpg; Web_P04_p118_143_confirmed_fixes.csv","Web Pro current-head audit","LocalCodex 2026-07-19 content-survival, source, build, and render check","The endpoint is source-visible and mathematically controls the number of expressions."
"W04-P04-003","P04","printed p130; P04_p130_source_native.jpg","R823/current-head source transcription defect: formula (18) inequality endpoint glyph","\rho_1+...+\rho_k\leqq n","\rho_1+...+\rho_k\le n","Repair the editable German body to the original-print reading.","Dependent translations must preserve the corrected distinction; do not inherit the superseded German reading.","resolved_transcription_defect_body_repaired","Original Crelle Paper 4 source pages; Web independent full-page audit; LocalCodex bounded merge and spot-adjudication","P04_p130_source_native.jpg; Web_P04_p118_143_confirmed_fixes.csv","Web Pro current-head audit","LocalCodex 2026-07-19 content-survival, source, build, and render check","Exact source equality stroke restored."
"W04-P04-004","P04","printed p131; P04_p131_source_native.jpg","R823/current-head source transcription defect: ordered-range equality strokes","\rho\leqq\tau\leqq\sigma","\rho\le\tau\le\sigma","Repair the editable German body to the original-print reading.","Dependent translations must preserve the corrected distinction; do not inherit the superseded German reading.","resolved_transcription_defect_body_repaired","Original Crelle Paper 4 source pages; Web independent full-page audit; LocalCodex bounded merge and spot-adjudication","P04_p131_source_native.jpg; Web_P04_p118_143_confirmed_fixes.csv","Web Pro current-head audit","LocalCodex 2026-07-19 content-survival, source, build, and render check","Exact source non-strict ordered range restored."
"W04-P04-005","P04","printed p132; P04_p132_source_native.jpg","R823/current-head source transcription defect: lexical compound boundary","Schlu\ss ausdr\""ucken","Schlu\ss{} ausdr\""ucken","Repair the editable German body to the original-print reading.","Dependent translations must preserve the corrected distinction; do not inherit the superseded German reading.","resolved_transcription_defect_body_repaired","Original Crelle Paper 4 source pages; Web independent full-page audit; LocalCodex bounded merge and spot-adjudication","P04_p132_source_native.jpg; Web_P04_p118_143_confirmed_fixes.csv","Web Pro current-head audit","LocalCodex 2026-07-19 content-survival, source, build, and render check","Source prints Schlußausdrücken as one compound."
"W04-P04-006","P04","printed p132; P04_p132_source_native.jpg","R823/current-head source transcription defect: four-case partition equality strokes","\leqq/\geqq source glyphs","\le/\ge normalized glyphs","Repair the editable German body to the original-print reading.","Dependent translations must preserve the corrected distinction; do not inherit the superseded German reading.","resolved_transcription_defect_body_repaired","Original Crelle Paper 4 source pages; Web independent full-page audit; LocalCodex bounded merge and spot-adjudication","P04_p132_source_native.jpg; Web_P04_p118_143_confirmed_fixes.csv","Web Pro current-head audit","LocalCodex 2026-07-19 content-survival, source, build, and render check","All non-strict boundaries restored; case 3 remains strict tau>sigma under the documented editorial ruling."
"W04-P04-007","P04","printed p132; P04_p132_source_native.jpg","R823/current-head source transcription defect: relation-(23) continuation inequality glyph","\tau\leqq\sigma","\tau\le\sigma","Repair the editable German body to the original-print reading.","Dependent translations must preserve the corrected distinction; do not inherit the superseded German reading.","resolved_transcription_defect_body_repaired","Original Crelle Paper 4 source pages; Web independent full-page audit; LocalCodex bounded merge and spot-adjudication","P04_p132_source_native.jpg; Web_P04_p118_143_confirmed_fixes.csv","Web Pro current-head audit","LocalCodex 2026-07-19 content-survival, source, build, and render check","Exact source equality stroke restored after independent relation-(23) collation."
"W04-P04-008","P04","printed p133; P04_p133_source_native.jpg","R823/current-head source transcription defect: index-bound and continuation equality strokes","i_alpha\leqq tau; tau\leqq rho","i_alpha\le tau; tau\le rho","Repair the editable German body to the original-print reading.","Dependent translations must preserve the corrected distinction; do not inherit the superseded German reading.","resolved_transcription_defect_body_repaired","Original Crelle Paper 4 source pages; Web independent full-page audit; LocalCodex bounded merge and spot-adjudication","P04_p133_source_native.jpg; Web_P04_p118_143_confirmed_fixes.csv","Web Pro current-head audit","LocalCodex 2026-07-19 content-survival, source, build, and render check","Exact source equality strokes restored."
"W04-P04-009","P04","printed p133; P04_p133_source_native.jpg","R823/current-head source transcription defect: lexical compound boundary","two Schlu\ss ausdruck loci","two Schlu\ss{} ausdruck loci","Repair the editable German body to the original-print reading.","Dependent translations must preserve the corrected distinction; do not inherit the superseded German reading.","resolved_transcription_defect_body_repaired","Original Crelle Paper 4 source pages; Web independent full-page audit; LocalCodex bounded merge and spot-adjudication","P04_p133_source_native.jpg; Web_P04_p118_143_confirmed_fixes.csv","Web Pro current-head audit","LocalCodex 2026-07-19 content-survival, source, build, and render check","Source prints Schlußausdruck as one compound in both loci."
"W04-P04-010","P04","printed p135; P04_p135_source_native.jpg","R823/current-head source transcription defect: lexical compound boundary","two Schlu\ss ausdruck loci","two Schlu\ss{} ausdruck loci","Repair the editable German body to the original-print reading.","Dependent translations must preserve the corrected distinction; do not inherit the superseded German reading.","resolved_transcription_defect_body_repaired","Original Crelle Paper 4 source pages; Web independent full-page audit; LocalCodex bounded merge and spot-adjudication","P04_p135_source_native.jpg; Web_P04_p118_143_confirmed_fixes.csv","Web Pro current-head audit","LocalCodex 2026-07-19 content-survival, source, build, and render check","Source prints both Schlußausdruck occurrences as compounds; equation (35) itself remains under apparatus."
"W04-P04-011","P04","printed p139; P04_p139_source_native.jpg","R823/current-head source transcription defect: inequality equality-stroke fidelity","\sigma\geqq\tau","\sigma\ge\tau","Repair the editable German body to the original-print reading.","Dependent translations must preserve the corrected distinction; do not inherit the superseded German reading.","resolved_transcription_defect_body_repaired","Original Crelle Paper 4 source pages; Web independent full-page audit; LocalCodex bounded merge and spot-adjudication","P04_p139_source_native.jpg; Web_P04_p118_143_confirmed_fixes.csv","Web Pro current-head audit","LocalCodex 2026-07-19 content-survival, source, build, and render check","Exact source non-strict sign restored before formulas (41)-(43)."
"W04-P04-012","P04","printed p140; P04_p140_source_native.jpg","R823/current-head source transcription defect: formulae (44)-(45) equality strokes","\lambda\leqq...; \sigma\geqq\tau","\lambda\le...; \sigma\ge\tau","Repair the editable German body to the original-print reading.","Dependent translations must preserve the corrected distinction; do not inherit the superseded German reading.","resolved_transcription_defect_body_repaired","Original Crelle Paper 4 source pages; Web independent full-page audit; LocalCodex bounded merge and spot-adjudication","P04_p140_source_native.jpg; Web_P04_p118_143_confirmed_fixes.csv","Web Pro current-head audit","LocalCodex 2026-07-19 content-survival, source, build, and render check","Exact source inequality strokes restored."
"W04-P04-013","P04","printed p141; P04_p141_source_native.jpg","R823/current-head source transcription defect: formula (46) equality stroke","\sigma\geqq\tau","\sigma\ge\tau","Repair the editable German body to the original-print reading.","Dependent translations must preserve the corrected distinction; do not inherit the superseded German reading.","resolved_transcription_defect_body_repaired","Original Crelle Paper 4 source pages; Web independent full-page audit; LocalCodex bounded merge and spot-adjudication","P04_p141_source_native.jpg; Web_P04_p118_143_confirmed_fixes.csv","Web Pro current-head audit","LocalCodex 2026-07-19 content-survival, source, build, and render check","Exact source non-strict sign restored."
"W04-P04-014","P04","printed p142; P04_p142_source_native.jpg","R823/current-head source transcription defect: series-range endpoint glyph","\rho\leqq n","\rho\le n","Repair the editable German body to the original-print reading.","Dependent translations must preserve the corrected distinction; do not inherit the superseded German reading.","resolved_transcription_defect_body_repaired","Original Crelle Paper 4 source pages; Web independent full-page audit; LocalCodex bounded merge and spot-adjudication","P04_p142_source_native.jpg; Web_P04_p118_143_confirmed_fixes.csv","Web Pro current-head audit","LocalCodex 2026-07-19 content-survival, source, build, and render check","Existing endpoint retained and exact source equality stroke restored. Cross-reference manager endpoint record N04-S07-SRCDEF-005."
"W04-P04-015","P04","printed p142; P04_p142_source_native.jpg","R823/current-head source transcription defect: identity operator before formula (48)","f\equiv...","f=...","Repair the editable German body to the original-print reading.","Dependent translations must preserve the corrected distinction; do not inherit the superseded German reading.","resolved_transcription_defect_body_repaired","Original Crelle Paper 4 source pages; Web independent full-page audit; LocalCodex bounded merge and spot-adjudication","P04_p142_source_native.jpg; Web_P04_p118_143_confirmed_fixes.csv","Web Pro current-head audit","LocalCodex 2026-07-19 content-survival, source, build, and render check","The source uses the identity sign for the defining form family."
"W04-P04-016","P04","printed p142; P04_p142_source_native.jpg","R823/current-head source transcription defect: formula (48) altered equation structure","second line begins with =","second line joined by \cdot","Repair the editable German body to the original-print reading.","Dependent translations must preserve the corrected distinction; do not inherit the superseded German reading.","resolved_transcription_defect_body_repaired","Original Crelle Paper 4 source pages; Web independent full-page audit; LocalCodex bounded merge and spot-adjudication","P04_p142_source_native.jpg; Web_P04_p118_143_confirmed_fixes.csv","Web Pro current-head audit","LocalCodex 2026-07-19 content-survival, source, build, and render check","The print has two alternative equal expressions for (f), not multiplication of the two displayed lines."
"W04-P04-017","P04","printed p142; P04_p142_source_native.jpg","R823/current-head source transcription defect: formula (49) chain equality strokes","k_1\geqq k_2\geqq...\geqq k_n","k_1\ge k_2\ge...\ge k_n","Repair the editable German body to the original-print reading.","Dependent translations must preserve the corrected distinction; do not inherit the superseded German reading.","resolved_transcription_defect_body_repaired","Original Crelle Paper 4 source pages; Web independent full-page audit; LocalCodex bounded merge and spot-adjudication","P04_p142_source_native.jpg; Web_P04_p118_143_confirmed_fixes.csv","Web Pro current-head audit","LocalCodex 2026-07-19 content-survival, source, build, and render check","Exact source chain notation restored."
"W04-P04-018","P04","printed p143; P04_p143_source_native.jpg","R823/current-head source transcription defect: differential-proof range equality stroke","\sigma\geqq\tau","\sigma\ge\tau","Repair the editable German body to the original-print reading.","Dependent translations must preserve the corrected distinction; do not inherit the superseded German reading.","resolved_transcription_defect_body_repaired","Original Crelle Paper 4 source pages; Web independent full-page audit; LocalCodex bounded merge and spot-adjudication","P04_p143_source_native.jpg; Web_P04_p118_143_confirmed_fixes.csv","Web Pro current-head audit","LocalCodex 2026-07-19 content-survival, source, build, and render check","Exact source non-strict sign restored; dotted complementary-symbol family retained."
"LC-P02-035-001","P02","printed p35","inherited German transcription/layout defect: heading, formula number, and note identity","source heading hierarchy; formula (1.); page-local *) note","full-bold heading; formula (1); generic note number","Repair editable German to the original-print hierarchy and apparatus.","Dependent editions should preserve the repaired structure or disclose normalization.","resolved_transcription_defect_body_repaired","Original Paper 2 publication scan, native 600 ppi","native p035; enlarged strips; output p9","LocalCodex direct complete-page audit","LocalCodex 2026-07-19 source/build/render check","No formula-body change."
"LC-P02-036-001","P02","printed p36","inherited German transcription defect: note mark misread as symbol","varphi_lambda followed by source *) Gordan note call","varphi_lambda^* with note detached to later prose","Remove the invented mathematical superscript and restore the page-local note at its source locus.","Downstream bodies must not translate or formalize a starred varphi_lambda here.","resolved_transcription_defect_body_repaired","Original Paper 2 publication scan, native 600 ppi","native p036; enlarged strips; output p10","LocalCodex direct complete-page audit","LocalCodex 2026-07-19 source/build/render check","High mathematical force."
"LC-P02-037-001","P02","printed p37","inherited German transcription defect: contracted hat scopes","pair-wide hats over xy, yz, zx","single-symbol hats over x, y, z","Restore all three source hat spans.","Dependent editions must preserve pair membership.","resolved_transcription_defect_body_repaired","Original Paper 2 publication scan, native 600 ppi","native p037; enlarged strips; output pp10-11","LocalCodex direct complete-page audit","LocalCodex 2026-07-19 source/build/render check","High mathematical force."
"LC-P02-038-001","P02","printed p38","inherited German apparatus defect: page-local note identity normalized","source *) cyclic-sum note","generic numeric note","Restore the source page-local marker.","Preserve note identity across page remapping.","resolved_transcription_defect_body_repaired","Original Paper 2 publication scan, native 600 ppi","native p038; enlarged strips; output p11","LocalCodex direct complete-page audit","LocalCodex 2026-07-19 source/build/render check","c_z^2 is a retained negative control."
"LC-P02-039-001","P02","printed p39","inherited German transcription defect: footnote/symbol and hat-scope conflation","source *) Gordan note; pair-wide hats over au","mathematical superscript star; hats over a alone","Separate the note call from mathematics and restore both hat spans.","Dependent editions must not invent a starred form.","resolved_transcription_defect_body_repaired","Original Paper 2 publication scan, native 600 ppi","native p039; enlarged strips; output p11","LocalCodex direct complete-page audit","LocalCodex 2026-07-19 source/build/render check","Distinct from the schema's continuation stars."
"LC-P02-039-002","P02","printed p39","inherited German transcription/layout defect: continuation schema flattened","two source formula groups linked by matching stars with separators, underlined members, and left labels","single vertical formula list with right-side tag","Restore the editable two-part schema and source grouping.","Translations should preserve the logical grouping even if typography is adapted.","resolved_transcription_defect_body_repaired","Original Paper 2 publication scan, native 600 ppi","native p039; enlarged strips; output p12","LocalCodex direct complete-page audit","LocalCodex 2026-07-19 source/build/render check","Mathematical content existed, but its source relation was obscured."
"LC-P02-040-001","P02","printed p40","inherited German transcription defect: missing exponent","a_y^2","a_y","Restore exponent 2.","Treat as a degree-changing correction in downstream editions.","resolved_transcription_defect_body_repaired","Original Paper 2 publication scan, native 600 ppi","native p040; enlarged strips; output p12","LocalCodex direct complete-page audit","LocalCodex 2026-07-19 source/build/render check","High mathematical force."
"LC-P02-040-002","P02","printed p40","inherited German layout/notation normalization","source 1)/2) labels; unparenthesized mod nu; source heading hierarchy","1./2.; pmod(nu); full-bold heading","Restore the source list, modulus notation, and hierarchy.","Downstream editions may modernize only with explicit policy.","resolved_transcription_defect_body_repaired","Original Paper 2 publication scan, native 600 ppi","native p040; enlarged strips; output p12","LocalCodex direct complete-page audit","LocalCodex 2026-07-19 source/build/render check","Five displayed mod-nu relations affected."
"LC-P02-041-001","P02","printed p41","inherited German layout/operator normalization in formula (3.)","left-side (3.) before b); underlined left members; i f","right-side automatic tag; no underlines; i dot f","Restore source formula grouping and visible operator choice.","Preserve formula-part identity across downstream layouts.","resolved_transcription_defect_body_repaired","Original Paper 2 publication scan, native 600 ppi","native p041; enlarged strips; output p12","LocalCodex direct complete-page audit","LocalCodex 2026-07-19 source/build/render check","Coefficient values otherwise retained."
"LC-P02-041-002","P02","printed p41","inherited German transcription defect: wrong relation operator","equivalence/congruence sign","ordinary equality","Restore the source relation operator.","Dependent editions must not strengthen the statement to equality.","resolved_transcription_defect_body_repaired","Original Paper 2 publication scan, native 600 ppi","native p041; enlarged strips; output p13","LocalCodex direct complete-page audit","LocalCodex 2026-07-19 source/build/render check","High mathematical force."
"LC-P02-045-PARTIAL-001","P02","printed p45 note after mod-nu formula","inherited German apparatus defect: source star normalized to global numeric note","page-local *) Gordan--Kerschensteiner note","generic numeric footnote","Restore the exact source marker at this bounded locus; do not infer full-page closure.","Dependent editions should preserve the note association; full p45 remains in the open audit band.","resolved_exact_locus_body_repaired_page_still_open","Original Paper 2 publication scan, native 600 ppi","native p045 boundary page; output p15","LocalCodex downstream render containment and direct source check","LocalCodex 2026-07-19 exact-locus/build/render check","Found because corrected earlier star notes changed the inherited global counter and exposed an out-of-scope render delta."
"LC-P02-055-PARTIAL-001","P02","printed p55 note after Nach dem Ansatz","inherited German apparatus defect: source star normalized to global numeric note","page-local *) explanatory note","generic numeric footnote","Restore the exact source marker at this bounded locus; do not infer full-page closure.","Dependent editions should preserve the note association; full p55 remains in the open audit band.","resolved_exact_locus_body_repaired_page_still_open","Original Paper 2 publication scan, native 600 ppi","native p055 boundary page; output p20","LocalCodex whole-document containment and direct source check","LocalCodex 2026-07-19 exact-locus/build/render check","Found because corrected earlier page-local notes exposed a later global-counter dependency."
"LC-P02-057-PARTIAL-001","P02","printed p57 formula (13.) note","inherited German apparatus defect: source note identity split between literal tag star and global numeric note text","formula label (13.) followed by page-local *) call and matching note text","literal star embedded in the formula tag plus generic footnotetext","Restore one coherent source note call/text pair; do not infer full-page closure.","Dependent editions should preserve the formula-note association; full p57 remains in the open audit band.","resolved_exact_locus_body_repaired_page_still_open","Original Paper 2 publication scan, native 600 ppi","native p057 boundary page; output p22","LocalCodex whole-document containment and direct source check","LocalCodex 2026-07-19 exact-locus/build/render check","The source visibly prints (13.)*) and a *) note at the foot of the page."
"LC-P02-042-001","P02","printed p42","inherited German transcription/layout defect: hat scope and expression hierarchy","pair-wide hat over ub^2; underlined principal expressions 1)-2)","unaccented ub^2; principal expressions unmarked","Restore the source hat span and both underlines in editable German.","Dependent editions must preserve the contraction scope; underlining may be represented by an equivalent disclosed hierarchy only if required by house style.","resolved_transcription_defect_body_repaired","Original Paper 2 publication scan, native 600 ppi","native p042; enlarged strips; output p13","LocalCodex direct complete-page audit","LocalCodex 2026-07-19 source/build/render check","Mathematically significant hat scope."
"LC-P02-043-001","P02","printed p43","inherited German transcription/layout defect: hat scope and expression hierarchy","pair-wide hat over ub^2; underlined principal expressions 3)-9)","unaccented ub^2; principal expressions unmarked","Restore the source hat span and all seven underlines in editable German.","Dependent editions must preserve the contraction scope; underlining may be represented by an equivalent disclosed hierarchy only if required by house style.","resolved_transcription_defect_body_repaired","Original Paper 2 publication scan, native 600 ppi","native p043; enlarged strips; output pp13-14","LocalCodex direct complete-page audit","LocalCodex 2026-07-19 source/build/render check","Mathematically significant hat scope."
"LC-P02-045-001","P02","printed p45, Section 7 heading","inherited German typographic hierarchy defect","upright bold section number with italic title","entire heading bold upright","Restore the original heading hierarchy.","Translation bodies should retain an equivalent distinction between section number and title.","resolved_transcription_defect_body_repaired","Original Paper 2 publication scan, native 600 ppi","native p045; enlarged strips; output p15","LocalCodex direct complete-page audit","LocalCodex 2026-07-19 source/build/render check","Existing source note apparatus retained."
"LC-P02-047-001","P02","printed p47, formula (6.)","inherited German mathematical transcription defect: product split","s_nu^3 u_nu s_x = 1/3 u_x s_nu^4 = 1/3 J u_x","s_nu^3, u_nu s_x = 1/3 u_x s_nu^4 = 1/3 J u_x","Delete the non-source comma and restore the single product identity.","All dependent editions and formalizations must use the continuous product.","resolved_transcription_defect_body_repaired","Original Paper 2 publication scan, native 600 ppi","native p047; enlarged strips; output p16","LocalCodex direct complete-page audit","LocalCodex 2026-07-19 source/build/render check","Substantive mathematical correction."
"LC-P02-048-001","P02","printed p48, Sections 8-9 headings","inherited German typographic hierarchy defect","upright bold section numbers with italic titles","entire headings bold upright","Restore both original heading hierarchies.","Translation bodies should retain equivalent distinctions.","resolved_transcription_defect_body_repaired","Original Paper 2 publication scan, native 600 ppi","native p048; enlarged strips; output pp16-17","LocalCodex direct complete-page audit","LocalCodex 2026-07-19 source/build/render check","Formulae (7.)-(9.) otherwise source-matched."
"LC-P02-049-001","P02","printed p49, Section 10 heading","inherited German typographic hierarchy defect","upright bold section number with italic title","entire heading bold upright","Restore the original heading hierarchy.","Translation bodies should retain an equivalent distinction.","resolved_transcription_defect_body_repaired","Original Paper 2 publication scan, native 600 ppi","native p049; enlarged strips; output p17","LocalCodex direct complete-page audit","LocalCodex 2026-07-19 source/build/render check","Dense mathematical body otherwise source-matched."
